; generated by PrusaSlicer 2.7.1+win64 on 2026-03-16 at 23:21:04 UTC

; 

; external perimeters extrusion width = 0.42mm
; perimeters extrusion width = 0.45mm
; infill extrusion width = 0.45mm
; solid infill extrusion width = 0.45mm
; top infill extrusion width = 0.42mm
; support material extrusion width = 0.37mm
; first layer extrusion width = 0.45mm

M73 P0 R14
M73 Q0 S14
;TYPE:Custom
M115 U3.7.1 ; tell printer latest fw version
G90 ; use absolute coordinates
M83 ; extruder relative mode
M104 S215 ; set extruder temp
M140 S60 ; set bed temp
M190 S60 ; wait for bed temp
M109 S215 ; wait for extruder temp
G28 W ; home all without mesh bed level
G80 ; mesh bed leveling
G1 Y-3.0 F1000.0 ; go outside print area
G92 E0.0
G1 X60.0 E9.0 F1000.0 ; intro line
G1 X100.0 E12.5 F1000.0 ; intro line
G92 E0.0
M221 S95
G21 ; set units to millimeters
G90 ; use absolute coordinates
M83 ; use relative distances for extrusion
M900 K30 ; Filament gcode
M107
;LAYER_CHANGE
;Z:0.2
;HEIGHT:0.2
;BEFORE_LAYER_CHANGE
G92 E0.0
;0.2


G1 E-.8 F2100
G1 Z.2 F7200
;AFTER_LAYER_CHANGE
;0.2
G1 X131.266 Y111.266
G1 Z.2
G1 E.8 F2100
M204 S1000
;TYPE:Support material
;WIDTH:0.45
G1 F1200
G1 X118.734 Y111.266 E.42419
G1 X118.734 Y98.734 E.42419
G1 X131.266 Y98.734 E.42419
G1 X131.266 Y111.204 E.42209
M73 P1 R14
M73 Q1 S14
G1 X130.88 Y111.082 F7200
G1 F1200
G1 X130.88 Y99.101 E.40554
G1 X130.428 Y99.101 E.0153
G1 X130.428 Y110.899 E.39935
G1 X129.975 Y110.899 E.01533
G1 X129.975 Y99.101 E.39935
G1 X129.523 Y99.101 E.0153
G1 X129.523 Y110.899 E.39935
G1 X129.071 Y110.899 E.0153
G1 X129.071 Y99.101 E.39935
G1 X128.618 Y99.101 E.01533
G1 X128.618 Y110.899 E.39935
G1 X128.166 Y110.899 E.0153
G1 X128.166 Y99.101 E.39935
G1 X127.714 Y99.101 E.0153
G1 X127.714 Y110.899 E.39935
G1 X127.262 Y110.899 E.0153
G1 X127.262 Y99.101 E.39935
G1 X126.809 Y99.101 E.01533
G1 X126.809 Y110.899 E.39935
G1 X126.357 Y110.899 E.0153
G1 X126.357 Y99.101 E.39935
G1 X125.905 Y99.101 E.0153
G1 X125.905 Y110.899 E.39935
G1 X125.452 Y110.899 E.01533
G1 X125.452 Y99.101 E.39935
G1 X125 Y99.101 E.0153
M73 P2 R14
M73 Q2 S14
G1 X125 Y110.899 E.39935
G1 X124.548 Y110.899 E.0153
G1 X124.548 Y99.101 E.39935
G1 X124.095 Y99.101 E.01533
G1 X124.095 Y110.899 E.39935
G1 X123.643 Y110.899 E.0153
G1 X123.643 Y99.101 E.39935
G1 X123.191 Y99.101 E.0153
G1 X123.191 Y110.899 E.39935
G1 X122.738 Y110.899 E.01533
G1 X122.738 Y99.101 E.39935
G1 X122.286 Y99.101 E.0153
G1 X122.286 Y110.899 E.39935
G1 X121.834 Y110.899 E.0153
G1 X121.834 Y99.101 E.39935
G1 X121.382 Y99.101 E.0153
G1 X121.382 Y110.899 E.39935
G1 X120.929 Y110.899 E.01533
G1 X120.929 Y99.101 E.39935
G1 X120.477 Y99.101 E.0153
G1 X120.477 Y110.899 E.39935
G1 X120.025 Y110.899 E.0153
G1 X120.025 Y99.101 E.39935
G1 X119.572 Y99.101 E.01533
G1 X119.572 Y110.899 E.39935
G1 X119.12 Y110.899 E.0153
G1 X119.12 Y98.918 E.40554
;WIPE_START
G1 F5760
M73 P3 R14
M73 Q3 S14
G1 X119.12 Y101.228 E-.8
;WIPE_END
G1 Z.8 F7200
G1 X133.62 Y96.506
G1 Z.2
G1 E.8 F2100
;TYPE:External perimeter
;WIDTH:0.577627
G1 F1200
G1 X133.696 Y96.753 E.01149
;WIDTH:0.554656
G1 X133.712 Y97.005 E.01074
;WIDTH:0.52146
G1 X133.712 Y112.995 E.63625
;WIDTH:0.554656
G1 X133.696 Y113.247 E.01074
;WIDTH:0.577627
G1 X133.62 Y113.494 E.01149
G1 X133.449 Y113.65 E.01029
;WIDTH:0.577183
G1 X133.222 Y113.681 E.01018
;WIDTH:0.549322
G1 X132.995 Y113.712 E.00965
;WIDTH:0.52146
G1 X117.005 Y113.712 E.63625
;WIDTH:0.554654
G1 X116.753 Y113.696 E.01074
;WIDTH:0.577628
G1 X116.506 Y113.62 E.01149
G1 X116.35 Y113.449 E.01029
;WIDTH:0.577185
G1 X116.319 Y113.222 E.01018
;WIDTH:0.549323
G1 X116.288 Y112.995 E.00965
;WIDTH:0.52146
G1 X116.288 Y97.005 E.63625
;WIDTH:0.554655
G1 X116.304 Y96.753 E.01074
;WIDTH:0.577628
G1 X116.38 Y96.506 E.01149
G1 X116.551 Y96.35 E.01029
;WIDTH:0.577186
G1 X116.778 Y96.319 E.01018
;WIDTH:0.549319
G1 X117.005 Y96.288 E.00965
;WIDTH:0.521452
G1 X132.995 Y96.288 E.63624
;WIDTH:0.549072
G1 X133.222 Y96.319 E.00964
;WIDTH:0.577134
G1 X133.449 Y96.35 E.01018
;WIDTH:0.577627
G1 X133.576 Y96.466 E.00765
G1 X133.21 Y96.911 F7200
;WIDTH:0.550942
G1 F1200
G1 X133.234 Y97.005 E.0041
;WIDTH:0.52146
G1 X133.234 Y112.995 E.63625
;WIDTH:0.550941
G1 X133.21 Y113.089 E.0041
;WIDTH:0.580422
G1 X133.186 Y113.184 E.00438
G1 X133.09 Y113.209 E.00443
;WIDTH:0.550941
G1 X132.995 Y113.234 E.00415
;WIDTH:0.52146
G1 X117.005 Y113.234 E.63625
;WIDTH:0.55029
G1 X116.909 Y113.207 E.00421
;WIDTH:0.579119
G1 X116.812 Y113.18 E.00449
G1 X116.789 Y113.087 E.00427
;WIDTH:0.55029
G1 X116.766 Y112.995 E.004
;WIDTH:0.52146
G1 X116.766 Y97.005 E.63625
;WIDTH:0.55029
G1 X116.793 Y96.909 E.00421
;WIDTH:0.579119
G1 X116.82 Y96.812 E.00449
G1 X116.913 Y96.789 E.00427
;WIDTH:0.550286
G1 X117.005 Y96.766 E.004
;WIDTH:0.521452
G1 X132.995 Y96.766 E.63624
;WIDTH:0.550717
G1 X133.09 Y96.791 E.00415
;WIDTH:0.580423
G1 X133.186 Y96.816 E.00443
G1 X133.195 Y96.853 E.0017
M106 S255
;LAYER_CHANGE
;Z:0.4
;HEIGHT:0.2
;BEFORE_LAYER_CHANGE
G92 E0.0
;0.4


;WIPE_START
G1 F5760
G1 X133.21 Y96.911 E-.02075
G1 X133.234 Y97.005 E-.0336
;WIPE_END
G1 E-.74565 F2100
G1 Z.4 F7200
;AFTER_LAYER_CHANGE
;0.4
M104 S210 ; set temperature
G1 Z1
G1 X122.509 Y101.673
G1 Z.4
G1 E.8 F2100
;TYPE:Support material interface
;WIDTH:0.37
G1 F900
G1 X121.673 Y101.673 E.02274
G1 X121.673 Y108.327 E.18097
G1 X122.673 Y108.327 E.0272
G1 X122.673 Y101.673 E.18097
G1 X124.836 Y101.673 E.05883
M73 P4 R14
M73 Q4 S14
;WIPE_START
G1 F5760
G1 X122.673 Y101.673 E-.74916
G1 X122.673 Y101.82 E-.05084
;WIPE_END
G1 Z1 F7200
G1 X127.491 Y101.673
G1 Z.4
G1 E.8 F2100
G1 F900
G1 X128.327 Y101.673 E.02274
G1 X128.327 Y108.327 E.18097
G1 X127.327 Y108.327 E.0272
G1 X127.327 Y101.673 E.18097
G1 X125 Y101.673 E.06329
G1 X125 Y108.327 E.18097
G1 X122.836 Y108.327 E.05885
;WIPE_START
G1 F5760
G1 X125 Y108.327 E-.74951
G1 X125 Y108.181 E-.05049
;WIPE_END
G1 Z1 F7200
G1 X133.598 Y96.61
G1 Z.4
G1 E.8 F2100
M204 S820
;TYPE:External perimeter
;WIDTH:0.573546
G1 F900
G1 X133.6 Y96.614 E.0002
;WIDTH:0.571304
G1 X133.642 Y96.808 E.00872
;WIDTH:0.554453
G1 X133.659 Y97.059 E.0107
;WIDTH:0.52146
G1 X133.659 Y112.941 E.63196
;WIDTH:0.571303
G1 X133.613 Y113.322 E.01686
;WIDTH:0.575296
G1 X133.497 Y113.511 E.00982
G1 X133.348 Y113.612 E.00797
;WIDTH:0.568946
G1 X132.941 Y113.659 E.01792
;WIDTH:0.52146
G1 X117.059 Y113.659 E.63196
;WIDTH:0.571304
G1 X116.678 Y113.613 E.01686
;WIDTH:0.575482
G1 X116.488 Y113.495 E.0099
G1 X116.388 Y113.348 E.00787
;WIDTH:0.568945
G1 X116.341 Y112.941 E.01792
;WIDTH:0.52146
G1 X116.341 Y97.059 E.63196
;WIDTH:0.571304
G1 X116.387 Y96.678 E.01686
;WIDTH:0.575481
G1 X116.505 Y96.488 E.0099
G1 X116.652 Y96.388 E.00787
;WIDTH:0.568944
G1 X117.059 Y96.341 E.01792
;WIDTH:0.521435
G1 X132.941 Y96.343 E.63192
;WIDTH:0.551989
G1 X133.188 Y96.359 E.01048
;WIDTH:0.573546
G1 X133.462 Y96.445 E.01267
G1 X133.56 Y96.564 E.0068
M204 S1000
G1 X133.152 Y96.963 F7200
M204 S820
;WIDTH:0.547503
G1 F900
G1 X133.18 Y97.059 E.0042
;WIDTH:0.52146
G1 X133.18 Y112.941 E.63196
;WIDTH:0.571293
G1 X133.146 Y113.108 E.00749
G1 X133.079 Y113.16 E.00373
;WIDTH:0.561284
G1 X132.941 Y113.18 E.00601
;WIDTH:0.52146
G1 X117.059 Y113.18 E.63196
;WIDTH:0.554456
G1 X116.933 Y113.164 E.0054
M73 P5 R14
M73 Q5 S14
;WIDTH:0.561288
G1 X116.84 Y113.079 E.00543
G1 X116.82 Y112.941 E.00601
;WIDTH:0.52146
G1 X116.82 Y97.059 E.63196
;WIDTH:0.571296
G1 X116.854 Y96.892 E.00749
G1 X116.921 Y96.84 E.00373
;WIDTH:0.561299
G1 X117.059 Y96.82 E.00601
;WIDTH:0.521435
G1 X132.941 Y96.82 E.63192
;WIDTH:0.546829
G1 X133.032 Y96.843 E.00393
;WIDTH:0.573546
G1 X133.124 Y96.866 E.00418
G1 X133.135 Y96.905 E.00179
M204 S1000
;LAYER_CHANGE
;Z:0.6
;HEIGHT:0.2
;BEFORE_LAYER_CHANGE
G92 E0.0
;0.6


;WIPE_START
G1 F5760
G1 X133.152 Y96.963 E-.02093
G1 X133.18 Y97.059 E-.03464
;WIPE_END
G1 E-.74443 F2100
G1 Z.6 F7200
;AFTER_LAYER_CHANGE
;0.6
G1 Z1.2
G1 X122.509 Y101.673
G1 Z.6
G1 E.8 F2100
;TYPE:Support material interface
;WIDTH:0.37
G1 F900
G1 X121.673 Y101.673 E.02274
G1 X121.673 Y108.327 E.18097
G1 X122.673 Y108.327 E.0272
G1 X122.673 Y101.673 E.18097
G1 X124.836 Y101.673 E.05883
;WIPE_START
G1 F5760
G1 X122.673 Y101.673 E-.74916
G1 X122.673 Y101.82 E-.05084
;WIPE_END
G1 Z1.2 F7200
G1 X127.491 Y101.673
G1 Z.6
G1 E.8 F2100
G1 F900
G1 X128.327 Y101.673 E.02274
G1 X128.327 Y108.327 E.18097
G1 X127.327 Y108.327 E.0272
G1 X127.327 Y101.673 E.18097
G1 X125 Y101.673 E.06329
G1 X125 Y108.327 E.18097
G1 X122.836 Y108.327 E.05885
;WIPE_START
G1 F5760
G1 X125 Y108.327 E-.74951
G1 X125 Y108.181 E-.05049
M73 P5 R13
;WIPE_END
G1 Z1.2 F7200
G1 X133.542 Y96.66
G1 Z.6
G1 E.8 F2100
M204 S820
;TYPE:External perimeter
;WIDTH:0.574117
G1 F900
G1 X133.545 Y96.664 E.00022
;WIDTH:0.571919
G1 X133.589 Y96.862 E.00892
;WIDTH:0.554235
G1 X133.605 Y97.113 E.01069
;WIDTH:0.52146
G1 X133.605 Y112.887 E.62766
;WIDTH:0.54669
G1 X133.582 Y113.08 E.00814
M73 Q5 S13
;WIDTH:0.571919
G1 X133.558 Y113.272 E.00851
;WIDTH:0.575838
G1 X133.445 Y113.457 E.00961
G1 X133.296 Y113.558 E.00798
;WIDTH:0.568863
G1 X132.887 Y113.605 E.018
;WIDTH:0.52146
G1 X117.113 Y113.605 E.62766
;WIDTH:0.54669
G1 X116.92 Y113.582 E.00814
M73 P6 R13
M73 Q6 S13
;WIDTH:0.57192
G1 X116.728 Y113.558 E.00851
;WIDTH:0.575839
G1 X116.543 Y113.445 E.00961
G1 X116.442 Y113.296 E.00798
;WIDTH:0.568864
G1 X116.395 Y112.887 E.018
;WIDTH:0.52146
G1 X116.395 Y97.113 E.62766
;WIDTH:0.54669
G1 X116.418 Y96.92 E.00814
;WIDTH:0.57192
G1 X116.442 Y96.728 E.00851
;WIDTH:0.575839
G1 X116.555 Y96.543 E.00961
G1 X116.704 Y96.442 E.00798
;WIDTH:0.568864
G1 X117.113 Y96.395 E.018
;WIDTH:0.521418
G1 X132.888 Y96.398 E.62764
;WIDTH:0.554469
G1 X133.147 Y96.416 E.01104
;WIDTH:0.574117
G1 X133.411 Y96.5 E.01224
G1 X133.504 Y96.613 E.00646
M204 S1000
G1 X133.099 Y97.016 F7200
M204 S820
;WIDTH:0.547789
G1 F900
G1 X133.127 Y97.113 E.00424
;WIDTH:0.52146
G1 X133.127 Y112.887 E.62766
;WIDTH:0.546689
G1 X133.11 Y112.971 E.00359
;WIDTH:0.571918
G1 X133.093 Y113.054 E.00373
G1 X133.025 Y113.107 E.00379
;WIDTH:0.561162
G1 X132.887 Y113.127 E.00601
;WIDTH:0.52146
G1 X117.113 Y113.127 E.62766
;WIDTH:0.554236
G1 X116.987 Y113.11 E.00541
;WIDTH:0.561163
G1 X116.893 Y113.025 E.00546
G1 X116.873 Y112.887 E.00601
;WIDTH:0.52146
G1 X116.873 Y97.113 E.62766
;WIDTH:0.54669
G1 X116.89 Y97.029 E.00359
;WIDTH:0.57192
G1 X116.907 Y96.946 E.00373
G1 X116.975 Y96.893 E.00379
;WIDTH:0.561181
G1 X117.113 Y96.873 E.00601
;WIDTH:0.521418
G1 X132.887 Y96.874 E.6276
;WIDTH:0.546666
G1 X132.979 Y96.897 E.00397
;WIDTH:0.574117
G1 X133.071 Y96.92 E.00419
G1 X133.082 Y96.959 E.00179
M204 S1000
;LAYER_CHANGE
;Z:0.8
;HEIGHT:0.2
;BEFORE_LAYER_CHANGE
G92 E0.0
;0.8


;WIPE_START
G1 F5760
G1 X133.099 Y97.016 E-.0206
G1 X133.127 Y97.113 E-.03497
;WIPE_END
G1 E-.74443 F2100
G1 Z.8 F7200
;AFTER_LAYER_CHANGE
;0.8
G1 Z1.4
G1 X122.509 Y101.673
G1 Z.8
G1 E.8 F2100
;TYPE:Support material interface
;WIDTH:0.37
G1 F900
G1 X121.673 Y101.673 E.02274
G1 X121.673 Y108.327 E.18097
G1 X122.673 Y108.327 E.0272
G1 X122.673 Y101.673 E.18097
G1 X124.836 Y101.673 E.05883
;WIPE_START
G1 F5760
M73 Q7 S13
G1 X122.673 Y101.673 E-.74916
G1 X122.673 Y101.82 E-.05084
M73 P7 R13
;WIPE_END
G1 Z1.4 F7200
G1 X127.491 Y101.673
G1 Z.8
G1 E.8 F2100
G1 F900
G1 X128.327 Y101.673 E.02274
G1 X128.327 Y108.327 E.18097
G1 X127.327 Y108.327 E.0272
G1 X127.327 Y101.673 E.18097
G1 X125 Y101.673 E.06329
G1 X125 Y108.327 E.18097
G1 X122.836 Y108.327 E.05885
;WIPE_START
G1 F5760
G1 X125 Y108.327 E-.74951
G1 X125 Y108.181 E-.05049
;WIPE_END
G1 Z1.4 F7200
G1 X133.486 Y96.709
G1 Z.8
G1 E.8 F2100
M204 S820
;TYPE:External perimeter
;WIDTH:0.57471
G1 F900
G1 X133.49 Y96.714 E.00028
;WIDTH:0.572551
G1 X133.535 Y96.916 E.00911
;WIDTH:0.554023
G1 X133.552 Y97.166 E.01065
;WIDTH:0.52146
G1 X133.552 Y112.834 E.62344
;WIDTH:0.547006
G1 X133.527 Y113.028 E.0082
;WIDTH:0.572552
G1 X133.503 Y113.223 E.00865
;WIDTH:0.576203
G1 X133.395 Y113.401 E.00923
G1 X133.244 Y113.503 E.00808
;WIDTH:0.568799
G1 X132.834 Y113.552 E.01806
;WIDTH:0.52146
G1 X117.166 Y113.552 E.62344
;WIDTH:0.547006
G1 X116.972 Y113.527 E.0082
;WIDTH:0.572552
G1 X116.777 Y113.503 E.00865
;WIDTH:0.576204
G1 X116.599 Y113.395 E.00923
G1 X116.497 Y113.244 E.00808
;WIDTH:0.568801
G1 X116.448 Y112.834 E.01806
;WIDTH:0.52146
G1 X116.448 Y97.166 E.62344
;WIDTH:0.547006
G1 X116.473 Y96.972 E.0082
;WIDTH:0.572552
G1 X116.497 Y96.777 E.00865
;WIDTH:0.576205
G1 X116.605 Y96.599 E.00923
G1 X116.756 Y96.497 E.00808
;WIDTH:0.5688
G1 X117.166 Y96.448 E.01806
;WIDTH:0.521401
G1 X132.834 Y96.453 E.62336
;WIDTH:0.557036
G1 X133.106 Y96.472 E.01166
;WIDTH:0.57471
G1 X133.361 Y96.556 E.01187
G1 X133.448 Y96.662 E.00606
M204 S1000
G1 X133.045 Y97.07 F7200
M204 S820
;WIDTH:0.548085
G1 F900
G1 X133.073 Y97.166 E.0042
;WIDTH:0.52146
G1 X133.073 Y112.834 E.62344
;WIDTH:0.547006
G1 X133.056 Y112.918 E.00359
;WIDTH:0.572552
G1 X133.039 Y113.002 E.00377
G1 X132.972 Y113.053 E.00371
;WIDTH:0.561041
G1 X132.834 Y113.073 E.00601
;WIDTH:0.52146
G1 X117.166 Y113.073 E.62344
;WIDTH:0.554022
G1 X117.041 Y113.057 E.00536
M73 P8 R13
M73 Q8 S13
;WIDTH:0.561042
G1 X116.947 Y112.972 E.00546
G1 X116.927 Y112.834 E.00601
;WIDTH:0.52146
G1 X116.927 Y97.166 E.62344
;WIDTH:0.548833
G1 X116.958 Y97.066 E.0044
;WIDTH:0.576205
G1 X116.989 Y96.967 E.0046
G1 X117.078 Y96.947 E.00404
;WIDTH:0.548803
G1 X117.166 Y96.927 E.0038
;WIDTH:0.521401
G1 X132.834 Y96.928 E.62336
;WIDTH:0.546516
G1 X132.926 Y96.951 E.00397
;WIDTH:0.57471
G1 X133.018 Y96.974 E.00419
G1 X133.029 Y97.012 E.00175
M204 S1000
;LAYER_CHANGE
;Z:1
;HEIGHT:0.2
;BEFORE_LAYER_CHANGE
G92 E0.0
;1


;WIPE_START
G1 F5760
G1 X133.045 Y97.07 E-.02084
G1 X133.073 Y97.166 E-.03464
;WIPE_END
G1 E-.74452 F2100
G1 Z1 F7200
;AFTER_LAYER_CHANGE
;1
G1 X133.429 Y96.757
G1 E.8 F2100
M204 S820
;WIDTH:0.575321
G1 F900
G1 X133.435 Y96.764 E.00041
;WIDTH:0.5732
G1 X133.482 Y96.971 E.00936
;WIDTH:0.553818
G1 X133.498 Y97.22 E.0106
;WIDTH:0.52146
G1 X133.498 Y112.78 E.61914
;WIDTH:0.54733
G1 X133.473 Y112.977 E.00833
;WIDTH:0.5732
G1 X133.448 Y113.173 E.00871
;WIDTH:0.576579
G1 X133.345 Y113.345 E.0089
G1 X133.192 Y113.449 E.00821
;WIDTH:0.568751
G1 X132.78 Y113.498 E.01814
;WIDTH:0.52146
G1 X117.22 Y113.498 E.61914
;WIDTH:0.547331
G1 X117.023 Y113.473 E.00833
;WIDTH:0.573201
G1 X116.827 Y113.448 E.00871
;WIDTH:0.57658
G1 X116.655 Y113.345 E.0089
G1 X116.551 Y113.192 E.00821
;WIDTH:0.568752
G1 X116.502 Y112.78 E.01814
;WIDTH:0.52146
G1 X116.502 Y97.22 E.61914
;WIDTH:0.54733
G1 X116.527 Y97.023 E.00833
;WIDTH:0.5732
G1 X116.552 Y96.827 E.00871
;WIDTH:0.576579
G1 X116.655 Y96.655 E.0089
G1 X116.808 Y96.551 E.00821
;WIDTH:0.568751
G1 X117.22 Y96.502 E.01814
;WIDTH:0.521383
G1 X132.78 Y96.508 E.61904
;WIDTH:0.559678
G1 X133.064 Y96.529 E.01224
;WIDTH:0.575321
G1 X133.31 Y96.611 E.01148
G1 X133.391 Y96.711 E.0057
M204 S1000
G1 X132.992 Y97.124 F7200
M204 S820
;WIDTH:0.548391
G1 F900
G1 X133.02 Y97.22 E.0042
;WIDTH:0.52146
G1 X133.02 Y112.78 E.61914
;WIDTH:0.54733
G1 X133.002 Y112.865 E.00364
;WIDTH:0.5732
G1 X132.984 Y112.95 E.00383
G1 X132.822 Y113.018 E.00775
;WIDTH:0.525086
G1 X132.78 Y113.02 E.00169
;WIDTH:0.52146
G1 X117.22 Y113.02 E.61914
;WIDTH:0.553818
G1 X117.095 Y113.003 E.00536
M73 P9 R13
M73 Q9 S13
;WIDTH:0.560928
G1 X117 Y112.918 E.00549
G1 X116.98 Y112.78 E.00601
;WIDTH:0.52146
G1 X116.98 Y97.22 E.61914
;WIDTH:0.54902
G1 X117.011 Y97.12 E.00441
;WIDTH:0.576579
G1 X117.041 Y97.021 E.00459
G1 X117.13 Y97.001 E.00405
;WIDTH:0.548981
G1 X117.22 Y96.98 E.00389
;WIDTH:0.521383
G1 X132.78 Y96.982 E.61904
;WIDTH:0.546375
G1 X132.872 Y97.005 E.00397
;WIDTH:0.575321
G1 X132.965 Y97.028 E.00424
G1 X132.976 Y97.066 E.00175
M204 S1000
;LAYER_CHANGE
;Z:1.2
;HEIGHT:0.2
;BEFORE_LAYER_CHANGE
G92 E0.0
;1.2


;WIPE_START
G1 F5760
G1 X132.992 Y97.124 E-.02084
G1 X133.02 Y97.22 E-.03464
;WIPE_END
G1 E-.74452 F2100
G1 Z1.2 F7200
;AFTER_LAYER_CHANGE
;1.2
G1 X133.373 Y96.806
G1 E.8 F2100
M204 S820
;WIDTH:0.575954
G1 F900
G1 X133.379 Y96.814 E.00044
;WIDTH:0.573866
G1 X133.428 Y97.025 E.00956
;WIDTH:0.553618
G1 X133.445 Y97.273 E.01056
;WIDTH:0.52146
G1 X133.445 Y112.727 E.61493
;WIDTH:0.547664
G1 X133.418 Y112.925 E.00839
;WIDTH:0.573867
G1 X133.392 Y113.124 E.00886
;WIDTH:0.576965
G1 X133.295 Y113.289 E.0085
G1 X133.14 Y113.395 E.00834
;WIDTH:0.568721
G1 X132.727 Y113.445 E.01819
;WIDTH:0.521461
G1 X117.273 Y113.445 E.61493
;WIDTH:0.547665
G1 X117.075 Y113.418 E.00839
;WIDTH:0.573868
G1 X116.876 Y113.392 E.00886
;WIDTH:0.576965
G1 X116.711 Y113.295 E.0085
G1 X116.605 Y113.14 E.00834
;WIDTH:0.568721
G1 X116.555 Y112.727 E.01819
;WIDTH:0.52146
G1 X116.555 Y97.273 E.61493
;WIDTH:0.547664
G1 X116.582 Y97.075 E.00839
;WIDTH:0.573867
G1 X116.608 Y96.876 E.00886
;WIDTH:0.576965
G1 X116.705 Y96.711 E.0085
G1 X116.86 Y96.605 E.00834
;WIDTH:0.56872
G1 X117.273 Y96.556 E.01818
;WIDTH:0.521366
G1 X132.727 Y96.563 E.61481
;WIDTH:0.562367
G1 X133.022 Y96.586 E.01278
;WIDTH:0.575954
G1 X133.259 Y96.667 E.0111
G1 X133.335 Y96.76 E.00532
M204 S1000
G1 X132.939 Y97.177 F7200
M204 S820
;WIDTH:0.548707
G1 F900
G1 X132.966 Y97.273 E.00419
;WIDTH:0.52146
G1 X132.966 Y112.727 E.61493
;WIDTH:0.547664
G1 X132.948 Y112.812 E.00365
;WIDTH:0.573867
G1 X132.93 Y112.898 E.00388
G1 X132.768 Y112.964 E.00772
;WIDTH:0.525087
G1 X132.727 Y112.966 E.00165
;WIDTH:0.521461
G1 X117.273 Y112.966 E.61493
;WIDTH:0.55362
G1 X117.149 Y112.95 E.00531
M73 P10 R13
M73 Q10 S13
;WIDTH:0.560816
G1 X117.054 Y112.864 E.00552
G1 X117.034 Y112.727 E.00596
;WIDTH:0.52146
G1 X117.034 Y97.273 E.61493
;WIDTH:0.549213
G1 X117.064 Y97.175 E.00431
;WIDTH:0.576965
G1 X117.093 Y97.076 E.00458
G1 X117.183 Y97.055 E.0041
;WIDTH:0.549166
G1 X117.273 Y97.034 E.00389
;WIDTH:0.521366
G1 X132.727 Y97.036 E.61481
;WIDTH:0.546246
G1 X132.819 Y97.059 E.00397
;WIDTH:0.575954
G1 X132.912 Y97.081 E.00424
G1 X132.922 Y97.12 E.00178
M204 S1000
;WIPE_START
G1 F5760
G1 X132.939 Y97.177 E-.0206
G1 X132.966 Y97.273 E-.03454
;WIPE_END
G1 E-.74486 F2100
G1 Z1.8 F7200
G1 X124.218 Y107.427
G1 Z1.2
G1 E.8 F2100
;TYPE:Overhang perimeter
;WIDTH:0.389872
;HEIGHT:0.389872
G1 F1800
G1 X124.318 Y107.453 E.00513
G1 X124.863 Y107.497 E.02714
G1 X125.405 Y107.483 E.02691
G1 X125.791 Y107.422 E.0194
;WIPE_START
G1 F5760
G1 X125.405 Y107.483 E-.13535
G1 X124.863 Y107.497 E-.18779
G1 X124.318 Y107.453 E-.18938
G1 X124.218 Y107.427 E-.03579
;WIPE_END
G1 E-.25169 F2100
G1 Z1.8 F7200
G1 X127.398 Y105.908
G1 Z1.2
G1 E.8 F2100
G1 F1200
G1 X127.164 Y106.33 E.02395
G1 X126.808 Y106.781 E.02852
G1 X126.393 Y107.122 E.02666
G1 X125.791 Y107.422 E.03338
G1 X125.888 Y107.321 E.00695
G1 X125.907 Y106.007 E.06522
G1 X127.268 Y105.99 E.06756
G1 X127.347 Y105.94 E.00464
;WIPE_START
G1 F5760
G1 X127.398 Y105.908 E-.02085
G1 X127.164 Y106.33 E-.16713
G1 X126.808 Y106.781 E-.19901
G1 X126.393 Y107.122 E-.18604
G1 X125.807 Y107.414 E-.22697
;WIPE_END
G1 Z1.8 F7200
G1 X126.431 Y106.429
G1 Z1.2
G1 E.8 F2100
G1 F1800
G1 X126.356 Y106.429 E.00372
G1 X126.319 Y106.494 E.00371
G1 X126.356 Y106.558 E.00367
G1 X126.431 Y106.558 E.00372
G1 X126.468 Y106.494 E.00367
;WIPE_START
G1 F5760
G1 X126.431 Y106.558 E-.0256
G1 X126.356 Y106.558 E-.02598
G1 X126.319 Y106.494 E-.0256
G1 X126.356 Y106.429 E-.0259
G1 X126.431 Y106.429 E-.02598
;WIPE_END
G1 E-.67094 F2100
G1 Z1.8 F7200
G1 X127.398 Y105.908
G1 Z1.2
G1 E.8 F2100
G1 F1800
G1 X127.432 Y105.822 E.00459
G1 X127.492 Y105.268 E.02766
G1 X127.492 Y104.726 E.0269
G1 X127.41 Y104.116 E.03055
;WIPE_START
G1 F5760
G1 X127.492 Y104.726 E-.21318
G1 X127.492 Y105.268 E-.18772
G1 X127.432 Y105.822 E-.193
G1 X127.398 Y105.908 E-.03203
;WIPE_END
G1 E-.17407 F2100
G1 Z1.8 F7200
G1 X126.844 Y103.25
G1 Z1.2
G1 E.8 F2100
G1 F1200
G1 X127.164 Y103.669 E.02617
G1 X127.41 Y104.116 E.02532
G1 X127.268 Y104.009 E.00882
G1 X125.907 Y103.993 E.06755
G1 X125.888 Y102.679 E.06522
G1 X125.763 Y102.569 E.00826
G1 X125.947 Y102.63 E.00962
G1 X126.425 Y102.895 E.02713
G1 X126.798 Y103.211 E.02426
G1 X126.431 Y103.442 F7200
G1 F1800
G1 X126.356 Y103.442 E.00372
G1 X126.319 Y103.506 E.00367
G1 X126.356 Y103.571 E.00371
G1 X126.431 Y103.571 E.00372
G1 X126.468 Y103.506 E.00371
;WIPE_START
G1 F5760
G1 X126.431 Y103.571 E-.0259
G1 X126.356 Y103.571 E-.02598
G1 X126.319 Y103.506 E-.0259
G1 X126.356 Y103.442 E-.0256
G1 X126.431 Y103.442 E-.02598
;WIPE_END
G1 E-.67064 F2100
G1 Z1.8 F7200
G1 X125.763 Y102.569
G1 Z1.2
G1 E.8 F2100
G1 F1800
G1 X125.405 Y102.517 E.01795
G1 X124.863 Y102.503 E.02691
G1 X124.191 Y102.585 E.0336
G1 F1200
G1 X124.101 Y102.732 E.00855
G1 X124.093 Y103.993 E.06259
G1 X122.738 Y104.008 E.06726
G1 X122.588 Y104.133 E.00969
G1 X122.686 Y103.915 E.01186
G1 X122.976 Y103.462 E.0267
G1 X123.353 Y103.063 E.02725
G1 X123.791 Y102.766 E.02627
G1 X124.136 Y102.61 E.01879
G1 X123.643 Y103.441 F7200
G1 F1800
G1 X123.568 Y103.441 E.00372
G1 X123.531 Y103.506 E.00371
G1 X123.568 Y103.571 E.00371
G1 X123.643 Y103.571 E.00372
G1 X123.681 Y103.506 E.00374
;WIPE_START
G1 F5760
G1 X123.643 Y103.571 E-.02608
G1 X123.568 Y103.571 E-.02598
G1 X123.531 Y103.506 E-.0259
G1 X123.568 Y103.441 E-.0259
G1 X123.643 Y103.441 E-.02598
;WIPE_END
G1 E-.67016 F2100
G1 Z1.8 F7200
G1 X122.588 Y104.133
G1 Z1.2
G1 E.8 F2100
G1 F1800
G1 X122.53 Y104.457 E.01634
G1 X122.501 Y105 E.02699
G1 X122.53 Y105.543 E.02699
G1 X122.597 Y105.892 E.01764
;WIPE_START
G1 F5760
G1 X122.53 Y105.543 E-.12308
G1 X122.501 Y105 E-.18834
G1 X122.53 Y104.457 E-.18834
G1 X122.588 Y104.133 E-.114
;WIPE_END
G1 E-.18624 F2100
G1 Z1.8 F7200
G1 X124.093 Y106.007
G1 Z1.2
G1 E.8 F2100
G1 F1200
G1 X124.1 Y107.268 E.06259
G1 X124.218 Y107.427 E.00983
G1 X123.791 Y107.234 E.02326
G1 X123.32 Y106.902 E.0286
G1 X122.961 Y106.512 E.02631
G1 X122.597 Y105.892 E.03568
G1 X122.732 Y105.99 E.00828
G1 X124.033 Y106.006 E.06458
G1 X123.643 Y106.429 F7200
G1 F1800
G1 X123.568 Y106.429 E.00372
G1 X123.531 Y106.494 E.00371
G1 X123.568 Y106.559 E.00371
G1 X123.643 Y106.559 E.00372
G1 X123.681 Y106.494 E.00374
;LAYER_CHANGE
;Z:1.4
;HEIGHT:0.2
;BEFORE_LAYER_CHANGE
G92 E0.0
;1.4


;WIPE_START
G1 F5760
G1 X123.643 Y106.559 E-.02608
G1 X123.568 Y106.559 E-.02598
G1 X123.531 Y106.494 E-.0259
G1 X123.568 Y106.429 E-.0259
G1 X123.643 Y106.429 E-.02598
;WIPE_END
G1 E-.67016 F2100
G1 Z1.4 F7200
;AFTER_LAYER_CHANGE
;1.4
G1 Z2
G1 X133.315 Y96.879
G1 Z1.4
G1 E.8 F2100
M204 S820
;TYPE:External perimeter
;WIDTH:0.578386
G1 F900
G1 X133.34 Y96.913 E.00188
;WIDTH:0.56514
G1 X133.371 Y97.053 E.00623
;WIDTH:0.561492
G1 X133.391 Y97.327 E.01185
;WIDTH:0.52146
G1 X133.391 Y112.673 E.61063
;WIDTH:0.548006
G1 X133.364 Y112.874 E.00852
;WIDTH:0.574552
G1 X133.337 Y113.074 E.00892
;WIDTH:0.577359
G1 X133.245 Y113.232 E.00812
G1 X133.088 Y113.34 E.00847
;WIDTH:0.5687
G1 X132.673 Y113.391 E.01828
;WIDTH:0.52146
G1 X117.327 Y113.391 E.61063
;WIDTH:0.548006
G1 X117.126 Y113.364 E.00852
M73 P11 R13
M73 Q11 S13
;WIDTH:0.574552
G1 X116.926 Y113.337 E.00892
;WIDTH:0.577358
G1 X116.768 Y113.245 E.00812
G1 X116.66 Y113.088 E.00847
;WIDTH:0.568701
G1 X116.609 Y112.673 E.01828
;WIDTH:0.52146
G1 X116.609 Y97.327 E.61063
;WIDTH:0.548006
G1 X116.636 Y97.126 E.00852
;WIDTH:0.574552
G1 X116.663 Y96.926 E.00892
;WIDTH:0.577359
G1 X116.755 Y96.768 E.00812
G1 X116.912 Y96.66 E.00847
;WIDTH:0.5687
G1 X117.327 Y96.609 E.01828
;WIDTH:0.521349
G1 X132.673 Y96.618 E.61049
;WIDTH:0.543695
G1 X132.836 Y96.632 E.00681
;WIDTH:0.571741
G1 X132.999 Y96.646 E.00719
;WIDTH:0.578386
G1 X133.196 Y96.718 E.00934
G1 X133.279 Y96.831 E.00624
M204 S1000
G1 X132.886 Y97.231 F7200
M204 S820
;WIDTH:0.550377
G1 F900
G1 X132.912 Y97.327 E.0042
;WIDTH:0.52146
G1 X132.912 Y112.673 E.61063
;WIDTH:0.54941
G1 X132.884 Y112.771 E.00429
;WIDTH:0.577359
G1 X132.855 Y112.869 E.00454
G1 X132.764 Y112.891 E.00416
;WIDTH:0.54941
G1 X132.673 Y112.912 E.00393
;WIDTH:0.52146
G1 X117.327 Y112.912 E.61063
;WIDTH:0.549409
G1 X117.229 Y112.884 E.00429
;WIDTH:0.577358
G1 X117.131 Y112.855 E.00454
G1 X117.109 Y112.764 E.00416
;WIDTH:0.549409
G1 X117.088 Y112.673 E.00393
;WIDTH:0.52146
G1 X117.088 Y97.327 E.61063
;WIDTH:0.54941
G1 X117.116 Y97.229 E.00429
;WIDTH:0.577359
G1 X117.145 Y97.131 E.00454
G1 X117.215 Y97.11 E.00325
;WIDTH:0.551167
G1 X117.285 Y97.089 E.00309
;WIDTH:0.524974
G1 X117.327 Y97.088 E.00168
;WIDTH:0.521349
G1 X132.673 Y97.091 E.61049
;WIDTH:0.547472
G1 X132.767 Y97.113 E.00405
;WIDTH:0.579294
G1 X132.86 Y97.135 E.00426
G1 X132.871 Y97.173 E.00176
M204 S1000
;WIPE_START
G1 F5760
G1 X132.886 Y97.231 E-.02075
G1 X132.912 Y97.327 E-.03445
;WIPE_END
G1 E-.7448 F2100
G1 Z2 F7200
G1 X125.787 Y107.422
G1 Z1.4
G1 E.8 F2100
M204 S820
;WIDTH:0.443551
G1 F900
G1 X125.595 Y107.453 E.00648
;WIDTH:0.487222
G1 X125.402 Y107.483 E.00722
;WIDTH:0.515558
G1 X124.86 Y107.497 E.02131
G1 X124.588 Y107.475 E.01072
;WIDTH:0.470728
G1 X124.315 Y107.452 E.00975
;WIDTH:0.425898
G1 X124.222 Y107.428 E.00306
M204 S1000
;WIPE_START
G1 F5760
G1 X124.315 Y107.452 E-.03327
;WIPE_END
G1 E-.76673 F2100
G1 Z2 F7200
G1 X127.398 Y105.906
G1 Z1.4
G1 E.8 F2100
M204 S820
;WIDTH:0.419999
G1 F900
G1 X127.166 Y106.339 E.0154
G1 X126.809 Y106.79 E.01803
G1 X126.393 Y107.131 E.01687
G1 X125.787 Y107.422 E.02108
;WIDTH:0.408037
G1 X125.883 Y107.321 E.00423
;WIDTH:0.419999
G1 X125.9 Y106 E.04142
G1 X127.261 Y105.988 E.04267
;WIDTH:0.400861
G1 X127.346 Y105.937 E.00295
M204 S1000
;WIPE_START
G1 F5760
G1 X127.398 Y105.906 E-.02097
G1 X127.166 Y106.339 E-.17014
G1 X126.809 Y106.79 E-.19922
G1 X126.393 Y107.131 E-.1863
G1 X125.812 Y107.41 E-.22337
;WIPE_END
G1 Z2 F7200
G1 X126.47 Y106.494
M73 Q12 S13
G1 Z1.4
G1 E.8 F2100
M73 P12 R13
M204 S820
;TYPE:Perimeter
;WIDTH:0.653918
G1 F900
G1 X126.432 Y106.56 E.00387
G1 X126.355 Y106.56 E.00391
G1 X126.317 Y106.494 E.00387
G1 X126.355 Y106.427 E.00391
G1 X126.432 Y106.427 E.00391
M204 S1000
;WIPE_START
G1 F5760
G1 X126.355 Y106.427 E-.02667
G1 X126.317 Y106.494 E-.02668
G1 X126.355 Y106.56 E-.02638
G1 X126.432 Y106.56 E-.02667
G1 X126.47 Y106.494 E-.02638
;WIPE_END
G1 E-.66722 F2100
G1 Z2 F7200
G1 X127.41 Y104.12
G1 Z1.4
G1 E.8 F2100
M204 S820
;TYPE:External perimeter
;WIDTH:0.423166
G1 F900
G1 X127.437 Y104.32 E.00638
;WIDTH:0.463412
G1 X127.464 Y104.52 E.00706
;WIDTH:0.503658
G1 X127.491 Y104.72 E.00773
;WIDTH:0.50561
G1 X127.492 Y105.261 E.02081
G1 X127.472 Y105.444 E.00708
;WIDTH:0.465808
G1 X127.453 Y105.628 E.0065
;WIDTH:0.426005
G1 X127.433 Y105.811 E.00586
;WIDTH:0.386202
G1 X127.398 Y105.906 E.00289
M204 S1000
;WIPE_START
G1 F5760
G1 X127.433 Y105.811 E-.03507
;WIPE_END
G1 E-.76493 F2100
G1 Z2 F7200
G1 X125.758 Y102.568
G1 Z1.4
G1 E.8 F2100
M204 S820
;WIDTH:0.408153
G1 F900
G1 X125.945 Y102.626 E.00595
;WIDTH:0.419999
G1 X126.425 Y102.886 E.01712
G1 X126.846 Y103.242 E.01729
G1 X127.166 Y103.66 E.01651
G1 X127.41 Y104.12 E.01633
;WIDTH:0.403398
G1 X127.261 Y104.011 E.00553
;WIDTH:0.419999
G1 X125.9 Y104 E.04267
G1 X125.883 Y102.679 E.04142
;WIDTH:0.408153
G1 X125.803 Y102.608 E.00325
M204 S1000
;WIPE_START
G1 F5760
G1 X125.758 Y102.568 E-.02085
G1 X125.945 Y102.626 E-.06781
;WIPE_END
G1 E-.71134 F2100
G1 Z2 F7200
G1 X126.47 Y103.506
G1 Z1.4
G1 E.8 F2100
M204 S820
;TYPE:Perimeter
;WIDTH:0.653918
G1 F900
G1 X126.432 Y103.573 E.00391
G1 X126.355 Y103.573 E.00391
G1 X126.317 Y103.506 E.00391
G1 X126.355 Y103.44 E.00387
G1 X126.432 Y103.44 E.00391
M204 S1000
;WIPE_START
G1 F5760
G1 X126.355 Y103.44 E-.02667
G1 X126.317 Y103.506 E-.02638
G1 X126.355 Y103.573 E-.02668
G1 X126.432 Y103.573 E-.02667
G1 X126.47 Y103.506 E-.02668
;WIPE_END
G1 E-.66692 F2100
G1 Z2 F7200
G1 X124.194 Y102.585
G1 Z1.4
G1 E.8 F2100
M204 S820
;TYPE:External perimeter
;WIDTH:0.442022
G1 F900
G1 X124.416 Y102.558 E.00742
;WIDTH:0.478787
G1 X124.638 Y102.53 E.00811
;WIDTH:0.515552
G1 X124.86 Y102.503 E.00879
G1 X125.402 Y102.517 E.02131
;WIDTH:0.487218
G1 X125.58 Y102.543 E.00665
;WIDTH:0.442206
G1 X125.758 Y102.568 E.00597
M204 S1000
;WIPE_START
G1 F5760
G1 X125.58 Y102.543 E-.06226
;WIPE_END
G1 E-.73774 F2100
G1 Z2 F7200
G1 X122.588 Y104.137
G1 Z1.4
G1 E.8 F2100
M204 S820
;WIDTH:0.406698
G1 F900
G1 X122.689 Y103.903 E.00771
;WIDTH:0.419999
G1 X122.969 Y103.459 E.01646
G1 X123.348 Y103.059 E.01728
G1 X123.785 Y102.762 E.01657
G1 X124.194 Y102.585 E.01397
;WIDTH:0.413626
G1 X124.104 Y102.739 E.0055
;WIDTH:0.419999
G1 X124.1 Y104 E.03954
G1 X122.75 Y104.011 E.04233
;WIDTH:0.406698
G1 X122.635 Y104.1 E.0044
M204 S1000
;WIPE_START
G1 F5760
G1 X122.588 Y104.137 E-.02072
G1 X122.689 Y103.903 E-.08827
;WIPE_END
G1 E-.69101 F2100
G1 Z2 F7200
G1 X123.682 Y103.506
G1 Z1.4
G1 E.8 F2100
M204 S820
;TYPE:Perimeter
;WIDTH:0.655278
G1 F900
G1 X123.644 Y103.572 E.00388
G1 X123.567 Y103.572 E.00392
G1 X123.529 Y103.506 E.00388
G1 X123.567 Y103.439 E.00392
G1 X123.644 Y103.439 E.00392
M204 S1000
;WIPE_START
G1 F5760
G1 X123.567 Y103.439 E-.02667
G1 X123.529 Y103.506 E-.02668
G1 X123.567 Y103.572 E-.02638
G1 X123.644 Y103.572 E-.02667
G1 X123.682 Y103.506 E-.02638
;WIPE_END
G1 E-.66722 F2100
G1 Z2 F7200
G1 X122.597 Y105.888
G1 Z1.4
G1 E.8 F2100
M204 S820
;TYPE:External perimeter
;WIDTH:0.421811
G1 F900
G1 X122.563 Y105.716 E.00552
;WIDTH:0.460702
G1 X122.53 Y105.543 E.00612
;WIDTH:0.49011
G1 X122.515 Y105.272 E.01009
;WIDTH:0.519518
G1 X122.501 Y105 E.01079
G1 X122.515 Y104.729 E.01075
;WIDTH:0.490139
G1 X122.53 Y104.458 E.01009
;WIDTH:0.46076
G1 X122.559 Y104.297 E.00568
;WIDTH:0.42184
G1 X122.588 Y104.137 E.00512
M204 S1000
;WIPE_START
G1 F5760
G1 X122.559 Y104.297 E-.05632
;WIPE_END
G1 E-.74368 F2100
G1 Z2 F7200
G1 X124.222 Y107.428
G1 Z1.4
G1 E.8 F2100
M204 S820
;WIDTH:0.419999
G1 F900
G1 X123.785 Y107.238 E.01494
G1 X123.314 Y106.906 E.01807
G1 X122.962 Y106.524 E.01629
G1 X122.683 Y106.087 E.01626
;WIDTH:0.403162
G1 X122.597 Y105.888 E.00649
G1 X122.739 Y105.987 E.00519
;WIDTH:0.419999
G1 X124.1 Y106 E.04268
G1 X124.104 Y107.261 E.03954
;WIDTH:0.413755
G1 X124.187 Y107.379 E.00445
M204 S1000
;WIPE_START
G1 F5760
G1 X124.222 Y107.428 E-.02086
G1 X123.785 Y107.238 E-.16504
G1 X123.314 Y106.906 E-.19959
G1 X122.962 Y106.524 E-.17991
G1 X122.683 Y106.087 E-.17957
;WIPE_END
G1 E-.05503 F2100
M73 P12 R12
G1 Z2 F7200
G1 X123.682 Y106.494
G1 Z1.4
G1 E.8 F2100
M204 S820
;TYPE:Perimeter
;WIDTH:0.655596
G1 F900
G1 X123.644 Y106.561 E.00392
G1 X123.567 Y106.561 E.00392
G1 X123.529 Y106.494 E.00392
G1 X123.567 Y106.428 E.00388
G1 X123.644 Y106.428 E.00392
M204 S1000
;LAYER_CHANGE
;Z:1.6
;HEIGHT:0.2
;BEFORE_LAYER_CHANGE
G92 E0.0
;1.6


;WIPE_START
G1 F5760
G1 X123.567 Y106.428 E-.02667
G1 X123.529 Y106.494 E-.02638
G1 X123.567 Y106.561 E-.02668
G1 X123.644 Y106.561 E-.02667
G1 X123.682 Y106.494 E-.02668
;WIPE_END
G1 E-.66692 F2100
G1 Z1.6 F7200
;AFTER_LAYER_CHANGE
;1.6
G1 Z2.2
G1 X133.213 Y96.83
G1 Z1.6
M73 Q12 S12
G1 E.8 F2100
M204 S820
;TYPE:External perimeter
;WIDTH:0.578324
G1 F900
G1 X133.318 Y97.107 E.01319
;WIDTH:0.560599
G1 X133.337 Y97.38 E.01178
;WIDTH:0.52146
G1 X133.337 Y112.62 E.60641
;WIDTH:0.553233
G1 X133.321 Y112.866 E.01046
;WIDTH:0.576514
G1 X133.231 Y113.136 E.01263
G1 X133.035 Y113.285 E.01092
;WIDTH:0.567369
G1 X132.62 Y113.337 E.01824
;WIDTH:0.52146
G1 X117.38 Y113.337 E.60641
;WIDTH:0.553232
G1 X117.134 Y113.321 E.01046
;WIDTH:0.576515
G1 X116.864 Y113.231 E.01263
G1 X116.719 Y113.042 E.01057
;WIDTH:0.568066
G1 X116.663 Y112.62 E.01859
;WIDTH:0.52146
G1 X116.663 Y97.38 E.60641
;WIDTH:0.553232
G1 X116.684 Y97.08 E.01276
;WIDTH:0.578579
G1 X116.794 Y96.834 E.012
G1 X116.987 Y96.702 E.01041
;WIDTH:0.570233
G1 X117.38 Y96.663 E.01732
;WIDTH:0.52146
G1 X132.62 Y96.663 E.60641
;WIDTH:0.548986
G1 X132.824 Y96.691 E.00866
M73 P13 R12
M73 Q13 S12
;WIDTH:0.576512
G1 X133.029 Y96.72 E.00919
;WIDTH:0.578324
G1 X133.162 Y96.799 E.00689
M204 S1000
G1 X132.834 Y97.286 F7200
M204 S820
;WIDTH:0.549892
G1 F900
G1 X132.859 Y97.38 E.0041
;WIDTH:0.52146
G1 X132.859 Y112.62 E.60641
;WIDTH:0.549892
G1 X132.833 Y112.715 E.00415
;WIDTH:0.578324
G1 X132.808 Y112.81 E.00437
G1 X132.714 Y112.834 E.00432
;WIDTH:0.549892
G1 X132.62 Y112.859 E.0041
;WIDTH:0.52146
G1 X117.38 Y112.859 E.60641
;WIDTH:0.549893
G1 X117.285 Y112.833 E.00415
;WIDTH:0.578325
G1 X117.19 Y112.808 E.00437
G1 X117.166 Y112.714 E.00432
;WIDTH:0.549893
G1 X117.141 Y112.62 E.0041
;WIDTH:0.52146
G1 X117.141 Y97.38 E.60641
;WIDTH:0.55002
G1 X117.167 Y97.285 E.00415
;WIDTH:0.578579
G1 X117.193 Y97.189 E.00443
G1 X117.287 Y97.165 E.00432
;WIDTH:0.55002
G1 X117.38 Y97.141 E.00405
;WIDTH:0.52146
G1 X132.62 Y97.141 E.60641
;WIDTH:0.549892
G1 X132.715 Y97.167 E.00415
;WIDTH:0.578324
G1 X132.81 Y97.192 E.00437
G1 X132.819 Y97.228 E.00165
M204 S1000
;WIPE_START
G1 F5760
G1 X132.834 Y97.286 E-.02075
G1 X132.859 Y97.38 E-.03369
;WIPE_END
G1 E-.74556 F2100
G1 Z2.2 F7200
G1 X125.784 Y107.423
G1 Z1.6
G1 E.8 F2100
M204 S820
;WIDTH:0.458634
G1 F900
G1 X125.591 Y107.453 E.00675
;WIDTH:0.501648
G1 X125.398 Y107.483 E.00745
;WIDTH:0.529286
G1 X124.857 Y107.497 E.02189
G1 X124.585 Y107.475 E.01104
;WIDTH:0.484194
G1 X124.313 Y107.452 E.01002
;WIDTH:0.439102
G1 X124.226 Y107.428 E.00297
M204 S1000
;WIPE_START
G1 F5760
G1 X124.313 Y107.452 E-.03126
;WIPE_END
G1 E-.76874 F2100
G1 Z2.2 F7200
G1 X127.397 Y105.905
G1 Z1.6
G1 E.8 F2100
M204 S820
;WIDTH:0.419999
G1 F900
G1 X127.183 Y106.329 E.01489
G1 X126.848 Y106.766 E.01726
G1 X126.454 Y107.098 E.01615
G1 X126.024 Y107.334 E.01538
;WIDTH:0.418518
G1 X125.784 Y107.423 E.00799
;WIDTH:0.41739
G1 X125.879 Y107.321 E.00434
;WIDTH:0.419999
G1 X125.893 Y105.993 E.04164
G1 X127.254 Y105.986 E.04267
;WIDTH:0.406718
G1 X127.345 Y105.934 E.00317
M204 S1000
;WIPE_START
G1 F5760
G1 X127.397 Y105.905 E-.02062
G1 X127.183 Y106.329 E-.1645
G1 X126.848 Y106.766 E-.19071
G1 X126.454 Y107.098 E-.17845
G1 X126.024 Y107.334 E-.16989
;WIPE_END
G1 E-.07583 F2100
G1 Z2.2 F7200
G1 X126.472 Y106.494
G1 Z1.6
G1 E.8 F2100
M204 S820
;TYPE:Perimeter
;WIDTH:0.66796
G1 F900
G1 X126.433 Y106.561 E.00403
G1 X126.355 Y106.561 E.00405
G1 X126.315 Y106.494 E.00406
G1 X126.355 Y106.426 E.0041
G1 X126.433 Y106.426 E.00405
M204 S1000
;WIPE_START
G1 F5760
G1 X126.355 Y106.426 E-.02702
G1 X126.315 Y106.494 E-.02732
G1 X126.355 Y106.561 E-.02703
G1 X126.433 Y106.561 E-.02702
G1 X126.472 Y106.494 E-.02685
;WIPE_END
G1 E-.66476 F2100
G1 Z2.2 F7200
G1 X127.41 Y104.124
G1 Z1.6
G1 E.8 F2100
M204 S820
;TYPE:External perimeter
;WIDTH:0.430324
G1 F900
G1 X127.437 Y104.32 E.00637
;WIDTH:0.473556
G1 X127.464 Y104.517 E.00712
;WIDTH:0.516788
G1 X127.491 Y104.714 E.00783
;WIDTH:0.520032
G1 X127.493 Y105.254 E.02142
G1 X127.473 Y105.438 E.00734
;WIDTH:0.480298
G1 X127.453 Y105.621 E.00669
;WIDTH:0.440563
G1 X127.433 Y105.804 E.00609
;WIDTH:0.400828
G1 X127.397 Y105.905 E.00319
M204 S1000
;WIPE_START
G1 F5760
G1 X127.433 Y105.804 E-.03714
;WIPE_END
G1 E-.76286 F2100
G1 Z2.2 F7200
G1 X125.753 Y102.568
G1 Z1.6
G1 E.8 F2100
M204 S820
;WIDTH:0.416285
G1 F900
G1 X125.942 Y102.622 E.0061
;WIDTH:0.419999
G1 X126.426 Y102.878 E.01717
G1 X126.848 Y103.234 E.01731
G1 X127.183 Y103.671 E.01726
G1 X127.41 Y104.124 E.01589
;WIDTH:0.406119
G1 X127.254 Y104.014 E.00576
;WIDTH:0.419999
G1 X125.893 Y104.007 E.04267
G1 X125.878 Y102.679 E.04164
;WIDTH:0.416285
G1 X125.798 Y102.607 E.00334
M204 S1000
;WIPE_START
G1 F5760
G1 X125.753 Y102.568 E-.02062
G1 X125.942 Y102.622 E-.06808
;WIPE_END
G1 E-.7113 F2100
G1 Z2.2 F7200
G1 X126.472 Y103.506
G1 Z1.6
G1 E.8 F2100
M204 S820
;TYPE:Perimeter
;WIDTH:0.667958
G1 F900
G1 X126.433 Y103.574 E.00407
G1 X126.355 Y103.574 E.00405
G1 X126.315 Y103.506 E.0041
G1 X126.355 Y103.439 E.00406
G1 X126.433 Y103.439 E.00405
M204 S1000
;WIPE_START
G1 F5760
G1 X126.355 Y103.439 E-.02702
G1 X126.315 Y103.506 E-.02703
G1 X126.355 Y103.574 E-.02732
G1 X126.433 Y103.574 E-.02702
G1 X126.472 Y103.506 E-.02715
;WIPE_END
G1 E-.66446 F2100
G1 Z2.2 F7200
G1 X124.196 Y102.585
G1 Z1.6
G1 E.8 F2100
M204 S820
;TYPE:External perimeter
;WIDTH:0.457475
G1 F900
G1 X124.417 Y102.558 E.00767
;WIDTH:0.493376
G1 X124.637 Y102.53 E.00831
;WIDTH:0.529276
G1 X124.857 Y102.503 E.00896
G1 X125.399 Y102.517 E.02193
;WIDTH:0.501644
G1 X125.576 Y102.542 E.00682
;WIDTH:0.457231
G1 X125.753 Y102.568 E.00616
M204 S1000
;WIPE_START
G1 F5760
G1 X125.576 Y102.542 E-.06196
;WIPE_END
G1 E-.73804 F2100
G1 Z2.2 F7200
G1 X122.588 Y104.141
G1 Z1.6
M73 Q14 S12
G1 E.8 F2100
M73 P14 R12
M204 S820
;WIDTH:0.408267
G1 F900
G1 X122.692 Y103.889 E.00828
;WIDTH:0.419999
G1 X122.963 Y103.456 E.01602
G1 X123.342 Y103.054 E.01732
G1 X123.779 Y102.757 E.01657
;WIDTH:0.421574
G1 X124.196 Y102.585 E.0142
G1 X124.107 Y102.746 E.00579
;WIDTH:0.42064
G1 X124.107 Y102.931 E.00581
;WIDTH:0.419999
G1 X124.107 Y104.007 E.03374
G1 X122.763 Y104.014 E.04214
;WIDTH:0.408267
G1 X122.636 Y104.106 E.00476
M204 S1000
;WIPE_START
G1 F5760
G1 X122.588 Y104.141 E-.02058
G1 X122.692 Y103.889 E-.09442
;WIPE_END
G1 E-.685 F2100
G1 Z2.2 F7200
G1 X123.684 Y103.506
G1 Z1.6
G1 E.8 F2100
M204 S820
;TYPE:Perimeter
;WIDTH:0.669288
G1 F900
G1 X123.645 Y103.574 E.00408
G1 X123.567 Y103.574 E.00406
G1 X123.527 Y103.506 E.00411
G1 X123.567 Y103.438 E.00411
G1 X123.645 Y103.438 E.00406
M204 S1000
;WIPE_START
G1 F5760
G1 X123.567 Y103.438 E-.02702
G1 X123.527 Y103.506 E-.02732
G1 X123.567 Y103.574 E-.02732
G1 X123.645 Y103.574 E-.02702
G1 X123.684 Y103.506 E-.02715
;WIPE_END
G1 E-.66417 F2100
G1 Z2.2 F7200
G1 X122.597 Y105.885
G1 Z1.6
G1 E.8 F2100
M204 S820
;TYPE:External perimeter
;WIDTH:0.428823
G1 F900
G1 X122.563 Y105.714 E.00559
;WIDTH:0.474726
G1 X122.53 Y105.543 E.00625
;WIDTH:0.504087
G1 X122.515 Y105.271 E.01045
;WIDTH:0.533448
G1 X122.501 Y105 E.01107
G1 X122.515 Y104.729 E.01107
;WIDTH:0.504136
G1 X122.53 Y104.458 E.01041
;WIDTH:0.474824
G1 X122.559 Y104.3 E.00577
;WIDTH:0.428872
G1 X122.588 Y104.141 E.00519
M204 S1000
;WIPE_START
G1 F5760
G1 X122.559 Y104.3 E-.05598
;WIPE_END
G1 E-.74402 F2100
G1 Z2.2 F7200
G1 X124.226 Y107.428
G1 Z1.6
G1 E.8 F2100
M204 S820
;WIDTH:0.419999
G1 F900
G1 X123.779 Y107.243 E.01517
G1 X123.307 Y106.909 E.01813
G1 X122.964 Y106.537 E.01587
G1 X122.684 Y106.095 E.01641
;WIDTH:0.404124
G1 X122.597 Y105.885 E.00683
G1 X122.746 Y105.985 E.00539
;WIDTH:0.419999
G1 X124.107 Y105.993 E.04267
G1 X124.108 Y107.254 E.03954
;WIDTH:0.419579
G1 X124.192 Y107.379 E.00472
M204 S1000
;WIPE_START
G1 F5760
G1 X124.226 Y107.428 E-.02066
G1 X123.779 Y107.243 E-.16756
G1 X123.307 Y106.909 E-.20027
G1 X122.964 Y106.537 E-.17525
G1 X122.684 Y106.095 E-.18122
;WIPE_END
G1 E-.05504 F2100
G1 Z2.2 F7200
G1 X123.684 Y106.495
G1 Z1.6
G1 E.8 F2100
M204 S820
;TYPE:Perimeter
;WIDTH:0.669822
G1 F900
G1 X123.645 Y106.562 E.00404
G1 X123.566 Y106.562 E.00412
G1 X123.527 Y106.495 E.00404
G1 X123.566 Y106.427 E.00409
G1 X123.645 Y106.427 E.00412
M204 S1000
;LAYER_CHANGE
;Z:1.8
;HEIGHT:0.2
;BEFORE_LAYER_CHANGE
G92 E0.0
;1.8


;WIPE_START
G1 F5760
G1 X123.566 Y106.427 E-.02736
G1 X123.527 Y106.495 E-.02715
G1 X123.566 Y106.562 E-.02685
G1 X123.645 Y106.562 E-.02736
G1 X123.684 Y106.495 E-.02685
;WIPE_END
G1 E-.66443 F2100
G1 Z1.8 F7200
;AFTER_LAYER_CHANGE
;1.8
G1 Z2.4
G1 X133.169 Y96.894
G1 Z1.8
G1 E.8 F2100
M204 S820
;TYPE:External perimeter
;WIDTH:0.578541
G1 F900
G1 X133.265 Y97.163 E.01272
;WIDTH:0.559784
G1 X133.284 Y97.434 E.01168
;WIDTH:0.52146
G1 X133.284 Y112.566 E.60211
;WIDTH:0.553052
G1 X133.268 Y112.812 E.01046
;WIDTH:0.575983
G1 X133.175 Y113.084 E.01274
G1 X132.983 Y113.232 E.01075
;WIDTH:0.568708
G1 X132.566 Y113.284 E.01837
;WIDTH:0.52146
G1 X117.434 Y113.284 E.60211
;WIDTH:0.553052
G1 X117.188 Y113.268 E.01046
;WIDTH:0.575984
G1 X116.916 Y113.175 E.01274
G1 X116.768 Y112.983 E.01075
;WIDTH:0.568709
G1 X116.716 Y112.566 E.01837
;WIDTH:0.52146
G1 X116.716 Y97.434 E.60211
;WIDTH:0.553053
G1 X116.732 Y97.188 E.01046
;WIDTH:0.575984
G1 X116.825 Y96.916 E.01274
G1 X117.017 Y96.768 E.01075
;WIDTH:0.568707
G1 X117.434 Y96.716 E.01837
;WIDTH:0.521461
G1 X132.566 Y96.716 E.60212
;WIDTH:0.549067
G1 X132.774 Y96.747 E.00885
;WIDTH:0.576673
G1 X132.982 Y96.777 E.00933
;WIDTH:0.578541
G1 X133.118 Y96.862 E.00714
M204 S1000
G1 X132.782 Y97.342 F7200
M204 S820
;WIDTH:0.550001
G1 F900
G1 X132.805 Y97.434 E.004
;WIDTH:0.52146
G1 X132.805 Y112.566 E.60211
;WIDTH:0.549818
G1 X132.778 Y112.663 E.00424
;WIDTH:0.578176
G1 X132.751 Y112.76 E.00448
G1 X132.658 Y112.782 E.00425
;WIDTH:0.549818
G1 X132.566 Y112.805 E.004
;WIDTH:0.52146
G1 X117.434 Y112.805 E.60211
;WIDTH:0.549819
G1 X117.337 Y112.778 E.00424
M73 P15 R12
M73 Q15 S12
;WIDTH:0.578177
G1 X117.24 Y112.751 E.00448
G1 X117.218 Y112.658 E.00425
;WIDTH:0.549819
G1 X117.195 Y112.566 E.004
;WIDTH:0.52146
G1 X117.195 Y97.434 E.60211
;WIDTH:0.549819
G1 X117.222 Y97.337 E.00424
;WIDTH:0.578177
G1 X117.249 Y97.24 E.00448
G1 X117.342 Y97.218 E.00425
;WIDTH:0.549819
G1 X117.434 Y97.195 E.004
;WIDTH:0.521461
G1 X132.566 Y97.195 E.60212
;WIDTH:0.550001
G1 X132.663 Y97.222 E.00425
;WIDTH:0.578541
G1 X132.76 Y97.249 E.00448
G1 X132.768 Y97.283 E.00156
M204 S1000
;WIPE_START
G1 F5760
G1 X132.782 Y97.342 E-.021
G1 X132.805 Y97.434 E-.03285
;WIPE_END
G1 E-.74615 F2100
G1 Z2.4 F7200
G1 X125.78 Y107.423
G1 Z1.8
G1 E.8 F2100
M204 S820
;WIDTH:0.473713
G1 F900
G1 X125.587 Y107.453 E.007
;WIDTH:0.516074
G1 X125.395 Y107.484 E.00765
;WIDTH:0.54302
G1 X124.854 Y107.497 E.0225
G1 X124.582 Y107.474 E.01135
;WIDTH:0.497668
G1 X124.31 Y107.452 E.01032
;WIDTH:0.452316
G1 X124.23 Y107.429 E.00283
M204 S1000
;WIPE_START
G1 F5760
G1 X124.31 Y107.452 E-.02883
;WIPE_END
G1 E-.77117 F2100
G1 Z2.4 F7200
G1 X127.397 Y105.903
G1 Z1.8
G1 E.8 F2100
M204 S820
;WIDTH:0.419999
G1 F900
G1 X127.187 Y106.337 E.01512
G1 X126.849 Y106.775 E.01735
G1 X126.455 Y107.106 E.01613
;WIDTH:0.423523
G1 X126.031 Y107.334 E.01524
;WIDTH:0.431352
G1 X125.78 Y107.423 E.0086
G1 X125.874 Y107.321 E.00448
;WIDTH:0.42677
G1 X125.886 Y106.84 E.01536
;WIDTH:0.419999
G1 X125.886 Y105.986 E.02678
G1 X127.247 Y105.983 E.04267
;WIDTH:0.415219
G1 X127.344 Y105.931 E.00341
M204 S1000
;WIPE_START
G1 F5760
G1 X127.397 Y105.903 E-.02076
G1 X127.187 Y106.337 E-.16699
G1 X126.849 Y106.775 E-.19162
G1 X126.455 Y107.106 E-.17823
;WIPE_END
G1 E-.2424 F2100
G1 Z2.4 F7200
G1 X126.474 Y106.494
G1 Z1.8
G1 E.8 F2100
M204 S820
;TYPE:Perimeter
;WIDTH:0.682008
G1 F900
G1 X126.434 Y106.563 E.00424
G1 X126.354 Y106.563 E.00425
G1 X126.314 Y106.494 E.00424
G1 X126.354 Y106.424 E.00428
G1 X126.434 Y106.424 E.00425
M204 S1000
;WIPE_START
G1 F5760
G1 X126.354 Y106.424 E-.02771
G1 X126.314 Y106.494 E-.02792
G1 X126.354 Y106.563 E-.02762
G1 X126.434 Y106.563 E-.02771
G1 X126.474 Y106.494 E-.02762
;WIPE_END
G1 E-.66142 F2100
G1 Z2.4 F7200
G1 X127.41 Y104.128
G1 Z1.8
G1 E.8 F2100
M204 S820
;TYPE:External perimeter
;WIDTH:0.444862
G1 F900
G1 X127.437 Y104.321 E.00651
;WIDTH:0.48739
G1 X127.464 Y104.514 E.0072
;WIDTH:0.529918
G1 X127.491 Y104.707 E.00789
;WIDTH:0.534448
G1 X127.493 Y105.248 E.02211
G1 X127.473 Y105.431 E.00752
;WIDTH:0.494782
G1 X127.453 Y105.614 E.00692
;WIDTH:0.455116
G1 X127.433 Y105.797 E.00631
;WIDTH:0.41545
G1 X127.397 Y105.903 E.00347
M204 S1000
;WIPE_START
G1 F5760
G1 X127.433 Y105.797 E-.03877
;WIPE_END
G1 E-.76123 F2100
G1 Z2.4 F7200
G1 X125.748 Y102.567
G1 Z1.8
G1 E.8 F2100
M204 S820
;WIDTH:0.428434
G1 F900
G1 X125.94 Y102.618 E.00637
;WIDTH:0.424337
G1 X126.426 Y102.87 E.01736
;WIDTH:0.419999
G1 X126.849 Y103.225 E.01731
G1 X127.186 Y103.663 E.01733
G1 X127.41 Y104.128 E.01618
;WIDTH:0.413006
G1 X127.247 Y104.018 E.00605
;WIDTH:0.419999
G1 X125.886 Y104.014 E.04267
G1 X125.886 Y103.506 E.01593
;WIDTH:0.424337
G1 X125.873 Y102.68 E.0262
;WIDTH:0.428434
G1 X125.792 Y102.607 E.0035
M204 S1000
;WIPE_START
G1 F5760
G1 X125.748 Y102.567 E-.0206
G1 X125.94 Y102.618 E-.06881
;WIPE_END
G1 E-.71059 F2100
G1 Z2.4 F7200
G1 X126.474 Y103.506
G1 Z1.8
G1 E.8 F2100
M204 S820
;TYPE:Perimeter
;WIDTH:0.682006
G1 F900
G1 X126.434 Y103.576 E.00428
G1 X126.354 Y103.576 E.00425
G1 X126.314 Y103.506 E.00428
G1 X126.354 Y103.437 E.00424
G1 X126.434 Y103.437 E.00425
M204 S1000
;WIPE_START
G1 F5760
G1 X126.354 Y103.437 E-.02771
G1 X126.314 Y103.506 E-.02762
G1 X126.354 Y103.576 E-.02792
G1 X126.434 Y103.576 E-.02771
G1 X126.474 Y103.506 E-.02792
;WIPE_END
G1 E-.66112 F2100
G1 Z2.4 F7200
G1 X124.199 Y102.585
G1 Z1.8
G1 E.8 F2100
M204 S820
;TYPE:External perimeter
;WIDTH:0.472936
G1 F900
G1 X124.417 Y102.558 E.00785
;WIDTH:0.507971
G1 X124.636 Y102.53 E.00854
;WIDTH:0.543006
G1 X124.854 Y102.503 E.00913
G1 X125.395 Y102.516 E.0225
;WIDTH:0.516068
G1 X125.571 Y102.542 E.007
;WIDTH:0.472251
G1 X125.748 Y102.567 E.00638
M204 S1000
;WIPE_START
G1 F5760
G1 X125.571 Y102.542 E-.06191
;WIPE_END
G1 E-.73809 F2100
G1 Z2.4 F7200
G1 X122.588 Y104.146
G1 Z1.8
G1 E.8 F2100
M204 S820
;WIDTH:0.412351
G1 F900
G1 X122.69 Y103.884 E.00864
;WIDTH:0.419999
G1 X122.956 Y103.453 E.01588
G1 X123.336 Y103.05 E.01737
G1 X123.773 Y102.752 E.01658
;WIDTH:0.4379
G1 X124.199 Y102.585 E.01503
G1 X124.111 Y102.753 E.00623
;WIDTH:0.426847
G1 X124.114 Y102.933 E.00575
;WIDTH:0.419999
G1 X124.114 Y104.014 E.03389
G1 X122.775 Y104.018 E.04198
;WIDTH:0.412351
G1 X122.638 Y104.112 E.0051
M204 S1000
;WIPE_START
G1 F5760
G1 X122.588 Y104.146 E-.02094
G1 X122.69 Y103.884 E-.09738
;WIPE_END
G1 E-.68168 F2100
G1 Z2.4 F7200
G1 X123.686 Y103.506
G1 Z1.8
G1 E.8 F2100
M204 S820
;TYPE:Perimeter
;WIDTH:0.683298
G1 F900
G1 X123.646 Y103.575 E.00425
G1 X123.566 Y103.575 E.00426
G1 X123.526 Y103.506 E.00425
G1 X123.566 Y103.436 E.00429
G1 X123.646 Y103.436 E.00426
M204 S1000
;WIPE_START
G1 F5760
G1 X123.566 Y103.436 E-.02771
G1 X123.526 Y103.506 E-.02792
G1 X123.566 Y103.575 E-.02762
G1 X123.646 Y103.575 E-.02771
G1 X123.686 Y103.506 E-.02762
;WIPE_END
G1 E-.66142 F2100
G1 Z2.4 F7200
G1 X122.597 Y105.882
G1 Z1.8
G1 E.8 F2100
M204 S820
;TYPE:External perimeter
;WIDTH:0.443695
G1 F900
G1 X122.563 Y105.712 E.00578
;WIDTH:0.488744
G1 X122.53 Y105.542 E.00642
;WIDTH:0.518061
G1 X122.515 Y105.271 E.01072
;WIDTH:0.547378
G1 X122.501 Y105 E.01138
G1 X122.515 Y104.73 E.01134
;WIDTH:0.518131
G1 X122.53 Y104.459 E.01072
;WIDTH:0.488884
G1 X122.559 Y104.302 E.00592
;WIDTH:0.440506
G1 X122.588 Y104.146 E.00525
M204 S1000
;WIPE_START
G1 F5760
G1 X122.559 Y104.302 E-.05496
;WIPE_END
G1 E-.74504 F2100
G1 Z2.4 F7200
G1 X124.23 Y107.429
G1 Z1.8
G1 E.8 F2100
M204 S820
;WIDTH:0.434928
G1 F900
G1 X123.793 Y107.261 E.01526
;WIDTH:0.419999
G1 X123.336 Y106.949 E.01735
G1 X122.965 Y106.549 E.01711
G1 X122.685 Y106.102 E.01654
;WIDTH:0.411409
G1 X122.597 Y105.882 E.00726
G1 X122.753 Y105.981 E.00566
;WIDTH:0.419999
G1 X124.114 Y105.986 E.04267
G1 X124.114 Y106.588 E.01888
;WIDTH:0.424493
G1 X124.112 Y107.247 E.02091
;WIDTH:0.434928
G1 X124.197 Y107.378 E.00509
M204 S1000
;WIPE_START
G1 F5760
G1 X124.23 Y107.429 E-.02104
G1 X123.793 Y107.261 E-.16216
;WIPE_END
G1 E-.6168 F2100
G1 Z2.4 F7200
G1 X123.685 Y106.495
G1 Z1.8
G1 E.8 F2100
M204 S820
;TYPE:Perimeter
;WIDTH:0.684048
G1 F900
G1 X123.645 Y106.564 E.00425
G1 X123.565 Y106.564 E.00426
G1 X123.525 Y106.495 E.00425
G1 X123.565 Y106.425 E.0043
G1 X123.645 Y106.425 E.00426
M204 S1000
;LAYER_CHANGE
;Z:2
;HEIGHT:0.2
;BEFORE_LAYER_CHANGE
G92 E0.0
;2


;WIPE_START
G1 F5760
G1 X123.565 Y106.425 E-.02771
G1 X123.525 Y106.495 E-.02792
G1 X123.565 Y106.564 E-.02762
G1 X123.645 Y106.564 E-.02771
G1 X123.685 Y106.495 E-.02762
;WIPE_END
G1 E-.66142 F2100
M73 Q16 S12
G1 Z2 F7200
;AFTER_LAYER_CHANGE
;2
G1 Z2.6
G1 X133.113 Y96.945
M73 P16 R12
G1 Z2
G1 E.8 F2100
M204 S820
;TYPE:External perimeter
;WIDTH:0.578479
G1 F900
G1 X133.211 Y97.215 E.01279
;WIDTH:0.560435
G1 X133.23 Y97.488 E.01178
;WIDTH:0.52146
G1 X133.23 Y112.512 E.59782
;WIDTH:0.552931
G1 X133.214 Y112.758 E.01045
;WIDTH:0.576519
G1 X133.12 Y113.033 E.01289
G1 X132.931 Y113.178 E.01057
;WIDTH:0.568676
G1 X132.512 Y113.23 E.01846
;WIDTH:0.52146
G1 X117.488 Y113.23 E.59782
;WIDTH:0.55293
G1 X117.242 Y113.214 E.01045
;WIDTH:0.576519
G1 X116.967 Y113.12 E.01289
G1 X116.822 Y112.931 E.01057
;WIDTH:0.568678
G1 X116.77 Y112.512 E.01846
;WIDTH:0.52146
G1 X116.77 Y97.488 E.59782
;WIDTH:0.55293
G1 X116.786 Y97.242 E.01045
;WIDTH:0.576519
G1 X116.88 Y96.967 E.01289
G1 X117.069 Y96.822 E.01057
;WIDTH:0.568676
G1 X117.488 Y96.77 E.01846
;WIDTH:0.52146
G1 X132.512 Y96.77 E.59782
;WIDTH:0.548992
G1 X132.719 Y96.799 E.0088
;WIDTH:0.576523
G1 X132.925 Y96.828 E.00923
;WIDTH:0.578479
G1 X133.062 Y96.913 E.00718
M204 S1000
G1 X132.728 Y97.395 F7200
M204 S820
;WIDTH:0.54997
G1 F900
G1 X132.752 Y97.488 E.00405
;WIDTH:0.52146
G1 X132.752 Y112.512 E.59782
;WIDTH:0.549969
G1 X132.725 Y112.609 E.00425
;WIDTH:0.578477
G1 X132.698 Y112.705 E.00444
G1 X132.605 Y112.728 E.00427
;WIDTH:0.549969
G1 X132.512 Y112.752 E.00405
;WIDTH:0.52146
G1 X117.488 Y112.752 E.59782
;WIDTH:0.549969
G1 X117.391 Y112.725 E.00425
;WIDTH:0.578478
G1 X117.295 Y112.698 E.00444
G1 X117.272 Y112.605 E.00427
;WIDTH:0.549969
G1 X117.248 Y112.512 E.00405
;WIDTH:0.52146
G1 X117.248 Y97.488 E.59782
;WIDTH:0.549969
G1 X117.275 Y97.391 E.00425
;WIDTH:0.578477
G1 X117.302 Y97.295 E.00444
G1 X117.395 Y97.272 E.00427
;WIDTH:0.549969
G1 X117.488 Y97.248 E.00405
;WIDTH:0.52146
G1 X132.512 Y97.248 E.59782
;WIDTH:0.54997
G1 X132.609 Y97.275 E.00425
M73 Q17 S12
;WIDTH:0.578479
G1 X132.705 Y97.302 E.00444
G1 X132.714 Y97.337 E.00161
M204 S1000
;WIPE_START
G1 F5760
G1 X132.728 Y97.395 E-.02067
G1 X132.752 Y97.488 E-.03327
;WIPE_END
G1 E-.74606 F2100
G1 Z2.6 F7200
M73 P17 R12
G1 X125.776 Y107.423
G1 Z2
G1 E.8 F2100
M204 S820
;WIDTH:0.488792
G1 F900
G1 X125.584 Y107.453 E.0072
;WIDTH:0.530498
G1 X125.392 Y107.484 E.00788
;WIDTH:0.556752
G1 X124.851 Y107.497 E.02312
G1 X124.579 Y107.474 E.01166
;WIDTH:0.511146
G1 X124.307 Y107.451 E.01063
;WIDTH:0.46554
G1 X124.234 Y107.429 E.00268
M204 S1000
;WIPE_START
G1 F5760
G1 X124.307 Y107.451 E-.02641
;WIPE_END
G1 E-.77359 F2100
G1 Z2.6 F7200
G1 X127.24 Y105.98
G1 Z2
G1 E.8 F2100
M204 S820
;WIDTH:0.426648
G1 F900
G1 X127.397 Y105.901 E.00561
G1 X127.19 Y106.345 E.01563
;WIDTH:0.419999
G1 X126.851 Y106.783 E.01737
G1 X126.455 Y107.114 E.01618
;WIDTH:0.42766
G1 X126.039 Y107.335 E.01507
;WIDTH:0.447086
G1 X125.776 Y107.423 E.00932
G1 X125.869 Y107.32 E.00466
;WIDTH:0.436173
G1 X125.879 Y106.844 E.01557
;WIDTH:0.419999
G1 X125.879 Y105.979 E.02712
G1 X126.508 Y105.979 E.01972
;WIDTH:0.422976
G1 X127.18 Y105.98 E.02124
M204 S1000
G1 X126.475 Y106.494 F7200
M204 S820
;TYPE:Perimeter
;WIDTH:0.69607
G1 F900
G1 X126.435 Y106.564 E.00438
G1 X126.353 Y106.564 E.00445
G1 X126.312 Y106.494 E.00441
G1 X126.353 Y106.423 E.00445
G1 X126.435 Y106.423 E.00445
M204 S1000
;WIPE_START
G1 F5760
G1 X126.353 Y106.423 E-.0284
G1 X126.312 Y106.494 E-.0284
G1 X126.353 Y106.564 E-.0281
G1 X126.435 Y106.564 E-.0284
G1 X126.475 Y106.494 E-.02792
;WIPE_END
G1 E-.65878 F2100
G1 Z2.6 F7200
G1 X127.41 Y104.132
G1 Z2
G1 E.8 F2100
M204 S820
;TYPE:External perimeter
;WIDTH:0.459408
G1 F900
G1 X127.437 Y104.322 E.00665
;WIDTH:0.50123
G1 X127.463 Y104.511 E.00727
;WIDTH:0.543052
G1 X127.49 Y104.701 E.00798
;WIDTH:0.548862
G1 X127.493 Y105.241 E.02272
G1 X127.473 Y105.424 E.00774
;WIDTH:0.509264
G1 X127.453 Y105.607 E.00714
;WIDTH:0.469666
G1 X127.434 Y105.79 E.00653
;WIDTH:0.430068
G1 X127.397 Y105.901 E.00377
M204 S1000
;WIPE_START
G1 F5760
G1 X127.434 Y105.79 E-.04052
;WIPE_END
G1 E-.75948 F2100
G1 Z2.6 F7200
G1 X127.41 Y104.132
G1 Z2
G1 E.8 F2100
M204 S820
;WIDTH:0.419106
G1 F900
G1 X127.24 Y104.022 E.00633
;WIDTH:0.419999
G1 X125.879 Y104.021 E.04267
G1 X125.879 Y103.506 E.01615
;WIDTH:0.4323
G1 X125.868 Y102.68 E.02675
;WIDTH:0.444046
G1 X125.742 Y102.566 E.00567
G1 X125.938 Y102.614 E.00673
;WIDTH:0.4323
G1 X126.426 Y102.862 E.01772
;WIDTH:0.419999
G1 X126.851 Y103.217 E.01736
G1 X127.189 Y103.654 E.01732
G1 X127.385 Y104.077 E.01462
M204 S1000
;WIPE_START
G1 F5760
G1 X127.41 Y104.132 E-.02093
G1 X127.24 Y104.022 E-.07013
;WIPE_END
G1 E-.70894 F2100
G1 Z2.6 F7200
G1 X126.475 Y103.506
G1 Z2
G1 E.8 F2100
M204 S820
;TYPE:Perimeter
;WIDTH:0.69607
G1 F900
G1 X126.435 Y103.577 E.00443
G1 X126.353 Y103.577 E.00445
G1 X126.312 Y103.506 E.00445
G1 X126.353 Y103.436 E.00441
G1 X126.435 Y103.436 E.00445
M204 S1000
;WIPE_START
G1 F5760
G1 X126.353 Y103.436 E-.0284
G1 X126.312 Y103.506 E-.0281
G1 X126.353 Y103.577 E-.0284
G1 X126.435 Y103.577 E-.0284
G1 X126.475 Y103.506 E-.02823
;WIPE_END
G1 E-.65847 F2100
G1 Z2.6 F7200
G1 X124.201 Y102.585
G1 Z2
G1 E.8 F2100
M204 S820
;TYPE:External perimeter
;WIDTH:0.488403
G1 F900
G1 X124.418 Y102.558 E.0081
;WIDTH:0.52257
G1 X124.635 Y102.531 E.00872
;WIDTH:0.556736
G1 X124.851 Y102.503 E.00931
G1 X125.392 Y102.516 E.02312
;WIDTH:0.53049
G1 X125.567 Y102.541 E.00717
;WIDTH:0.487268
G1 X125.742 Y102.566 E.00653
M204 S1000
;WIPE_START
G1 F5760
G1 X125.567 Y102.541 E-.06123
;WIPE_END
G1 E-.73877 F2100
G1 Z2.6 F7200
G1 X122.588 Y104.15
G1 Z2
G1 E.8 F2100
M204 S820
;WIDTH:0.416975
G1 F900
G1 X122.688 Y103.882 E.0089
;WIDTH:0.419999
G1 X122.95 Y103.45 E.01584
G1 X123.33 Y103.046 E.01739
G1 X123.767 Y102.748 E.01658
;WIDTH:0.454236
G1 X124.201 Y102.585 E.01586
G1 X124.115 Y102.76 E.00667
;WIDTH:0.432249
G1 X124.121 Y102.935 E.00567
;WIDTH:0.419999
G1 X124.121 Y104.021 E.03405
G1 X122.787 Y104.023 E.04183
;WIDTH:0.416975
G1 X122.639 Y104.117 E.00545
M204 S1000
;WIPE_START
G1 F5760
G1 X122.588 Y104.15 E-.02104
G1 X122.688 Y103.882 E-.09907
;WIPE_END
G1 E-.67989 F2100
G1 Z2.6 F7200
G1 X123.687 Y103.506
G1 Z2
G1 E.8 F2100
M204 S820
;TYPE:Perimeter
;WIDTH:0.697312
G1 F900
G1 X123.647 Y103.577 E.00443
G1 X123.565 Y103.577 E.00446
G1 X123.524 Y103.506 E.00446
G1 X123.565 Y103.435 E.00446
G1 X123.647 Y103.435 E.00446
M204 S1000
;WIPE_START
G1 F5760
G1 X123.565 Y103.435 E-.0284
G1 X123.524 Y103.506 E-.0284
G1 X123.565 Y103.577 E-.0284
G1 X123.647 Y103.577 E-.0284
G1 X123.687 Y103.506 E-.02823
;WIPE_END
G1 E-.65817 F2100
G1 Z2.6 F7200
G1 X122.597 Y105.879
G1 Z2
G1 E.8 F2100
M204 S820
;TYPE:External perimeter
;WIDTH:0.458677
G1 F900
G1 X122.563 Y105.71 E.00596
;WIDTH:0.502766
G1 X122.53 Y105.542 E.00655
;WIDTH:0.532037
G1 X122.515 Y105.271 E.01104
;WIDTH:0.561308
G1 X122.501 Y105 E.0117
G1 X122.515 Y104.73 E.01165
;WIDTH:0.532128
G1 X122.53 Y104.46 E.011
;WIDTH:0.502948
G1 X122.559 Y104.305 E.00603
;WIDTH:0.45497
G1 X122.588 Y104.15 E.0054
M204 S1000
;WIPE_START
G1 F5760
G1 X122.559 Y104.305 E-.05462
;WIPE_END
G1 E-.74538 F2100
G1 Z2.6 F7200
G1 X124.234 Y107.429
G1 Z2
G1 E.8 F2100
M204 S820
;WIDTH:0.451142
G1 F900
G1 X123.788 Y107.266 E.01612
;WIDTH:0.419999
G1 X123.33 Y106.954 E.01738
G1 X122.967 Y106.562 E.01675
G1 X122.686 Y106.11 E.01669
;WIDTH:0.417961
G1 X122.597 Y105.879 E.00772
G1 X122.76 Y105.978 E.00595
;WIDTH:0.419999
G1 X124.121 Y105.979 E.04267
G1 X124.121 Y106.586 E.01903
;WIDTH:0.428497
G1 X124.117 Y107.24 E.02097
;WIDTH:0.451142
G1 X124.202 Y107.378 E.0055
M204 S1000
;WIPE_START
G1 F5760
G1 X124.234 Y107.429 E-.02085
G1 X123.788 Y107.266 E-.16447
;WIPE_END
G1 E-.61468 F2100
G1 Z2.6 F7200
G1 X123.687 Y106.495
G1 Z2
G1 E.8 F2100
M204 S820
;TYPE:Perimeter
;WIDTH:0.698282
G1 F900
G1 X123.646 Y106.566 E.00447
G1 X123.564 Y106.566 E.00447
G1 X123.523 Y106.495 E.00447
G1 X123.564 Y106.424 E.00447
G1 X123.646 Y106.424 E.00447
M204 S1000
;LAYER_CHANGE
;Z:2.2
;HEIGHT:0.2
;BEFORE_LAYER_CHANGE
G92 E0.0
;2.2


;WIPE_START
G1 F5760
G1 X123.564 Y106.424 E-.0284
G1 X123.523 Y106.495 E-.0284
G1 X123.564 Y106.566 E-.0284
G1 X123.646 Y106.566 E-.0284
G1 X123.687 Y106.495 E-.0284
;WIPE_END
G1 E-.658 F2100
G1 Z2.2 F7200
;AFTER_LAYER_CHANGE
;2.2
G1 Z2.8
G1 X133.06 Y96.999
G1 Z2.2
G1 E.8 F2100
M204 S820
;TYPE:External perimeter
;WIDTH:0.578483
G1 F900
G1 X133.157 Y97.268 E.01273
;WIDTH:0.560435
G1 X133.177 Y97.541 E.01178
;WIDTH:0.52146
G1 X133.177 Y112.459 E.5936
;WIDTH:0.55287
G1 X133.161 Y112.704 E.01041
;WIDTH:0.57652
G1 X133.067 Y112.979 E.01289
G1 X132.877 Y113.124 E.0106
;WIDTH:0.568677
G1 X132.459 Y113.177 E.01842
;WIDTH:0.521461
G1 X117.541 Y113.177 E.5936
;WIDTH:0.552932
G1 X117.296 Y113.161 E.01041
;WIDTH:0.576519
G1 X117.021 Y113.067 E.01289
G1 X116.876 Y112.877 E.0106
;WIDTH:0.568676
G1 X116.823 Y112.459 E.01842
;WIDTH:0.52146
G1 X116.823 Y97.541 E.5936
;WIDTH:0.552869
G1 X116.839 Y97.296 E.01041
M73 P18 R12
M73 Q18 S12
;WIDTH:0.576521
G1 X116.934 Y97.021 E.01291
G1 X117.123 Y96.876 E.01057
;WIDTH:0.568676
G1 X117.541 Y96.823 E.01842
;WIDTH:0.52146
G1 X132.459 Y96.823 E.5936
;WIDTH:0.548998
G1 X132.665 Y96.853 E.00876
;WIDTH:0.576535
G1 X132.871 Y96.882 E.00923
;WIDTH:0.578483
G1 X133.009 Y96.967 E.00722
M204 S1000
G1 X132.675 Y97.448 F7200
M204 S820
;WIDTH:0.549972
G1 F900
G1 X132.698 Y97.541 E.00404
;WIDTH:0.52146
G1 X132.698 Y112.459 E.5936
;WIDTH:0.549969
G1 X132.671 Y112.555 E.0042
;WIDTH:0.578477
G1 X132.645 Y112.652 E.00447
G1 X132.552 Y112.675 E.00427
;WIDTH:0.549969
G1 X132.459 Y112.698 E.00404
;WIDTH:0.521461
G1 X117.541 Y112.698 E.5936
;WIDTH:0.54997
G1 X117.445 Y112.671 E.0042
;WIDTH:0.578478
G1 X117.348 Y112.645 E.00447
G1 X117.325 Y112.552 E.00427
;WIDTH:0.549969
G1 X117.302 Y112.459 E.00404
;WIDTH:0.52146
G1 X117.302 Y97.541 E.5936
;WIDTH:0.549969
G1 X117.329 Y97.445 E.0042
;WIDTH:0.578478
G1 X117.355 Y97.348 E.00447
G1 X117.448 Y97.325 E.00427
;WIDTH:0.549969
G1 X117.541 Y97.302 E.00404
;WIDTH:0.52146
G1 X132.459 Y97.302 E.5936
;WIDTH:0.549972
G1 X132.555 Y97.329 E.0042
;WIDTH:0.578483
G1 X132.652 Y97.355 E.00447
G1 X132.66 Y97.39 E.0016
M204 S1000
;WIPE_START
G1 F5760
G1 X132.675 Y97.448 E-.02075
G1 X132.698 Y97.541 E-.03318
;WIPE_END
G1 E-.74607 F2100
G1 Z2.8 F7200
G1 X126.763 Y103.673
G1 Z2.2
G1 E.8 F2100
M204 S820
;TYPE:Perimeter
;WIDTH:0.376531
G1 F900
G1 X126.227 Y103.673 E.01487
G1 X126.228 Y103.152 E.01445
G1 X126.501 Y103.378 E.00983
G1 X126.723 Y103.628 E.00927
M204 S1000
G1 X127.41 Y104.136 F7200
M204 S820
;TYPE:External perimeter
;WIDTH:0.473978
G1 F900
G1 X127.437 Y104.322 E.00674
;WIDTH:0.515096
G1 X127.463 Y104.509 E.00741
;WIDTH:0.556214
G1 X127.49 Y104.696 E.00806
;WIDTH:0.563274
G1 X127.493 Y105.235 E.02332
G1 X127.473 Y105.417 E.00792
;WIDTH:0.523744
G1 X127.454 Y105.6 E.00736
;WIDTH:0.484213
G1 X127.434 Y105.783 E.00675
;WIDTH:0.444682
G1 X127.396 Y105.899 E.00408
M204 S1000
G1 X126.763 Y106.327 F7200
M204 S820
;TYPE:Perimeter
;WIDTH:0.376531
G1 F900
G1 X126.604 Y106.532 E.0072
G1 X126.228 Y106.848 E.01362
G1 X126.227 Y106.327 E.01445
G1 X126.703 Y106.327 E.0132
M204 S1000
;WIPE_START
G1 F5760
G1 X126.763 Y106.327 E-.02078
G1 X126.604 Y106.532 E-.08986
G1 X126.228 Y106.848 E-.17011
G1 X126.227 Y106.327 E-.18045
G1 X126.703 Y106.327 E-.16486
;WIPE_END
G1 E-.17394 F2100
G1 Z2.8 F7200
G1 X125.772 Y107.423
G1 Z2.2
G1 E.8 F2100
M204 S820
;TYPE:External perimeter
;WIDTH:0.503862
G1 F900
G1 X125.58 Y107.454 E.00745
;WIDTH:0.544914
G1 X125.388 Y107.484 E.00811
;WIDTH:0.570484
G1 X124.849 Y107.497 E.02365
G1 X124.583 Y107.474 E.01171
;WIDTH:0.525628
G1 X124.317 Y107.452 E.01071
;WIDTH:0.480772
G1 X124.237 Y107.43 E.00302
M204 S1000
G1 X123.772 Y106.833 F7200
M204 S820
;TYPE:Perimeter
;WIDTH:0.377719
G1 F900
G1 X123.566 Y106.692 E.00695
G1 X123.234 Y106.328 E.01372
G1 X123.772 Y106.328 E.01498
G1 X123.772 Y106.773 E.01239
M204 S1000
;WIPE_START
G1 F5760
G1 X123.772 Y106.833 E-.02078
G1 X123.566 Y106.692 E-.08646
G1 X123.234 Y106.328 E-.17064
G1 X123.772 Y106.328 E-.18634
G1 X123.772 Y106.773 E-.15413
;WIPE_END
G1 E-.18165 F2100
G1 Z2.8 F7200
G1 X122.597 Y105.876
G1 Z2.2
G1 E.8 F2100
M204 S820
;TYPE:External perimeter
;WIDTH:0.473654
G1 F900
G1 X122.563 Y105.708 E.00614
;WIDTH:0.516782
G1 X122.53 Y105.541 E.00671
;WIDTH:0.54601
G1 X122.515 Y105.271 E.01131
;WIDTH:0.575238
G1 X122.501 Y105 E.01201
G1 X122.515 Y104.73 E.01197
;WIDTH:0.546122
G1 X122.53 Y104.461 E.01127
;WIDTH:0.517006
G1 X122.559 Y104.307 E.00618
;WIDTH:0.469457
G1 X122.588 Y104.154 E.00552
M204 S1000
G1 X123.232 Y103.673 F7200
M204 S820
;TYPE:Perimeter
;WIDTH:0.377121
G1 F900
G1 X123.484 Y103.391 E.01051
G1 X123.773 Y103.166 E.01018
G1 X123.773 Y103.673 E.01409
G1 X123.292 Y103.673 E.01337
M204 S1000
;WIPE_START
G1 F5760
G1 X123.232 Y103.673 E-.02078
G1 X123.484 Y103.391 E-.13099
G1 X123.773 Y103.166 E-.12686
G1 X123.773 Y103.673 E-.1756
G1 X123.292 Y103.673 E-.1666
;WIPE_END
G1 E-.17917 F2100
G1 Z2.8 F7200
G1 X124.204 Y102.586
G1 Z2.2
G1 E.8 F2100
M204 S820
;TYPE:External perimeter
;WIDTH:0.520525
G1 F900
G1 X124.526 Y102.544 E.0129
;WIDTH:0.570468
G1 X124.848 Y102.503 E.01424
G1 X125.388 Y102.516 E.02369
;WIDTH:0.544912
G1 X125.563 Y102.541 E.00738
;WIDTH:0.502282
G1 X125.737 Y102.566 E.00671
M204 S1000
;WIPE_START
G1 F5760
G1 X125.563 Y102.541 E-.06088
;WIPE_END
G1 E-.73912 F2100
G1 Z2.8 F7200
G1 X122.588 Y104.154
G1 Z2.2
M73 Q19 S12
G1 E.8 F2100
M73 P19 R12
M204 S820
;WIDTH:0.421908
G1 F900
G1 X122.677 Y103.901 E.00845
;WIDTH:0.420552
G1 X122.943 Y103.447 E.01652
;WIDTH:0.419999
G1 X123.324 Y103.042 E.01743
G1 X123.761 Y102.743 E.0166
;WIDTH:0.445291
G1 X123.983 Y102.664 E.00788
;WIDTH:0.470582
G1 X124.204 Y102.586 E.00833
G1 X124.12 Y102.767 E.0071
;WIDTH:0.436849
G1 X124.128 Y102.937 E.00557
;WIDTH:0.419999
G1 X124.128 Y104.028 E.03421
G1 X123.606 Y104.028 E.01637
;WIDTH:0.420363
G1 X122.799 Y104.028 E.02533
;WIDTH:0.421908
G1 X122.64 Y104.123 E.00584
M204 S1000
;WIPE_START
G1 F5760
G1 X122.588 Y104.154 E-.02097
G1 X122.677 Y103.901 E-.09289
;WIPE_END
G1 E-.68614 F2100
G1 Z2.8 F7200
G1 X127.41 Y104.136
G1 Z2.2
G1 E.8 F2100
M204 S820
;WIDTH:0.43286
G1 F900
G1 X127.233 Y104.026 E.00676
;WIDTH:0.424422
G1 X126.976 Y104.028 E.00815
;WIDTH:0.419999
G1 X125.872 Y104.028 E.03462
G1 X125.872 Y103.506 E.01637
;WIDTH:0.440165
G1 X125.862 Y102.681 E.02725
;WIDTH:0.459652
G1 X125.737 Y102.566 E.00589
G1 X125.936 Y102.61 E.00706
;WIDTH:0.440165
G1 X126.456 Y102.879 E.01934
;WIDTH:0.419999
G1 X126.885 Y103.25 E.01778
G1 X127.204 Y103.673 E.01661
;WIDTH:0.43286
G1 X127.386 Y104.081 E.01449
M204 S1000
;WIPE_START
G1 F5760
G1 X127.41 Y104.136 E-.02078
G1 X127.233 Y104.026 E-.07218
;WIPE_END
G1 E-.70704 F2100
G1 Z2.8 F7200
G1 X127.396 Y105.899
G1 Z2.2
G1 E.8 F2100
M204 S820
;WIDTH:0.443482
G1 F900
G1 X127.193 Y106.353 E.01656
;WIDTH:0.419999
G1 X126.853 Y106.791 E.01739
G1 X126.456 Y107.121 E.01619
;WIDTH:0.430925
G1 X126.048 Y107.337 E.01489
;WIDTH:0.46281
G1 X125.772 Y107.423 E.01009
G1 X125.865 Y107.32 E.00485
;WIDTH:0.445584
G1 X125.872 Y106.848 E.01581
;WIDTH:0.419999
G1 X125.872 Y105.972 E.02747
G1 X126.504 Y105.972 E.01982
;WIDTH:0.429986
G1 X127.233 Y105.977 E.02346
;WIDTH:0.443482
G1 X127.342 Y105.925 E.00402
M204 S1000
;WIPE_START
G1 F5760
G1 X127.396 Y105.899 E-.02076
G1 X127.193 Y106.353 E-.17225
;WIPE_END
G1 E-.60699 F2100
G1 Z2.8 F7200
G1 X124.237 Y107.43
G1 Z2.2
M73 P19 R11
G1 E.8 F2100
M204 S820
;WIDTH:0.467366
G1 F900
G1 X123.782 Y107.271 E.01701
;WIDTH:0.419999
G1 X123.324 Y106.958 E.01739
G1 X122.968 Y106.574 E.01642
;WIDTH:0.423692
G1 X122.687 Y106.118 E.01696
;WIDTH:0.430526
G1 X122.597 Y105.876 E.00832
G1 X122.767 Y105.973 E.00631
;WIDTH:0.423692
G1 X123.303 Y105.972 E.01697
;WIDTH:0.419999
G1 X124.128 Y105.972 E.02587
G1 X124.128 Y106.584 E.01919
;WIDTH:0.431594
G1 X124.123 Y107.233 E.02098
;WIDTH:0.467366
G1 X124.207 Y107.378 E.00591
M204 S1000
;LAYER_CHANGE
;Z:2.4
;HEIGHT:0.2
;BEFORE_LAYER_CHANGE
G92 E0.0
;2.4


;WIPE_START
G1 F5760
G1 X124.237 Y107.43 E-.02079
G1 X123.782 Y107.271 E-.16694
;WIPE_END
G1 E-.61227 F2100
M73 Q19 S11
G1 Z2.4 F7200
;AFTER_LAYER_CHANGE
;2.4
G1 Z3
G1 X133.013 Y97.074
G1 Z2.4
G1 E.8 F2100
M204 S820
;WIDTH:0.576518
G1 F900
G1 X133.107 Y97.349 E.01289
;WIDTH:0.552931
G1 X133.123 Y97.595 E.01045
;WIDTH:0.52146
G1 X133.123 Y112.405 E.5893
;WIDTH:0.552931
G1 X133.107 Y112.651 E.01045
;WIDTH:0.576518
G1 X133.013 Y112.926 E.01289
G1 X132.823 Y113.07 E.01058
;WIDTH:0.568676
G1 X132.405 Y113.123 E.01842
;WIDTH:0.52146
G1 X117.595 Y113.123 E.5893
;WIDTH:0.55293
G1 X117.349 Y113.107 E.01045
;WIDTH:0.576519
G1 X117.074 Y113.013 E.01289
G1 X116.93 Y112.823 E.01058
;WIDTH:0.568677
G1 X116.877 Y112.405 E.01842
;WIDTH:0.52146
G1 X116.877 Y97.595 E.5893
;WIDTH:0.552931
G1 X116.893 Y97.349 E.01045
;WIDTH:0.576519
G1 X116.987 Y97.074 E.01289
G1 X117.177 Y96.93 E.01058
;WIDTH:0.568677
G1 X117.595 Y96.877 E.01842
;WIDTH:0.52134
G1 X132.405 Y96.886 E.58915
;WIDTH:0.564597
G1 X132.812 Y96.932 E.01777
;WIDTH:0.576518
G1 X132.964 Y97.04 E.00827
M204 S1000
G1 X132.605 Y97.418 F7200
M204 S820
G1 F900
G1 X132.624 Y97.506 E.00399
;WIDTH:0.548989
G1 X132.644 Y97.595 E.00384
;WIDTH:0.52146
G1 X132.644 Y112.405 E.5893
;WIDTH:0.549969
G1 X132.618 Y112.502 E.00423
;WIDTH:0.578477
G1 X132.591 Y112.598 E.00444
G1 X132.498 Y112.621 E.00427
;WIDTH:0.549969
G1 X132.405 Y112.644 E.00404
;WIDTH:0.52146
G1 X117.595 Y112.644 E.5893
;WIDTH:0.55293
G1 X117.472 Y112.629 E.00525
M73 P20 R11
M73 Q20 S11
;WIDTH:0.560435
G1 X117.375 Y112.542 E.00561
G1 X117.356 Y112.405 E.00595
;WIDTH:0.52146
G1 X117.356 Y97.595 E.5893
;WIDTH:0.549969
G1 X117.382 Y97.498 E.00423
;WIDTH:0.578478
G1 X117.409 Y97.402 E.00444
G1 X117.502 Y97.379 E.00427
;WIDTH:0.549909
G1 X117.595 Y97.356 E.00404
;WIDTH:0.52134
G1 X132.405 Y97.359 E.58915
;WIDTH:0.546016
G1 X132.505 Y97.388 E.00436
;WIDTH:0.576518
G1 X132.547 Y97.401 E.00195
M204 S1000
;WIPE_START
G1 F5760
G1 X132.605 Y97.418 E-.02093
G1 X132.624 Y97.506 E-.03118
;WIPE_END
G1 E-.74789 F2100
G1 Z3 F7200
G1 X126.223 Y103.677
G1 Z2.4
G1 E.8 F2100
M204 S820
;TYPE:Perimeter
;WIDTH:0.383196
G1 F900
G1 X126.223 Y103.159 E.01466
G1 X126.429 Y103.299 E.00705
G1 X126.78 Y103.677 E.0146
G1 X126.283 Y103.677 E.01406
M204 S1000
;WIPE_START
G1 F5760
G1 X126.223 Y103.677 E-.02078
G1 X126.223 Y103.159 E-.17941
G1 X126.429 Y103.299 E-.08627
G1 X126.78 Y103.677 E-.17866
G1 X126.283 Y103.677 E-.17214
;WIPE_END
G1 E-.16274 F2100
G1 Z3 F7200
G1 X127.417 Y104.148
G1 Z2.4
G1 E.8 F2100
M204 S820
;TYPE:External perimeter
;WIDTH:0.49231
G1 F900
G1 X127.441 Y104.329 E.00682
;WIDTH:0.530834
G1 X127.465 Y104.509 E.00737
;WIDTH:0.569358
G1 X127.489 Y104.689 E.00795
;WIDTH:0.577682
G1 X127.493 Y105.228 E.02397
G1 X127.474 Y105.411 E.00818
;WIDTH:0.538219
G1 X127.454 Y105.593 E.00754
;WIDTH:0.498756
G1 X127.434 Y105.776 E.00698
;WIDTH:0.460352
G1 X127.396 Y105.897 E.0044
M204 S1000
G1 X126.77 Y106.323 F7200
M204 S820
;TYPE:Perimeter
;WIDTH:0.383573
G1 F900
G1 X126.604 Y106.537 E.00767
G1 X126.223 Y106.857 E.01409
G1 X126.223 Y106.323 E.01513
G1 X126.71 Y106.323 E.01379
M204 S1000
;WIPE_START
G1 F5760
G1 X126.77 Y106.323 E-.02078
G1 X126.604 Y106.537 E-.09381
G1 X126.223 Y106.857 E-.17233
G1 X126.223 Y106.323 E-.18495
G1 X126.71 Y106.323 E-.16867
;WIPE_END
G1 E-.15946 F2100
G1 Z3 F7200
G1 X125.759 Y107.432
G1 Z2.4
G1 E.8 F2100
M204 S820
;TYPE:External perimeter
;WIDTH:0.53632
G1 F900
G1 X125.436 Y107.465 E.01332
;WIDTH:0.586154
G1 X125.113 Y107.498 E.01467
G1 X124.575 Y107.481 E.02431
;WIDTH:0.553022
G1 X124.42 Y107.457 E.00665
;WIDTH:0.513756
G1 X124.265 Y107.434 E.00613
M204 S1000
;WIPE_START
G1 F5760
G1 X124.42 Y107.457 E-.05427
;WIPE_END
G1 E-.74573 F2100
G1 Z3 F7200
G1 X127.396 Y105.897
G1 Z2.4
G1 E.8 F2100
M204 S820
;WIDTH:0.460352
G1 F900
G1 X127.196 Y106.361 E.01754
;WIDTH:0.419999
G1 X126.855 Y106.799 E.0174
G1 X126.445 Y107.139 E.0167
G1 X126.205 Y107.285 E.00881
;WIDTH:0.453243
G1 X125.982 Y107.359 E.00802
;WIDTH:0.486486
G1 X125.759 Y107.432 E.00865
G1 X125.815 Y107.329 E.00432
;WIDTH:0.460202
G1 X125.872 Y107.226 E.00408
;WIDTH:0.433917
G1 X125.865 Y107.09 E.00443
;WIDTH:0.419999
G1 X125.865 Y105.965 E.03527
G1 X126.5 Y105.965 E.01991
;WIDTH:0.436252
G1 X127.226 Y105.973 E.02375
;WIDTH:0.460352
G1 X127.341 Y105.922 E.00437
M204 S1000
;WIPE_START
G1 F5760
G1 X127.396 Y105.897 E-.02093
G1 X127.196 Y106.361 E-.175
;WIPE_END
G1 E-.60407 F2100
G1 Z3 F7200
G1 X123.777 Y106.852
G1 Z2.4
G1 E.8 F2100
M204 S820
;TYPE:Perimeter
;WIDTH:0.383068
G1 F900
G1 X123.496 Y106.622 E.01027
G1 X123.229 Y106.323 E.01134
G1 X123.777 Y106.323 E.0155
G1 X123.777 Y106.792 E.01326
M204 S1000
;WIPE_START
G1 F5760
G1 X123.777 Y106.852 E-.02078
G1 X123.496 Y106.622 E-.12577
G1 X123.229 Y106.323 E-.13884
G1 X123.777 Y106.323 E-.1898
G1 X123.777 Y106.792 E-.16244
;WIPE_END
G1 E-.16237 F2100
G1 Z3 F7200
G1 X122.604 Y105.894
G1 Z2.4
G1 E.8 F2100
M204 S820
;TYPE:External perimeter
;WIDTH:0.496328
G1 F900
G1 X122.572 Y105.686 E.00793
;WIDTH:0.535495
G1 X122.54 Y105.478 E.00862
;WIDTH:0.574662
G1 X122.508 Y105.27 E.0093
G1 X122.508 Y104.73 E.02388
G1 X122.526 Y104.562 E.00747
;WIDTH:0.538132
G1 X122.545 Y104.393 E.007
;WIDTH:0.501601
G1 X122.563 Y104.224 E.00648
;WIDTH:0.46507
G1 X122.587 Y104.138 E.00313
M204 S1000
G1 X123.229 Y103.677 F7200
M204 S820
;TYPE:Perimeter
;WIDTH:0.383069
G1 F900
G1 X123.39 Y103.469 E.00744
G1 X123.777 Y103.148 E.01422
G1 X123.777 Y103.677 E.01496
G1 X123.289 Y103.677 E.0138
M204 S1000
;WIPE_START
G1 F5760
G1 X123.229 Y103.677 E-.02078
G1 X123.39 Y103.469 E-.0911
G1 X123.777 Y103.148 E-.17415
G1 X123.777 Y103.677 E-.18322
G1 X123.289 Y103.677 E-.16902
;WIPE_END
G1 E-.16173 F2100
G1 Z3 F7200
G1 X124.229 Y102.578
G1 Z2.4
G1 E.8 F2100
M204 S820
;TYPE:External perimeter
;WIDTH:0.515072
G1 F900
G1 X124.401 Y102.549 E.00685
;WIDTH:0.552382
G1 X124.573 Y102.519 E.0074
;WIDTH:0.579662
G1 X125.197 Y102.506 E.02786
G1 X125.476 Y102.538 E.01253
;WIDTH:0.530058
G1 X125.755 Y102.57 E.01138
;WIDTH:0.483768
G1 X125.79 Y102.585 E.0014
M204 S1000
;WIPE_START
G1 F5760
G1 X125.755 Y102.57 E-.01319
;WIPE_END
G1 E-.78681 F2100
G1 Z3 F7200
G1 X122.587 Y104.138
G1 Z2.4
G1 E.8 F2100
M204 S820
;WIDTH:0.45401
G1 F900
G1 X122.782 Y103.674 E.0172
;WIDTH:0.419999
G1 X123.117 Y103.23 E.01744
G1 X123.508 Y102.895 E.01614
;WIDTH:0.43356
G1 X123.94 Y102.661 E.01596
;WIDTH:0.477762
G1 X124.229 Y102.578 E.01087
G1 X124.131 Y102.71 E.00594
;WIDTH:0.449025
G1 X124.135 Y103.184 E.01601
;WIDTH:0.419999
G1 X124.135 Y104.035 E.02668
G1 X123.467 Y104.035 E.02094
;WIDTH:0.430492
G1 X122.774 Y104.03 E.02233
;WIDTH:0.45401
G1 X122.639 Y104.108 E.00533
M204 S1000
;WIPE_START
G1 F5760
G1 X122.587 Y104.138 E-.02079
G1 X122.782 Y103.674 E-.17432
;WIPE_END
G1 E-.60489 F2100
G1 Z3 F7200
G1 X125.865 Y104.035
G1 Z2.4
G1 E.8 F2100
M204 S820
;WIDTH:0.419999
G1 F900
G1 X125.865 Y103.382 E.02047
;WIDTH:0.439057
G1 X125.874 Y102.774 E.02003
;WIDTH:0.483768
G1 X125.79 Y102.585 E.00758
G1 X125.988 Y102.645 E.00758
;WIDTH:0.451884
G1 X126.187 Y102.705 E.00707
;WIDTH:0.419999
G1 X126.65 Y103.012 E.01742
G1 X127.037 Y103.411 E.01743
;WIDTH:0.428881
G1 X127.316 Y103.869 E.01721
;WIDTH:0.453786
G1 X127.417 Y104.148 E.01014
G1 X127.235 Y104.031 E.00739
;WIDTH:0.430181
G1 X126.731 Y104.035 E.01623
;WIDTH:0.419999
G1 X125.925 Y104.035 E.02527
M204 S1000
;WIPE_START
G1 F5760
G1 X125.865 Y104.035 E-.02078
G1 X125.865 Y103.382 E-.22617
;WIPE_END
G1 E-.55305 F2100
G1 Z3 F7200
G1 X124.265 Y107.434
G1 Z2.4
G1 E.8 F2100
M204 S820
;WIDTH:0.47449
G1 F900
G1 X124.026 Y107.381 E.00878
;WIDTH:0.442397
G1 X123.539 Y107.132 E.01817
;WIDTH:0.419999
G1 X123.117 Y106.77 E.01743
G1 X122.798 Y106.347 E.01661
;WIDTH:0.45716
G1 X122.604 Y105.894 E.01697
G1 X122.774 Y105.972 E.00644
;WIDTH:0.434656
G1 X122.988 Y105.965 E.00697
;WIDTH:0.419999
G1 X124.135 Y105.965 E.03596
G1 X124.135 Y106.493 E.01656
M73 Q21 S11
;WIDTH:0.442397
G1 X124.134 Y107.289 E.02644
M73 P21 R11
;WIDTH:0.47449
G1 X124.225 Y107.389 E.00485
M204 S1000
;LAYER_CHANGE
;Z:2.6
;HEIGHT:0.2
;BEFORE_LAYER_CHANGE
G92 E0.0
;2.6


;WIPE_START
G1 F5760
G1 X124.265 Y107.434 E-.02085
G1 X124.026 Y107.381 E-.08479
;WIPE_END
G1 E-.69436 F2100
G1 Z2.6 F7200
;AFTER_LAYER_CHANGE
;2.6
G1 Z3.2
G1 X132.953 Y97.106
G1 Z2.6
G1 E.8 F2100
M204 S820
;WIDTH:0.578477
G1 F900
G1 X133.05 Y97.375 E.01273
;WIDTH:0.560435
G1 X133.069 Y97.648 E.01178
;WIDTH:0.52146
G1 X133.069 Y112.352 E.58508
;WIDTH:0.552931
G1 X133.054 Y112.597 E.01041
;WIDTH:0.576536
G1 X132.959 Y112.872 E.01291
G1 X132.77 Y113.017 E.01057
;WIDTH:0.568624
G1 X132.352 Y113.069 E.01841
;WIDTH:0.52146
G1 X117.648 Y113.069 E.58508
;WIDTH:0.55293
G1 X117.403 Y113.054 E.01041
;WIDTH:0.576536
G1 X117.128 Y112.959 E.01291
G1 X116.983 Y112.77 E.01057
;WIDTH:0.568624
G1 X116.931 Y112.352 E.01841
;WIDTH:0.52146
G1 X116.931 Y97.648 E.58508
;WIDTH:0.552931
G1 X116.946 Y97.403 E.01041
;WIDTH:0.576519
G1 X117.041 Y97.128 E.01291
G1 X117.218 Y96.99 E.00996
;WIDTH:0.570012
G1 X117.648 Y96.931 E.01902
;WIDTH:0.52146
G1 X132.352 Y96.931 E.58508
;WIDTH:0.548989
G1 X132.558 Y96.96 E.00875
;WIDTH:0.576518
G1 X132.764 Y96.989 E.00923
;WIDTH:0.578477
G1 X132.902 Y97.074 E.00722
M204 S1000
G1 X132.544 Y97.463 F7200
M204 S820
G1 F900
G1 X132.568 Y97.556 E.00428
;WIDTH:0.549969
G1 X132.591 Y97.648 E.004
;WIDTH:0.52146
G1 X132.591 Y112.352 E.58508
;WIDTH:0.549967
G1 X132.564 Y112.448 E.0042
;WIDTH:0.578474
G1 X132.538 Y112.544 E.00443
G1 X132.445 Y112.568 E.00428
;WIDTH:0.549967
G1 X132.352 Y112.591 E.00404
;WIDTH:0.52146
G1 X117.648 Y112.591 E.58508
;WIDTH:0.549967
G1 X117.552 Y112.564 E.0042
;WIDTH:0.578474
G1 X117.456 Y112.538 E.00443
G1 X117.432 Y112.445 E.00428
;WIDTH:0.549967
G1 X117.409 Y112.352 E.00404
;WIDTH:0.52146
G1 X117.409 Y97.648 E.58508
;WIDTH:0.549971
G1 X117.436 Y97.552 E.0042
;WIDTH:0.578482
G1 X117.463 Y97.456 E.00444
G1 X117.556 Y97.432 E.00428
;WIDTH:0.549971
G1 X117.648 Y97.409 E.004
;WIDTH:0.52146
G1 X132.352 Y97.409 E.58508
;WIDTH:0.549969
G1 X132.448 Y97.436 E.0042
M73 Q22 S11
;WIDTH:0.578477
G1 X132.487 Y97.447 E.0018
M204 S1000
;WIPE_START
G1 F5760
G1 X132.544 Y97.463 E-.02051
G1 X132.568 Y97.556 E-.03327
;WIPE_END
G1 E-.74622 F2100
M73 P22 R11
G1 Z3.2 F7200
G1 X126.786 Y103.68
G1 Z2.6
G1 E.8 F2100
M204 S820
;TYPE:Perimeter
;WIDTH:0.390083
G1 F900
G1 X126.22 Y103.68 E.01634
G1 X126.22 Y103.153 E.01521
G1 X126.428 Y103.294 E.00725
G1 X126.745 Y103.636 E.01346
M204 S1000
G1 X127.417 Y104.153 F7200
M204 S820
;TYPE:External perimeter
;WIDTH:0.507004
G1 F900
G1 X127.441 Y104.33 E.00689
;WIDTH:0.544752
G1 X127.465 Y104.506 E.00741
;WIDTH:0.5825
G1 X127.489 Y104.683 E.00801
;WIDTH:0.592086
G1 X127.494 Y105.222 E.02461
G1 X127.474 Y105.404 E.00836
;WIDTH:0.552689
G1 X127.454 Y105.587 E.0078
;WIDTH:0.513292
G1 X127.435 Y105.769 E.00716
;WIDTH:0.477258
G1 X127.396 Y105.896 E.0048
M204 S1000
G1 X126.777 Y106.32 F7200
M204 S820
;TYPE:Perimeter
;WIDTH:0.39062
G1 F900
G1 X126.604 Y106.541 E.00811
G1 X126.22 Y106.863 E.01449
G1 X126.22 Y106.32 E.0157
G1 X126.717 Y106.32 E.01437
M204 S1000
;WIPE_START
G1 F5760
G1 X126.777 Y106.32 E-.02078
G1 X126.604 Y106.541 E-.09721
G1 X126.22 Y106.863 E-.17357
G1 X126.22 Y106.32 E-.18807
G1 X126.717 Y106.32 E-.17214
;WIPE_END
G1 E-.14823 F2100
G1 Z3.2 F7200
G1 X125.755 Y107.433
G1 Z2.6
G1 E.8 F2100
M204 S820
;TYPE:External perimeter
;WIDTH:0.551688
G1 F900
G1 X125.432 Y107.465 E.01373
;WIDTH:0.600176
G1 X125.109 Y107.498 E.01504
G1 X124.573 Y107.481 E.02485
;WIDTH:0.566482
G1 X124.421 Y107.457 E.0067
;WIDTH:0.52826
G1 X124.27 Y107.434 E.00616
M204 S1000
;WIPE_START
G1 F5760
G1 X124.421 Y107.457 E-.0529
;WIPE_END
G1 E-.7471 F2100
G1 Z3.2 F7200
G1 X127.396 Y105.896
G1 Z2.6
G1 E.8 F2100
M204 S820
;WIDTH:0.477258
G1 F900
G1 X127.298 Y106.132 E.00923
;WIDTH:0.448629
G1 X127.2 Y106.369 E.00865
;WIDTH:0.419999
G1 X126.856 Y106.807 E.01746
G1 X126.446 Y107.147 E.0167
G1 X126.205 Y107.293 E.00883
;WIDTH:0.4616
G1 X125.98 Y107.363 E.0082
;WIDTH:0.5032
G1 X125.755 Y107.433 E.00902
G1 X125.81 Y107.326 E.0046
;WIDTH:0.469094
G1 X125.865 Y107.219 E.00426
;WIDTH:0.434988
G1 X125.858 Y107.094 E.00408
;WIDTH:0.419999
G1 X125.858 Y105.958 E.03562
G1 X126.496 Y105.958 E.02
;WIDTH:0.441778
G1 X127.219 Y105.969 E.02398
;WIDTH:0.477258
G1 X127.34 Y105.919 E.00473
M204 S1000
;WIPE_START
G1 F5760
G1 X127.396 Y105.896 E-.02097
G1 X127.298 Y106.132 E-.08851
;WIPE_END
G1 E-.69052 F2100
G1 Z3.2 F7200
G1 X123.779 Y106.856
G1 Z2.6
G1 E.8 F2100
M204 S820
;TYPE:Perimeter
;WIDTH:0.39193
G1 F900
G1 X123.558 Y106.698 E.00788
G1 X123.225 Y106.321 E.0146
G1 X123.779 Y106.321 E.01608
G1 X123.779 Y106.796 E.01378
M204 S1000
;WIPE_START
G1 F5760
G1 X123.779 Y106.856 E-.02078
G1 X123.558 Y106.698 E-.09409
G1 X123.225 Y106.321 E-.17422
G1 X123.779 Y106.321 E-.19188
G1 X123.779 Y106.796 E-.16452
;WIPE_END
G1 E-.15451 F2100
G1 Z3.2 F7200
G1 X122.597 Y105.869
G1 Z2.6
G1 E.8 F2100
M204 S820
;TYPE:External perimeter
;WIDTH:0.503612
G1 F900
G1 X122.563 Y105.705 E.00642
;WIDTH:0.544828
G1 X122.53 Y105.54 E.00702
;WIDTH:0.573964
G1 X122.515 Y105.27 E.01194
;WIDTH:0.6031
G1 X122.501 Y105 E.01259
G1 X122.515 Y104.731 E.01255
;WIDTH:0.574119
G1 X122.53 Y104.462 E.0119
;WIDTH:0.545138
G1 X122.559 Y104.312 E.00638
;WIDTH:0.498504
G1 X122.589 Y104.162 E.00579
M204 S1000
G1 X123.229 Y103.68 F7200
M204 S820
;TYPE:Perimeter
;WIDTH:0.391135
G1 F900
G1 X123.479 Y103.386 E.01117
G1 X123.78 Y103.153 E.01102
G1 X123.78 Y103.68 E.01526
G1 X123.289 Y103.68 E.01422
M204 S1000
;WIPE_START
G1 F5760
G1 X123.229 Y103.68 E-.02078
G1 X123.479 Y103.386 E-.13367
G1 X123.78 Y103.153 E-.13184
G1 X123.78 Y103.68 E-.18253
G1 X123.289 Y103.68 E-.17006
;WIPE_END
G1 E-.16112 F2100
G1 Z3.2 F7200
G1 X124.209 Y102.586
G1 Z2.6
G1 E.8 F2100
M204 S820
;TYPE:External perimeter
;WIDTH:0.550995
G1 F900
G1 X124.528 Y102.544 E.01359
;WIDTH:0.59868
G1 X124.847 Y102.503 E.01486
G1 X125.25 Y102.523 E.01865
;WIDTH:0.558321
G1 X125.653 Y102.543 E.01729
;WIDTH:0.517962
G1 X125.787 Y102.585 E.00555
M204 S1000
;WIPE_START
G1 F5760
G1 X125.653 Y102.543 E-.04864
;WIPE_END
G1 E-.75136 F2100
G1 Z3.2 F7200
G1 X122.589 Y104.162
G1 Z2.6
G1 E.8 F2100
M204 S820
;WIDTH:0.45187
G1 F900
G1 X122.674 Y103.887 E.00979
;WIDTH:0.427597
G1 X122.931 Y103.44 E.01649
;WIDTH:0.419999
G1 X123.313 Y103.033 E.0175
G1 X123.75 Y102.734 E.0166
;WIDTH:0.461655
G1 X123.979 Y102.66 E.00838
;WIDTH:0.50331
G1 X124.209 Y102.586 E.00925
G1 X124.17 Y102.683 E.004
;WIDTH:0.473477
G1 X124.131 Y102.781 E.00378
;WIDTH:0.443644
G1 X124.142 Y102.94 E.00531
;WIDTH:0.419999
G1 X124.142 Y104.042 E.03455
G1 X123.606 Y104.042 E.01681
;WIDTH:0.423431
G1 X122.824 Y104.041 E.02474
;WIDTH:0.45187
G1 X122.642 Y104.134 E.00695
M204 S1000
;WIPE_START
G1 F5760
G1 X122.589 Y104.162 E-.02076
G1 X122.674 Y103.887 E-.09969
;WIPE_END
G1 E-.67955 F2100
G1 Z3.2 F7200
G1 X127.229 Y104.036
G1 Z2.6
G1 E.8 F2100
M204 S820
;WIDTH:0.433697
G1 F900
G1 X126.727 Y104.042 E.01631
;WIDTH:0.419999
G1 X125.858 Y104.042 E.02725
G1 X125.858 Y103.378 E.02082
;WIDTH:0.44167
G1 X125.868 Y102.781 E.0198
;WIDTH:0.470638
G1 X125.828 Y102.683 E.00376
;WIDTH:0.499606
G1 X125.787 Y102.585 E.00403
G1 X125.987 Y102.641 E.00789
;WIDTH:0.459803
G1 X126.186 Y102.697 E.00717
;WIDTH:0.419999
G1 X126.651 Y103.004 E.01747
G1 X127.04 Y103.403 E.01747
;WIDTH:0.431572
G1 X127.317 Y103.86 E.01727
;WIDTH:0.469256
G1 X127.417 Y104.153 E.01098
G1 X127.28 Y104.067 E.00573
M204 S1000
;WIPE_START
G1 F5760
G1 X127.229 Y104.036 E-.02067
G1 X126.727 Y104.042 E-.17388
;WIPE_END
G1 E-.60545 F2100
G1 Z3.2 F7200
G1 X124.27 Y107.434
G1 Z2.6
G1 E.8 F2100
M204 S820
;WIDTH:0.490038
G1 F900
G1 X124.022 Y107.383 E.00941
;WIDTH:0.447604
G1 X123.558 Y107.149 E.01749
;WIDTH:0.419999
G1 X123.316 Y106.97 E.00944
G1 X122.97 Y106.598 E.01593
;WIDTH:0.432703
G1 X122.687 Y106.135 E.01759
;WIDTH:0.462396
G1 X122.597 Y105.869 E.00979
G1 X122.781 Y105.964 E.00722
;WIDTH:0.432703
G1 X123.324 Y105.958 E.0176
;WIDTH:0.419999
G1 X124.142 Y105.958 E.02565
G1 X124.142 Y106.599 E.0201
;WIDTH:0.447604
G1 X124.139 Y107.284 E.02305
;WIDTH:0.490038
G1 X124.23 Y107.389 E.00517
M204 S1000
;LAYER_CHANGE
;Z:2.8
;HEIGHT:0.2
;BEFORE_LAYER_CHANGE
G92 E0.0
;2.8


;WIPE_START
G1 F5760
G1 X124.27 Y107.434 E-.02085
G1 X124.022 Y107.383 E-.08769
;WIPE_END
G1 E-.69146 F2100
G1 Z2.8 F7200
;AFTER_LAYER_CHANGE
;2.8
G1 Z3.4
G1 X132.899 Y97.159
G1 Z2.8
G1 E.8 F2100
M204 S820
;WIDTH:0.57849
G1 F900
G1 X132.996 Y97.429 E.01278
;WIDTH:0.560435
G1 X133.016 Y97.702 E.01178
;WIDTH:0.52146
G1 X133.016 Y112.298 E.58079
;WIDTH:0.552931
G1 X133 Y112.543 E.01041
;WIDTH:0.576519
G1 X132.906 Y112.818 E.01289
G1 X132.716 Y112.963 E.0106
;WIDTH:0.568676
G1 X132.298 Y113.016 E.01842
;WIDTH:0.52146
G1 X117.702 Y113.016 E.58079
;WIDTH:0.552931
G1 X117.457 Y113 E.01041
;WIDTH:0.576519
G1 X117.182 Y112.906 E.01289
G1 X117.037 Y112.716 E.0106
;WIDTH:0.568676
G1 X116.984 Y112.298 E.01842
;WIDTH:0.52146
G1 X116.984 Y97.702 E.58079
;WIDTH:0.552931
G1 X117 Y97.457 E.01041
M73 P23 R11
M73 Q23 S11
;WIDTH:0.576519
G1 X117.094 Y97.182 E.01289
G1 X117.284 Y97.037 E.0106
;WIDTH:0.568675
G1 X117.702 Y96.984 E.01842
;WIDTH:0.521376
G1 X132.298 Y96.99 E.58068
;WIDTH:0.542615
G1 X132.487 Y97.008 E.00789
;WIDTH:0.56794
G1 X132.675 Y97.025 E.00824
;WIDTH:0.57849
G1 X132.848 Y97.128 E.00897
M204 S1000
G1 X132.491 Y97.516 F7200
M204 S820
G1 F900
G1 X132.514 Y97.609 E.00427
;WIDTH:0.549975
G1 X132.537 Y97.702 E.00404
;WIDTH:0.52146
G1 X132.537 Y112.298 E.58079
;WIDTH:0.549968
G1 X132.511 Y112.394 E.00419
;WIDTH:0.578476
G1 X132.484 Y112.491 E.00448
G1 X132.391 Y112.514 E.00427
;WIDTH:0.549968
G1 X132.298 Y112.537 E.00404
;WIDTH:0.52146
G1 X117.702 Y112.537 E.58079
;WIDTH:0.549969
G1 X117.606 Y112.511 E.00419
;WIDTH:0.578477
G1 X117.509 Y112.484 E.00448
G1 X117.486 Y112.391 E.00427
;WIDTH:0.549969
G1 X117.463 Y112.298 E.00404
;WIDTH:0.52146
G1 X117.463 Y97.702 E.58079
;WIDTH:0.549969
G1 X117.489 Y97.606 E.00419
;WIDTH:0.578477
G1 X117.516 Y97.509 E.00448
G1 X117.588 Y97.487 E.00335
;WIDTH:0.551739
G1 X117.66 Y97.465 E.00319
;WIDTH:0.525001
G1 X117.702 Y97.463 E.00169
;WIDTH:0.521376
G1 X132.298 Y97.465 E.58068
;WIDTH:0.54789
G1 X132.394 Y97.491 E.00418
;WIDTH:0.57849
G1 X132.433 Y97.501 E.00179
M204 S1000
;WIPE_START
G1 F5760
G1 X132.491 Y97.516 E-.02075
G1 X132.514 Y97.609 E-.03318
;WIPE_END
G1 E-.74607 F2100
G1 Z3.4 F7200
G1 X126.792 Y103.684
G1 Z2.8
G1 E.8 F2100
M204 S820
;TYPE:Perimeter
;WIDTH:0.396977
G1 F900
G1 X126.216 Y103.684 E.01696
G1 X126.216 Y103.146 E.01584
G1 X126.428 Y103.289 E.00753
G1 X126.751 Y103.64 E.01404
M204 S1000
G1 X127.418 Y104.157 F7200
M204 S820
;TYPE:External perimeter
;WIDTH:0.5217
G1 F900
G1 X127.441 Y104.33 E.00695
;WIDTH:0.558673
G1 X127.465 Y104.504 E.00753
;WIDTH:0.595646
G1 X127.488 Y104.677 E.00802
;WIDTH:0.606486
G1 X127.494 Y105.215 E.02521
G1 X127.474 Y105.397 E.00858
;WIDTH:0.567156
G1 X127.455 Y105.58 E.00802
;WIDTH:0.527825
G1 X127.435 Y105.762 E.00738
;WIDTH:0.49419
G1 X127.395 Y105.894 E.00518
M204 S1000
G1 X126.785 Y106.317 F7200
M204 S820
;TYPE:Perimeter
;WIDTH:0.397673
G1 F900
G1 X126.604 Y106.546 E.00861
G1 X126.217 Y106.87 E.01489
G1 X126.217 Y106.317 E.01631
G1 X126.725 Y106.317 E.01498
M204 S1000
;WIPE_START
G1 F5760
G1 X126.785 Y106.317 E-.02078
G1 X126.604 Y106.546 E-.1011
G1 X126.217 Y106.87 E-.17481
G1 X126.217 Y106.317 E-.19153
G1 X126.725 Y106.317 E-.17595
;WIPE_END
G1 E-.13583 F2100
G1 Z3.4 F7200
G1 X125.743 Y107.435
G1 Z2.8
G1 E.8 F2100
M204 S820
;TYPE:External perimeter
;WIDTH:0.565689
G1 F900
G1 X125.424 Y107.466 E.01393
;WIDTH:0.614198
G1 X125.106 Y107.498 E.01518
G1 X124.57 Y107.481 E.02547
;WIDTH:0.57995
G1 X124.422 Y107.458 E.00669
;WIDTH:0.542778
G1 X124.274 Y107.434 E.00623
M204 S1000
;WIPE_START
G1 F5760
G1 X124.422 Y107.458 E-.05193
;WIPE_END
G1 E-.74807 F2100
G1 Z3.4 F7200
G1 X127.395 Y105.894
G1 Z2.8
G1 E.8 F2100
M204 S820
;WIDTH:0.49419
G1 F900
G1 X127.299 Y106.135 E.00973
;WIDTH:0.457095
G1 X127.203 Y106.377 E.00897
;WIDTH:0.419999
G1 X126.858 Y106.815 E.01748
G1 X126.446 Y107.155 E.01675
G1 X126.204 Y107.302 E.00888
;WIDTH:0.46859
G1 X125.974 Y107.368 E.00847
;WIDTH:0.51718
G1 X125.743 Y107.435 E.00948
G1 X125.8 Y107.324 E.00492
;WIDTH:0.47484
G1 X125.857 Y107.212 E.00451
;WIDTH:0.4325
G1 X125.851 Y107.098 E.0037
;WIDTH:0.419999
G1 X125.851 Y105.951 E.03596
G1 X126.493 Y105.951 E.02013
;WIDTH:0.446561
G1 X127.212 Y105.964 E.02414
;WIDTH:0.49419
G1 X127.339 Y105.915 E.00511
M204 S1000
;WIPE_START
G1 F5760
G1 X127.395 Y105.894 E-.02071
G1 X127.299 Y106.135 E-.08985
;WIPE_END
G1 E-.68944 F2100
G1 Z3.4 F7200
G1 X123.783 Y106.862
G1 Z2.8
G1 E.8 F2100
M204 S820
;TYPE:Perimeter
;WIDTH:0.399055
G1 F900
G1 X123.555 Y106.7 E.00828
G1 X123.22 Y106.317 E.01507
G1 X123.783 Y106.317 E.01667
G1 X123.783 Y106.802 E.01436
M204 S1000
;WIPE_START
G1 F5760
G1 X123.783 Y106.862 E-.02078
G1 X123.555 Y106.7 E-.09687
G1 X123.22 Y106.317 E-.17624
G1 X123.783 Y106.317 E-.195
G1 X123.783 Y106.802 E-.16798
;WIPE_END
G1 E-.14313 F2100
G1 Z3.4 F7200
G1 X122.596 Y105.866
G1 Z2.8
G1 E.8 F2100
M204 S820
;TYPE:External perimeter
;WIDTH:0.518586
G1 F900
M73 Q24 S11
G1 X122.563 Y105.703 E.00658
;WIDTH:0.558844
G1 X122.53 Y105.54 E.00713
;WIDTH:0.587937
G1 X122.515 Y105.27 E.01225
;WIDTH:0.61703
G1 X122.501 Y105 E.01291
G1 X122.515 Y104.732 E.01281
M73 P24 R11
;WIDTH:0.588114
G1 X122.53 Y104.463 E.01221
;WIDTH:0.559198
G1 X122.559 Y104.314 E.00652
;WIDTH:0.51307
G1 X122.589 Y104.166 E.0059
M204 S1000
G1 X123.228 Y103.683 F7200
M204 S820
;TYPE:Perimeter
;WIDTH:0.398147
G1 F900
G1 X123.476 Y103.384 E.01147
G1 X123.783 Y103.146 E.01147
G1 X123.783 Y103.683 E.01586
G1 X123.288 Y103.683 E.01462
M204 S1000
;WIPE_START
G1 F5760
G1 X123.228 Y103.683 E-.02078
G1 X123.476 Y103.384 E-.13455
G1 X123.783 Y103.146 E-.13454
G1 X123.783 Y103.683 E-.18599
G1 X123.288 Y103.683 E-.17145
;WIPE_END
G1 E-.15269 F2100
G1 Z3.4 F7200
G1 X124.211 Y102.586
G1 Z2.8
G1 E.8 F2100
M204 S820
;TYPE:External perimeter
;WIDTH:0.566034
G1 F900
G1 X124.528 Y102.545 E.0139
;WIDTH:0.61238
G1 X124.844 Y102.503 E.01509
G1 X125.246 Y102.523 E.01906
;WIDTH:0.57264
G1 X125.649 Y102.543 E.01777
;WIDTH:0.5329
G1 X125.784 Y102.585 E.00576
M204 S1000
;WIPE_START
G1 F5760
G1 X125.649 Y102.543 E-.04897
;WIPE_END
G1 E-.75103 F2100
G1 Z3.4 F7200
G1 X122.589 Y104.166
G1 Z2.8
G1 E.8 F2100
M204 S820
;WIDTH:0.466942
G1 F900
G1 X122.673 Y103.88 E.01051
;WIDTH:0.429968
G1 X122.924 Y103.437 E.01639
;WIDTH:0.419999
G1 X123.307 Y103.029 E.01755
G1 X123.744 Y102.729 E.01662
;WIDTH:0.469844
G1 X123.978 Y102.657 E.00869
;WIDTH:0.519688
G1 X124.211 Y102.586 E.00966
G1 X124.174 Y102.687 E.00426
;WIDTH:0.482765
G1 X124.136 Y102.788 E.00395
;WIDTH:0.445842
G1 X124.149 Y102.942 E.00518
;WIDTH:0.419999
G1 X124.149 Y104.049 E.03471
G1 X123.606 Y104.049 E.01703
;WIDTH:0.423209
G1 X122.835 Y104.048 E.02438
;WIDTH:0.466942
G1 X122.643 Y104.14 E.00751
M204 S1000
;WIPE_START
G1 F5760
G1 X122.589 Y104.166 E-.02076
G1 X122.673 Y103.88 E-.10324
;WIPE_END
G1 E-.676 F2100
G1 Z3.4 F7200
G1 X127.418 Y104.157
G1 Z2.8
G1 E.8 F2100
M204 S820
;WIDTH:0.484726
G1 F900
G1 X127.223 Y104.041 E.00834
;WIDTH:0.436492
G1 X126.723 Y104.049 E.01636
;WIDTH:0.419999
G1 X125.851 Y104.049 E.02734
G1 X125.851 Y103.375 E.02113
;WIDTH:0.443431
G1 X125.862 Y102.788 E.01955
;WIDTH:0.479438
G1 X125.823 Y102.687 E.00393
;WIDTH:0.515444
G1 X125.784 Y102.585 E.00429
G1 X125.985 Y102.637 E.00816
;WIDTH:0.467722
G1 X126.186 Y102.689 E.00733
;WIDTH:0.419999
G1 X126.652 Y102.995 E.01748
G1 X127.042 Y103.395 E.01752
;WIDTH:0.433398
G1 X127.319 Y103.85 E.0173
;WIDTH:0.459062
G1 X127.368 Y104.003 E.00556
;WIDTH:0.484726
G1 X127.399 Y104.1 E.00374
M204 S1000
;WIPE_START
G1 F5760
G1 X127.418 Y104.157 E-.02081
G1 X127.223 Y104.041 E-.07859
;WIPE_END
G1 E-.7006 F2100
G1 Z3.4 F7200
G1 X124.274 Y107.434
G1 Z2.8
G1 E.8 F2100
M204 S820
;WIDTH:0.505606
G1 F900
G1 X124.146 Y107.41 E.00501
;WIDTH:0.478953
G1 X124.017 Y107.386 E.00476
;WIDTH:0.452299
G1 X123.553 Y107.154 E.01766
;WIDTH:0.419999
G1 X123.339 Y106.997 E.00832
G1 X122.971 Y106.611 E.01672
;WIDTH:0.435991
G1 X122.686 Y106.143 E.01791
;WIDTH:0.478328
G1 X122.596 Y105.866 E.01054
G1 X122.788 Y105.959 E.00772
;WIDTH:0.435991
G1 X123.335 Y105.951 E.01788
;WIDTH:0.419999
G1 X124.149 Y105.951 E.02552
G1 X124.149 Y106.598 E.02029
;WIDTH:0.452299
G1 X124.144 Y107.279 E.02318
;WIDTH:0.478953
G1 X124.209 Y107.357 E.00368
;WIDTH:0.505606
G1 X124.236 Y107.388 E.00158
M204 S1000
;LAYER_CHANGE
;Z:3
;HEIGHT:0.2
;BEFORE_LAYER_CHANGE
G92 E0.0
;3


;WIPE_START
G1 F5760
G1 X124.274 Y107.434 E-.02067
G1 X124.146 Y107.41 E-.04511
;WIPE_END
G1 E-.73422 F2100
G1 Z3 F7200
;AFTER_LAYER_CHANGE
;3
G1 Z3.6
G1 X132.845 Y97.213
G1 Z3
G1 E.8 F2100
M204 S820
;WIDTH:0.578477
G1 F900
G1 X132.943 Y97.482 E.01275
;WIDTH:0.560434
G1 X132.962 Y97.756 E.01182
;WIDTH:0.52146
G1 X132.962 Y112.244 E.57649
;WIDTH:0.552931
G1 X132.946 Y112.49 E.01045
;WIDTH:0.576519
G1 X132.852 Y112.765 E.01289
G1 X132.663 Y112.91 E.01057
;WIDTH:0.568676
G1 X132.244 Y112.962 E.01846
;WIDTH:0.521461
G1 X117.756 Y112.962 E.57649
;WIDTH:0.552931
G1 X117.51 Y112.946 E.01045
;WIDTH:0.576519
G1 X117.235 Y112.852 E.01289
G1 X117.09 Y112.663 E.01057
;WIDTH:0.568676
G1 X117.038 Y112.244 E.01846
;WIDTH:0.52146
G1 X117.038 Y97.756 E.57649
;WIDTH:0.55293
G1 X117.054 Y97.51 E.01045
;WIDTH:0.576519
G1 X117.148 Y97.235 E.01289
G1 X117.337 Y97.09 E.01057
;WIDTH:0.568675
G1 X117.756 Y97.038 E.01846
;WIDTH:0.521394
G1 X132.245 Y97.043 E.57645
;WIDTH:0.564864
G1 X132.606 Y97.074 E.01572
;WIDTH:0.578477
G1 X132.793 Y97.183 E.00964
M204 S1000
G1 X132.437 Y97.57 F7200
M204 S820
G1 F900
G1 X132.46 Y97.663 E.00427
;WIDTH:0.549969
G1 X132.484 Y97.756 E.00405
;WIDTH:0.52146
G1 X132.484 Y112.244 E.57649
;WIDTH:0.549969
G1 X132.457 Y112.341 E.00425
;WIDTH:0.578477
G1 X132.43 Y112.437 E.00444
G1 X132.337 Y112.46 E.00427
;WIDTH:0.549969
G1 X132.244 Y112.484 E.00405
;WIDTH:0.521461
G1 X117.756 Y112.484 E.57649
;WIDTH:0.549969
G1 X117.659 Y112.457 E.00425
M73 P25 R11
M73 Q25 S11
;WIDTH:0.578477
G1 X117.563 Y112.43 E.00444
G1 X117.54 Y112.337 E.00427
;WIDTH:0.549969
G1 X117.516 Y112.244 E.00405
;WIDTH:0.52146
G1 X117.516 Y97.756 E.57649
;WIDTH:0.549969
G1 X117.543 Y97.659 E.00425
;WIDTH:0.578478
G1 X117.57 Y97.563 E.00444
G1 X117.642 Y97.54 E.00337
;WIDTH:0.551749
G1 X117.714 Y97.518 E.00319
;WIDTH:0.52502
G1 X117.756 Y97.516 E.00169
;WIDTH:0.521394
G1 X132.244 Y97.518 E.57641
;WIDTH:0.548328
G1 X132.341 Y97.544 E.00422
;WIDTH:0.578477
G1 X132.379 Y97.554 E.00175
M204 S1000
;WIPE_START
G1 F5760
G1 X132.437 Y97.57 E-.02084
G1 X132.46 Y97.663 E-.03318
;WIPE_END
G1 E-.74598 F2100
G1 Z3.6 F7200
G1 X126.798 Y103.687
G1 Z3
G1 E.8 F2100
M204 S820
;TYPE:Perimeter
;WIDTH:0.403878
G1 F900
G1 X126.213 Y103.687 E.01756
G1 X126.213 Y103.14 E.01642
G1 X126.427 Y103.284 E.00774
G1 X126.757 Y103.643 E.01464
M204 S1000
G1 X127.418 Y104.161 F7200
M204 S820
;TYPE:External perimeter
;WIDTH:0.536398
G1 F900
G1 X127.441 Y104.331 E.00704
;WIDTH:0.572595
G1 X127.465 Y104.501 E.00756
;WIDTH:0.608792
G1 X127.488 Y104.671 E.00807
;WIDTH:0.620882
G1 X127.494 Y105.209 E.02586
G1 X127.474 Y105.391 E.0088
;WIDTH:0.581618
G1 X127.455 Y105.573 E.0082
;WIDTH:0.542353
G1 X127.435 Y105.755 E.0076
;WIDTH:0.51116
G1 X127.395 Y105.892 E.00556
M204 S1000
;WIPE_START
G1 F5760
G1 X127.435 Y105.755 E-.04943
;WIPE_END
G1 E-.75057 F2100
G1 Z3.6 F7200
G1 X126.213 Y106.313
G1 Z3
G1 E.8 F2100
M204 S820
;TYPE:Perimeter
;WIDTH:0.404733
G1 F900
G1 X126.792 Y106.313 E.01742
G1 X126.604 Y106.551 E.00912
G1 X126.213 Y106.877 E.01532
G1 X126.213 Y106.373 E.01516
M204 S1000
;WIPE_START
G1 F5760
G1 X126.213 Y106.313 E-.02078
G1 X126.792 Y106.313 E-.20054
G1 X126.604 Y106.551 E-.10505
G1 X126.213 Y106.877 E-.17632
G1 X126.213 Y106.373 E-.17456
;WIPE_END
G1 E-.12275 F2100
G1 Z3.6 F7200
G1 X125.739 Y107.435
G1 Z3
G1 E.8 F2100
M204 S820
;TYPE:External perimeter
;WIDTH:0.579687
G1 F900
G1 X125.42 Y107.466 E.0143
;WIDTH:0.628218
G1 X125.102 Y107.498 E.01555
G1 X124.567 Y107.48 E.02605
;WIDTH:0.593418
G1 X124.423 Y107.458 E.00667
;WIDTH:0.557302
G1 X124.279 Y107.435 E.00624
M204 S1000
;WIPE_START
G1 F5760
G1 X124.423 Y107.458 E-.05051
;WIPE_END
G1 E-.74949 F2100
G1 Z3.6 F7200
G1 X125.844 Y105.944
G1 Z3
G1 E.8 F2100
M204 S820
;WIDTH:0.419999
G1 F900
G1 X126.489 Y105.944 E.02022
;WIDTH:0.450606
G1 X127.205 Y105.959 E.02428
;WIDTH:0.480883
G1 X127.3 Y105.926 E.00366
;WIDTH:0.51116
G1 X127.395 Y105.892 E.00393
G1 X127.3 Y106.138 E.01027
;WIDTH:0.46558
G1 X127.206 Y106.385 E.00929
;WIDTH:0.419999
G1 X126.86 Y106.824 E.01753
G1 X126.447 Y107.163 E.01675
G1 X126.204 Y107.31 E.0089
;WIDTH:0.457052
G1 X126.049 Y107.351 E.00552
;WIDTH:0.494104
G1 X125.894 Y107.393 E.00602
;WIDTH:0.531156
G1 X125.739 Y107.435 E.00652
G1 X125.775 Y107.358 E.00345
;WIDTH:0.497717
G1 X125.812 Y107.282 E.0032
;WIDTH:0.464278
G1 X125.849 Y107.205 E.00299
;WIDTH:0.430838
G1 X125.844 Y107.102 E.00333
;WIDTH:0.419999
G1 X125.844 Y106.004 E.03443
M204 S1000
;WIPE_START
G1 F5760
G1 X125.844 Y105.944 E-.02078
G1 X126.489 Y105.944 E-.2234
;WIPE_END
G1 E-.55582 F2100
G1 Z3.6 F7200
G1 X123.786 Y106.867
G1 Z3
G1 E.8 F2100
M204 S820
;TYPE:Perimeter
;WIDTH:0.406184
G1 F900
G1 X123.544 Y106.694 E.00899
G1 X123.215 Y106.314 E.01518
G1 X123.786 Y106.314 E.01725
G1 X123.786 Y106.807 E.01489
M204 S1000
;WIPE_START
G1 F5760
G1 X123.786 Y106.867 E-.02078
G1 X123.544 Y106.694 E-.10303
G1 X123.215 Y106.314 E-.17409
G1 X123.786 Y106.314 E-.19777
G1 X123.786 Y106.807 E-.17075
;WIPE_END
G1 E-.13358 F2100
G1 Z3.6 F7200
G1 X122.596 Y105.863
G1 Z3
G1 E.8 F2100
M204 S820
;TYPE:External perimeter
;WIDTH:0.533562
G1 F900
G1 X122.563 Y105.701 E.00674
;WIDTH:0.572864
G1 X122.53 Y105.54 E.00724
;WIDTH:0.601912
G1 X122.515 Y105.27 E.01257
;WIDTH:0.63096
G1 X122.501 Y105 E.01322
G1 X122.515 Y104.732 E.01312
;WIDTH:0.60211
G1 X122.53 Y104.464 E.01248
;WIDTH:0.57326
G1 X122.559 Y104.317 E.00661
;WIDTH:0.527646
G1 X122.589 Y104.17 E.00605
M204 S1000
G1 X123.196 Y103.687 F7200
M204 S820
;TYPE:Perimeter
;WIDTH:0.405154
G1 F900
G1 X123.473 Y103.382 E.01241
G1 X123.787 Y103.14 E.01194
G1 X123.787 Y103.687 E.01648
G1 X123.256 Y103.687 E.01599
M204 S1000
;WIPE_START
G1 F5760
G1 X123.196 Y103.687 E-.02078
G1 X123.473 Y103.382 E-.1427
G1 X123.787 Y103.14 E-.13731
G1 X123.787 Y103.687 E-.18946
G1 X123.256 Y103.687 E-.18391
;WIPE_END
G1 E-.12584 F2100
G1 Z3.6 F7200
G1 X124.214 Y102.586
G1 Z3
G1 E.8 F2100
M204 S820
;TYPE:External perimeter
;WIDTH:0.581078
G1 F900
G1 X124.527 Y102.545 E.01413
;WIDTH:0.62608
G1 X124.841 Y102.503 E.01536
G1 X125.243 Y102.523 E.01952
;WIDTH:0.586965
G1 X125.645 Y102.542 E.01821
;WIDTH:0.54785
G1 X125.78 Y102.585 E.00595
M204 S1000
;WIPE_START
G1 F5760
G1 X125.645 Y102.542 E-.04907
;WIPE_END
G1 E-.75093 F2100
G1 Z3.6 F7200
G1 X122.589 Y104.17
G1 Z3
G1 E.8 F2100
M204 S820
;WIDTH:0.482032
G1 F900
G1 X122.629 Y104.021 E.00563
;WIDTH:0.456799
G1 X122.67 Y103.872 E.00532
;WIDTH:0.431566
G1 X122.918 Y103.434 E.01627
;WIDTH:0.419999
G1 X123.301 Y103.025 E.01757
G1 X123.738 Y102.724 E.01664
;WIDTH:0.458692
G1 X123.897 Y102.678 E.00572
;WIDTH:0.497384
G1 X124.055 Y102.632 E.00622
;WIDTH:0.536076
G1 X124.214 Y102.586 E.00679
G1 X124.178 Y102.691 E.00455
;WIDTH:0.491659
G1 X124.143 Y102.795 E.00409
;WIDTH:0.447242
G1 X124.156 Y102.944 E.00503
;WIDTH:0.419999
G1 X124.156 Y104.056 E.03487
G1 X123.606 Y104.056 E.01724
;WIDTH:0.431566
G1 X122.795 Y104.051 E.02621
;WIDTH:0.456799
G1 X122.692 Y104.11 E.00409
;WIDTH:0.482032
G1 X122.641 Y104.14 E.00216
M204 S1000
;WIPE_START
G1 F5760
G1 X122.589 Y104.17 E-.02079
G1 X122.629 Y104.021 E-.05343
;WIPE_END
G1 E-.72578 F2100
G1 Z3.6 F7200
G1 X127.418 Y104.161
G1 Z3
G1 E.8 F2100
M204 S820
;WIDTH:0.5002
G1 F900
G1 X127.317 Y104.104 E.00441
;WIDTH:0.469387
G1 X127.216 Y104.047 E.00411
;WIDTH:0.438573
G1 X126.719 Y104.056 E.01635
;WIDTH:0.419999
G1 X125.844 Y104.056 E.02743
G1 X125.844 Y103.371 E.02148
;WIDTH:0.444335
G1 X125.856 Y102.795 E.01923
;WIDTH:0.487809
G1 X125.818 Y102.69 E.00413
;WIDTH:0.531282
G1 X125.78 Y102.585 E.00453
G1 X125.916 Y102.617 E.00567
;WIDTH:0.494188
G1 X126.051 Y102.649 E.00521
;WIDTH:0.457094
G1 X126.186 Y102.681 E.00478
;WIDTH:0.419999
G1 X126.653 Y102.987 E.01751
G1 X127.045 Y103.387 E.01756
;WIDTH:0.434361
G1 X127.321 Y103.84 E.01727
;WIDTH:0.467281
G1 X127.369 Y104.001 E.00593
;WIDTH:0.5002
G1 X127.4 Y104.104 E.00409
M204 S1000
;WIPE_START
G1 F5760
G1 X127.418 Y104.161 E-.0207
G1 X127.317 Y104.104 E-.04017
;WIPE_END
G1 E-.73913 F2100
G1 Z3.6 F7200
G1 X124.279 Y107.435
G1 Z3
G1 E.8 F2100
M204 S820
;WIDTH:0.521186
G1 F900
M73 P25 R10
G1 X124.146 Y107.412 E.00537
;WIDTH:0.488834
G1 X124.013 Y107.39 E.005
;WIDTH:0.456481
G1 X123.548 Y107.159 E.01785
;WIDTH:0.419999
G1 X123.333 Y107.001 E.00837
G1 X122.973 Y106.623 E.01637
;WIDTH:0.438471
G1 X122.685 Y106.152 E.01816
;WIDTH:0.466366
G1 X122.641 Y106.007 E.00534
;WIDTH:0.49426
G1 X122.596 Y105.863 E.00566
G1 X122.696 Y105.908 E.00412
;WIDTH:0.466366
G1 X122.795 Y105.953 E.00383
;WIDTH:0.438471
G1 X123.347 Y105.944 E.01816
;WIDTH:0.419999
G1 X124.156 Y105.944 E.02537
M73 Q26 S11
G1 X124.156 Y106.596 E.02044
M73 P26 R10
;WIDTH:0.456481
G1 X124.15 Y107.273 E.02328
;WIDTH:0.488834
G1 X124.214 Y107.354 E.00383
;WIDTH:0.521186
G1 X124.241 Y107.388 E.00173
M204 S1000
;LAYER_CHANGE
;Z:3.2
;HEIGHT:0.2
;BEFORE_LAYER_CHANGE
G92 E0.0
;3.2


;WIPE_START
G1 F5760
G1 X124.279 Y107.435 E-.02093
G1 X124.146 Y107.412 E-.04675
;WIPE_END
G1 E-.73232 F2100
G1 Z3.2 F7200
;AFTER_LAYER_CHANGE
;3.2
G1 Z3.8
G1 X132.792 Y97.267
M73 Q26 S10
G1 Z3.2
G1 E.8 F2100
M204 S820
;WIDTH:0.578476
G1 F900
G1 X132.889 Y97.536 E.01273
;WIDTH:0.560435
G1 X132.909 Y97.809 E.01178
;WIDTH:0.52146
G1 X132.909 Y112.191 E.57227
;WIDTH:0.552931
G1 X132.893 Y112.436 E.01041
;WIDTH:0.576518
G1 X132.799 Y112.711 E.01289
G1 X132.609 Y112.856 E.0106
;WIDTH:0.568675
G1 X132.191 Y112.909 E.01842
;WIDTH:0.521461
G1 X117.809 Y112.909 E.57227
;WIDTH:0.552931
G1 X117.564 Y112.893 E.01041
;WIDTH:0.576518
G1 X117.289 Y112.799 E.01289
G1 X117.144 Y112.609 E.0106
;WIDTH:0.568677
G1 X117.091 Y112.191 E.01842
;WIDTH:0.52146
G1 X117.091 Y97.809 E.57227
;WIDTH:0.55293
G1 X117.107 Y97.564 E.01041
;WIDTH:0.576519
G1 X117.201 Y97.289 E.01289
G1 X117.391 Y97.144 E.0106
;WIDTH:0.568676
G1 X117.809 Y97.091 E.01842
;WIDTH:0.521411
G1 X132.191 Y97.095 E.57221
;WIDTH:0.547724
G1 X132.397 Y97.121 E.00872
;WIDTH:0.576376
G1 X132.604 Y97.148 E.00926
;WIDTH:0.578476
G1 X132.741 Y97.234 E.0072
M204 S1000
G1 X132.384 Y97.623 F7200
M204 S820
G1 F900
G1 X132.407 Y97.716 E.00427
;WIDTH:0.549968
G1 X132.43 Y97.809 E.00404
;WIDTH:0.52146
G1 X132.43 Y112.191 E.57227
;WIDTH:0.549969
G1 X132.403 Y112.287 E.0042
;WIDTH:0.578477
G1 X132.377 Y112.384 E.00447
G1 X132.284 Y112.407 E.00427
;WIDTH:0.549969
G1 X132.191 Y112.43 E.00404
;WIDTH:0.521461
G1 X117.809 Y112.43 E.57227
;WIDTH:0.54997
G1 X117.713 Y112.403 E.0042
;WIDTH:0.578478
G1 X117.616 Y112.377 E.00447
G1 X117.593 Y112.284 E.00427
;WIDTH:0.549969
G1 X117.57 Y112.191 E.00404
;WIDTH:0.52146
G1 X117.57 Y97.809 E.57227
;WIDTH:0.549969
G1 X117.597 Y97.713 E.0042
;WIDTH:0.578477
G1 X117.623 Y97.616 E.00447
G1 X117.696 Y97.594 E.0034
;WIDTH:0.551757
G1 X117.768 Y97.572 E.00319
;WIDTH:0.525037
G1 X117.809 Y97.57 E.00165
;WIDTH:0.521411
G1 X132.191 Y97.571 E.57221
;WIDTH:0.548774
G1 X132.287 Y97.597 E.00418
;WIDTH:0.578476
G1 X132.326 Y97.608 E.0018
M204 S1000
;WIPE_START
G1 F5760
G1 X132.384 Y97.623 E-.02075
G1 X132.407 Y97.716 E-.03318
;WIPE_END
G1 E-.74607 F2100
G1 Z3.8 F7200
G1 X126.804 Y103.691
M73 Q27 S10
G1 Z3.2
M73 P27 R10
G1 E.8 F2100
M204 S820
;TYPE:Perimeter
;WIDTH:0.410785
G1 F900
G1 X126.209 Y103.691 E.0182
G1 X126.209 Y103.133 E.01707
G1 X126.427 Y103.279 E.00803
G1 X126.763 Y103.647 E.01524
M204 S1000
G1 X127.418 Y104.165 F7200
M204 S820
;TYPE:External perimeter
;WIDTH:0.557827
G1 F900
G1 X127.445 Y104.423 E.01111
;WIDTH:0.599984
G1 X127.471 Y104.68 E.01197
;WIDTH:0.64214
G1 X127.498 Y104.938 E.01293
G1 X127.48 Y105.272 E.01667
;WIDTH:0.606238
G1 X127.462 Y105.606 E.01567
;WIDTH:0.570336
G1 X127.431 Y105.735 E.00582
;WIDTH:0.540065
G1 X127.401 Y105.864 E.00547
M204 S1000
G1 X126.804 Y106.309 F7200
M204 S820
;TYPE:Perimeter
;WIDTH:0.410786
G1 F900
G1 X126.524 Y106.622 E.01285
G1 X126.209 Y106.867 E.01221
G1 X126.209 Y106.309 E.01707
G1 X126.744 Y106.309 E.01636
M204 S1000
;WIPE_START
G1 F5760
G1 X126.804 Y106.309 E-.02078
G1 X126.524 Y106.622 E-.14546
G1 X126.209 Y106.867 E-.13822
G1 X126.209 Y106.309 E-.19327
G1 X126.744 Y106.309 E-.1853
;WIPE_END
G1 E-.11697 F2100
G1 Z3.8 F7200
G1 X125.734 Y107.434
G1 Z3.2
G1 E.8 F2100
M204 S820
;TYPE:External perimeter
;WIDTH:0.593698
G1 F900
G1 X125.416 Y107.466 E.01464
;WIDTH:0.642238
G1 X125.099 Y107.498 E.01588
G1 X124.565 Y107.48 E.02663
;WIDTH:0.606888
G1 X124.424 Y107.458 E.00669
;WIDTH:0.571834
G1 X124.283 Y107.435 E.00628
M204 S1000
;WIPE_START
G1 F5760
G1 X124.424 Y107.458 E-.04948
;WIPE_END
G1 E-.75052 F2100
G1 Z3.8 F7200
G1 X127.401 Y105.864
G1 Z3.2
G1 E.8 F2100
M204 S820
;WIDTH:0.509794
G1 F900
G1 X127.36 Y106.016 E.00611
;WIDTH:0.475524
G1 X127.32 Y106.168 E.00565
;WIDTH:0.441254
G1 X127.047 Y106.621 E.01752
;WIDTH:0.419999
G1 X126.654 Y107.021 E.01758
G1 X126.203 Y107.316 E.0169
;WIDTH:0.461719
G1 X126.047 Y107.355 E.0056
;WIDTH:0.503439
G1 X125.89 Y107.395 E.0062
;WIDTH:0.545158
G1 X125.734 Y107.434 E.00672
G1 X125.767 Y107.412 E.00166
;WIDTH:0.532525
G1 X125.79 Y107.314 E.0041
;WIDTH:0.495017
G1 X125.813 Y107.216 E.00378
;WIDTH:0.457508
G1 X125.837 Y107.117 E.00351
;WIDTH:0.419999
G1 X125.837 Y105.937 E.037
G1 X126.393 Y105.937 E.01743
;WIDTH:0.441254
G1 X127.198 Y105.947 E.02666
;WIDTH:0.475524
G1 X127.299 Y105.906 E.00392
;WIDTH:0.509794
G1 X127.345 Y105.887 E.00193
M204 S1000
;WIPE_START
G1 F5760
G1 X127.401 Y105.864 E-.02097
G1 X127.36 Y106.016 E-.05453
;WIPE_END
G1 E-.7245 F2100
G1 Z3.8 F7200
G1 X123.79 Y106.873
G1 Z3.2
G1 E.8 F2100
M204 S820
;TYPE:Perimeter
;WIDTH:0.413316
G1 F900
G1 X123.54 Y106.695 E.00945
G1 X123.21 Y106.31 E.01562
G1 X123.79 Y106.31 E.01786
G1 X123.79 Y106.813 E.01549
M204 S1000
;WIPE_START
G1 F5760
G1 X123.79 Y106.873 E-.02078
G1 X123.54 Y106.695 E-.10629
G1 X123.21 Y106.31 E-.17563
G1 X123.79 Y106.31 E-.20089
G1 X123.79 Y106.813 E-.17422
;WIPE_END
G1 E-.12219 F2100
G1 Z3.8 F7200
G1 X122.596 Y105.859
G1 Z3.2
G1 E.8 F2100
M204 S820
;TYPE:External perimeter
;WIDTH:0.548534
G1 F900
G1 X122.563 Y105.699 E.00687
;WIDTH:0.58688
G1 X122.53 Y105.539 E.00739
;WIDTH:0.615885
G1 X122.515 Y105.27 E.01284
;WIDTH:0.64489
G1 X122.501 Y105 E.01353
G1 X122.516 Y104.727 E.01369
;WIDTH:0.615487
G1 X122.53 Y104.453 E.01306
;WIDTH:0.586084
G1 X122.557 Y104.305 E.00679
;WIDTH:0.552973
G1 X122.583 Y104.157 E.00637
M204 S1000
G1 X123.19 Y103.69 F7200
M204 S820
;TYPE:Perimeter
;WIDTH:0.412163
G1 F900
G1 X123.471 Y103.379 E.01287
G1 X123.79 Y103.133 E.01237
G1 X123.79 Y103.69 E.0171
G1 X123.25 Y103.69 E.01658
M204 S1000
;WIPE_START
G1 F5760
G1 X123.19 Y103.69 E-.02078
G1 X123.471 Y103.379 E-.14517
G1 X123.79 Y103.133 E-.13952
G1 X123.79 Y103.69 E-.19292
G1 X123.25 Y103.69 E-.18703
;WIPE_END
G1 E-.11458 F2100
G1 Z3.8 F7200
G1 X124.216 Y102.586
G1 Z3.2
G1 E.8 F2100
M204 S820
;TYPE:External perimeter
;WIDTH:0.596127
G1 F900
G1 X124.527 Y102.545 E.01443
;WIDTH:0.639776
G1 X124.838 Y102.503 E.01557
G1 X125.239 Y102.523 E.01993
;WIDTH:0.601288
G1 X125.641 Y102.542 E.01869
;WIDTH:0.5628
G1 X125.777 Y102.585 E.00617
M204 S1000
;WIPE_START
G1 F5760
G1 X125.641 Y102.542 E-.0494
;WIPE_END
G1 E-.7506 F2100
G1 Z3.8 F7200
G1 X122.583 Y104.157
G1 Z3.2
G1 E.8 F2100
M204 S820
;WIDTH:0.519862
G1 F900
G1 X122.626 Y104.005 E.00626
;WIDTH:0.478724
G1 X122.67 Y103.853 E.00573
;WIDTH:0.437586
G1 X122.911 Y103.431 E.01595
;WIDTH:0.419999
G1 X123.295 Y103.021 E.01761
G1 X123.732 Y102.72 E.01664
;WIDTH:0.464159
G1 X123.893 Y102.675 E.00586
;WIDTH:0.508319
G1 X124.055 Y102.631 E.0065
;WIDTH:0.552478
G1 X124.216 Y102.586 E.00708
G1 X124.194 Y102.658 E.00319
;WIDTH:0.517601
G1 X124.172 Y102.73 E.00297
;WIDTH:0.482724
G1 X124.149 Y102.802 E.00276
;WIDTH:0.447846
G1 X124.163 Y102.946 E.00487
;WIDTH:0.419999
G1 X124.163 Y104.063 E.03502
G1 X123.606 Y104.063 E.01746
;WIDTH:0.42387
G1 X122.848 Y104.061 E.02401
;WIDTH:0.471866
G1 X122.715 Y104.109 E.00504
;WIDTH:0.519862
G1 X122.639 Y104.137 E.00321
M204 S1000
;WIPE_START
G1 F5760
G1 X122.583 Y104.157 E-.0206
G1 X122.626 Y104.005 E-.05471
;WIPE_END
G1 E-.72469 F2100
G1 Z3.8 F7200
G1 X127.418 Y104.165
G1 Z3.2
G1 E.8 F2100
M204 S820
;WIDTH:0.51567
G1 F900
G1 X127.314 Y104.109 E.00464
;WIDTH:0.477806
G1 X127.21 Y104.054 E.00425
;WIDTH:0.439941
G1 X126.715 Y104.063 E.01634
;WIDTH:0.419999
G1 X125.837 Y104.063 E.02753
G1 X125.837 Y103.368 E.02179
;WIDTH:0.444378
G1 X125.849 Y102.802 E.0189
;WIDTH:0.478627
G1 X125.825 Y102.73 E.00275
;WIDTH:0.512876
G1 X125.801 Y102.657 E.003
;WIDTH:0.547124
G1 X125.777 Y102.585 E.00318
G1 X125.913 Y102.614 E.00583
;WIDTH:0.504749
G1 X126.049 Y102.644 E.00535
;WIDTH:0.462374
G1 X126.185 Y102.673 E.00485
;WIDTH:0.419999
G1 X126.654 Y102.979 E.01756
G1 X127.047 Y103.379 E.01758
;WIDTH:0.43446
G1 X127.323 Y103.83 E.01721
;WIDTH:0.475065
G1 X127.371 Y103.998 E.00628
;WIDTH:0.51567
G1 X127.402 Y104.108 E.00449
M204 S1000
;WIPE_START
G1 F5760
G1 X127.418 Y104.165 E-.02051
G1 X127.314 Y104.109 E-.04091
;WIPE_END
G1 E-.73858 F2100
G1 Z3.8 F7200
G1 X124.283 Y107.435
G1 Z3.2
G1 E.8 F2100
M204 S820
;WIDTH:0.53678
G1 F900
G1 X124.146 Y107.414 E.00569
;WIDTH:0.498467
G1 X124.008 Y107.393 E.00529
;WIDTH:0.460153
G1 X123.543 Y107.164 E.01798
;WIDTH:0.419999
G1 X123.327 Y107.005 E.00841
G1 X122.974 Y106.635 E.01603
;WIDTH:0.440145
G1 X122.684 Y106.161 E.01835
;WIDTH:0.475167
G1 X122.64 Y106.01 E.00565
;WIDTH:0.510188
G1 X122.596 Y105.859 E.00611
G1 X122.699 Y105.903 E.00435
;WIDTH:0.475167
G1 X122.802 Y105.947 E.00403
;WIDTH:0.440145
G1 X123.358 Y105.937 E.01837
;WIDTH:0.419999
G1 X124.163 Y105.937 E.02524
G1 X124.163 Y106.594 E.0206
;WIDTH:0.460153
G1 X124.155 Y107.268 E.02338
;WIDTH:0.498467
G1 X124.219 Y107.351 E.00397
;WIDTH:0.53678
G1 X124.247 Y107.388 E.00191
M204 S1000
;LAYER_CHANGE
;Z:3.4
;HEIGHT:0.2
;BEFORE_LAYER_CHANGE
G92 E0.0
;3.4


;WIPE_START
G1 F5760
G1 X124.283 Y107.435 E-.02051
G1 X124.146 Y107.414 E-.048
;WIPE_END
G1 E-.73149 F2100
G1 Z3.4 F7200
;AFTER_LAYER_CHANGE
;3.4
G1 Z4
G1 X132.738 Y97.32
G1 Z3.4
G1 E.8 F2100
M204 S820
;WIDTH:0.578477
G1 F900
G1 X132.836 Y97.59 E.01279
;WIDTH:0.560435
G1 X132.855 Y97.863 E.01178
;WIDTH:0.52146
G1 X132.855 Y112.137 E.56797
;WIDTH:0.552931
G1 X132.839 Y112.383 E.01045
;WIDTH:0.576519
G1 X132.745 Y112.658 E.01289
G1 X132.555 Y112.803 E.0106
;WIDTH:0.568675
G1 X132.137 Y112.855 E.01841
;WIDTH:0.521461
G1 X117.863 Y112.855 E.56797
;WIDTH:0.55293
G1 X117.617 Y112.839 E.01045
;WIDTH:0.576519
G1 X117.342 Y112.745 E.01289
G1 X117.197 Y112.556 E.01057
;WIDTH:0.568677
G1 X117.145 Y112.137 E.01846
;WIDTH:0.52146
G1 X117.145 Y97.863 E.56797
;WIDTH:0.552931
G1 X117.161 Y97.617 E.01045
M73 P28 R10
M73 Q28 S10
;WIDTH:0.576519
G1 X117.255 Y97.342 E.01289
G1 X117.444 Y97.197 E.01057
;WIDTH:0.568677
G1 X117.863 Y97.145 E.01846
;WIDTH:0.521429
G1 X132.137 Y97.147 E.56794
;WIDTH:0.548198
G1 X132.344 Y97.175 E.00878
;WIDTH:0.576431
G1 X132.55 Y97.202 E.00922
;WIDTH:0.578477
G1 X132.687 Y97.288 E.0072
M204 S1000
G1 X132.33 Y97.677 F7200
M204 S820
G1 F900
G1 X132.353 Y97.77 E.00427
;WIDTH:0.549969
G1 X132.376 Y97.863 E.00404
;WIDTH:0.52146
G1 X132.376 Y112.137 E.56797
;WIDTH:0.549968
G1 X132.35 Y112.234 E.00423
;WIDTH:0.578476
G1 X132.323 Y112.33 E.00444
G1 X132.23 Y112.353 E.00427
;WIDTH:0.549969
G1 X132.137 Y112.376 E.00404
;WIDTH:0.521461
G1 X117.863 Y112.376 E.56797
;WIDTH:0.54997
G1 X117.766 Y112.35 E.00423
;WIDTH:0.578478
G1 X117.67 Y112.323 E.00444
G1 X117.647 Y112.23 E.00427
;WIDTH:0.549969
G1 X117.624 Y112.137 E.00404
;WIDTH:0.52146
G1 X117.624 Y97.863 E.56797
;WIDTH:0.549969
G1 X117.65 Y97.766 E.00423
;WIDTH:0.578477
G1 X117.677 Y97.67 E.00444
G1 X117.749 Y97.648 E.00335
;WIDTH:0.551767
G1 X117.821 Y97.625 E.0032
;WIDTH:0.525056
G1 X117.863 Y97.624 E.00168
;WIDTH:0.521429
G1 X132.137 Y97.624 E.56794
;WIDTH:0.549221
G1 X132.234 Y97.651 E.00424
;WIDTH:0.578477
G1 X132.272 Y97.661 E.00175
M204 S1000
;WIPE_START
G1 F5760
G1 X132.33 Y97.677 E-.02084
G1 X132.353 Y97.77 E-.03318
;WIPE_END
G1 E-.74598 F2100
G1 Z4 F7200
G1 X126.206 Y103.131
G1 Z3.4
G1 E.8 F2100
M204 S820
;TYPE:Perimeter
;WIDTH:0.418867
G1 F900
G1 X126.513 Y103.36 E.01197
G1 X126.807 Y103.694 E.01391
G1 X126.206 Y103.694 E.01879
G1 X126.206 Y103.191 E.01572
M204 S1000
;WIPE_START
G1 F5760
G1 X126.206 Y103.131 E-.02078
G1 X126.513 Y103.36 E-.13265
G1 X126.807 Y103.694 E-.15411
G1 X126.206 Y103.694 E-.20816
G1 X126.206 Y103.191 E-.17422
;WIPE_END
G1 E-.11008 F2100
G1 Z4 F7200
G1 X127.41 Y104.159
G1 Z3.4
G1 E.8 F2100
M204 S820
;TYPE:External perimeter
;WIDTH:0.568218
G1 F900
G1 X127.439 Y104.416 E.0113
;WIDTH:0.612046
G1 X127.468 Y104.674 E.01229
;WIDTH:0.655874
G1 X127.498 Y104.931 E.01319
G1 X127.479 Y105.272 E.01741
;WIDTH:0.619331
G1 X127.461 Y105.612 E.01632
;WIDTH:0.582788
G1 X127.431 Y105.737 E.00577
;WIDTH:0.554359
G1 X127.4 Y105.862 E.00548
M204 S1000
G1 X126.81 Y106.306 F7200
M204 S820
;TYPE:Perimeter
;WIDTH:0.4177
G1 F900
G1 X126.526 Y106.625 E.01331
G1 X126.206 Y106.873 E.01262
G1 X126.206 Y106.306 E.01767
G1 X126.75 Y106.306 E.01695
M204 S1000
;WIPE_START
G1 F5760
G1 X126.81 Y106.306 E-.02078
G1 X126.526 Y106.625 E-.14793
G1 X126.206 Y106.873 E-.14022
G1 X126.206 Y106.306 E-.19638
G1 X126.75 Y106.306 E-.18842
;WIPE_END
G1 E-.10627 F2100
G1 Z4 F7200
G1 X125.744 Y107.431
G1 Z3.4
G1 E.8 F2100
M204 S820
;TYPE:External perimeter
;WIDTH:0.598309
G1 F900
G1 X125.558 Y107.458 E.00868
;WIDTH:0.63125
G1 X125.372 Y107.485 E.00919
;WIDTH:0.652922
G1 X124.832 Y107.496 E.0274
G1 X124.572 Y107.472 E.01324
;WIDTH:0.609534
G1 X124.313 Y107.449 E.01225
;WIDTH:0.566146
G1 X124.26 Y107.433 E.00241
M204 S1000
;WIPE_START
G1 F5760
G1 X124.313 Y107.449 E-.01918
;WIPE_END
G1 E-.78082 F2100
G1 Z4 F7200
G1 X127.4 Y105.862
G1 Z3.4
G1 E.8 F2100
M204 S820
;WIDTH:0.52593
G1 F900
G1 X127.361 Y106.02 E.00654
;WIDTH:0.484231
G1 X127.322 Y106.178 E.00597
;WIDTH:0.442532
G1 X127.05 Y106.63 E.01753
;WIDTH:0.419999
G1 X126.655 Y107.029 E.0176
G1 X126.203 Y107.324 E.01692
;WIDTH:0.468456
G1 X126.05 Y107.36 E.00556
;WIDTH:0.516912
G1 X125.897 Y107.395 E.00619
;WIDTH:0.565368
G1 X125.744 Y107.431 E.00683
G1 X125.769 Y107.412 E.00136
;WIDTH:0.553799
G1 X125.789 Y107.315 E.00421
;WIDTH:0.509199
G1 X125.81 Y107.218 E.00385
;WIDTH:0.464599
G1 X125.83 Y107.122 E.00344
;WIDTH:0.419999
G1 X125.83 Y105.93 E.03737
G1 X126.393 Y105.93 E.01765
;WIDTH:0.442532
G1 X127.191 Y105.941 E.02652
;WIDTH:0.484231
G1 X127.296 Y105.901 E.00412
;WIDTH:0.52593
G1 X127.344 Y105.883 E.00206
M204 S1000
;WIPE_START
G1 F5760
G1 X127.4 Y105.862 E-.02071
G1 X127.361 Y106.02 E-.05637
;WIPE_END
G1 E-.72292 F2100
G1 Z4 F7200
G1 X123.793 Y106.873
G1 Z3.4
G1 E.8 F2100
M204 S820
;TYPE:Perimeter
;WIDTH:0.420449
G1 F900
G1 X123.522 Y106.682 E.01041
G1 X123.191 Y106.307 E.0157
G1 X123.793 Y106.307 E.0189
G1 X123.793 Y106.813 E.01588
M204 S1000
;WIPE_START
G1 F5760
G1 X123.793 Y106.873 E-.02078
G1 X123.522 Y106.682 E-.11483
G1 X123.191 Y106.307 E-.17324
G1 X123.793 Y106.307 E-.20851
G1 X123.793 Y106.813 E-.17526
;WIPE_END
G1 E-.10738 F2100
G1 Z4 F7200
G1 X122.605 Y105.882
G1 Z3.4
G1 E.8 F2100
M73 Q29 S10
M204 S820
;TYPE:External perimeter
;WIDTH:0.54254
G1 F900
M73 P29 R10
G1 X122.559 Y105.741 E.00616
;WIDTH:0.576502
G1 X122.542 Y105.584 E.00701
;WIDTH:0.610463
G1 X122.525 Y105.426 E.0075
;WIDTH:0.644424
G1 X122.508 Y105.269 E.0079
G1 X122.508 Y104.731 E.02691
G1 X122.528 Y104.556 E.00881
;WIDTH:0.608556
G1 X122.548 Y104.381 E.00828
;WIDTH:0.572688
G1 X122.568 Y104.206 E.00776
;WIDTH:0.53682
G1 X122.583 Y104.16 E.00199
M204 S1000
G1 X123.183 Y103.694 F7200
M204 S820
;TYPE:Perimeter
;WIDTH:0.419173
G1 F900
G1 X123.468 Y103.377 E.01334
G1 X123.794 Y103.126 E.01287
G1 X123.794 Y103.694 E.01777
G1 X123.243 Y103.694 E.01724
M204 S1000
;WIPE_START
G1 F5760
G1 X123.183 Y103.694 E-.02078
G1 X123.468 Y103.377 E-.14764
G1 X123.794 Y103.126 E-.1425
G1 X123.794 Y103.694 E-.19673
G1 X123.243 Y103.694 E-.19084
;WIPE_END
G1 E-.10151 F2100
G1 Z4 F7200
G1 X124.218 Y102.586
G1 Z3.4
G1 E.8 F2100
M204 S820
;TYPE:External perimeter
;WIDTH:0.611179
G1 F900
G1 X124.527 Y102.545 E.01473
;WIDTH:0.65347
G1 X124.835 Y102.504 E.01577
G1 X125.103 Y102.52 E.01363
;WIDTH:0.619902
G1 X125.372 Y102.537 E.01293
;WIDTH:0.586333
G1 X125.641 Y102.554 E.01218
;WIDTH:0.552764
G1 X125.698 Y102.564 E.00245
M204 S1000
;WIPE_START
G1 F5760
G1 X125.641 Y102.554 E-.02004
;WIPE_END
G1 E-.77996 F2100
G1 Z4 F7200
G1 X122.583 Y104.16
G1 Z3.4
G1 E.8 F2100
M204 S820
;WIDTH:0.535846
G1 F900
G1 X122.625 Y104.003 E.00666
;WIDTH:0.486633
G1 X122.667 Y103.845 E.00603
;WIDTH:0.43742
G1 X122.905 Y103.428 E.01575
;WIDTH:0.419999
G1 X123.289 Y103.017 E.01764
G1 X123.726 Y102.715 E.01666
;WIDTH:0.469629
G1 X123.89 Y102.672 E.00602
;WIDTH:0.519259
G1 X124.054 Y102.629 E.00672
;WIDTH:0.568888
G1 X124.218 Y102.586 E.00741
G1 X124.198 Y102.661 E.00339
;WIDTH:0.528477
G1 X124.177 Y102.735 E.00311
;WIDTH:0.488066
G1 X124.156 Y102.809 E.00285
;WIDTH:0.447654
G1 X124.17 Y102.948 E.0047
;WIDTH:0.419999
G1 X124.17 Y104.07 E.03518
G1 X122.859 Y104.07 E.04111
;WIDTH:0.458615
G1 X122.767 Y104.1 E.00334
;WIDTH:0.497231
G1 X122.675 Y104.13 E.00366
;WIDTH:0.535846
G1 X122.64 Y104.142 E.00152
M204 S1000
;WIPE_START
G1 F5760
G1 X122.583 Y104.16 E-.0207
G1 X122.625 Y104.003 E-.05629
;WIPE_END
G1 E-.72301 F2100
G1 Z4 F7200
G1 X125.804 Y102.571
G1 Z3.4
G1 E.8 F2100
M204 S820
;WIDTH:0.512228
G1 F900
G1 X125.911 Y102.578 E.00418
;WIDTH:0.478175
G1 X126.007 Y102.609 E.00365
;WIDTH:0.449087
G1 X126.104 Y102.64 E.00344
;WIDTH:0.419999
G1 X126.461 Y102.831 E.01269
G1 X126.899 Y103.205 E.01806
G1 X127.227 Y103.632 E.01688
;WIDTH:0.454796
G1 X127.288 Y103.807 E.00635
;WIDTH:0.489593
G1 X127.349 Y103.983 E.00692
;WIDTH:0.52439
G1 X127.41 Y104.159 E.00746
G1 X127.301 Y104.11 E.00478
;WIDTH:0.482001
G1 X127.191 Y104.061 E.0044
;WIDTH:0.439611
G1 X126.945 Y104.07 E.00812
;WIDTH:0.419999
G1 X125.83 Y104.07 E.03496
G1 X125.83 Y103.506 E.01768
;WIDTH:0.449087
G1 X125.828 Y103.1 E.01371
;WIDTH:0.478175
G1 X125.827 Y102.695 E.01466
;WIDTH:0.512228
G1 X125.762 Y102.629 E.00361
;WIDTH:0.54628
G1 X125.698 Y102.564 E.00382
G1 X125.744 Y102.567 E.00193
M204 S1000
;WIPE_START
G1 F5760
G1 X125.804 Y102.571 E-.02083
G1 X125.911 Y102.578 E-.03714
;WIPE_END
G1 E-.74203 F2100
G1 Z4 F7200
G1 X124.26 Y107.433
G1 Z3.4
G1 E.8 F2100
M204 S820
;WIDTH:0.564932
G1 F900
G1 X124.143 Y107.409 E.00518
;WIDTH:0.520345
G1 X124.027 Y107.385 E.0047
;WIDTH:0.475757
G1 X123.911 Y107.362 E.00426
;WIDTH:0.431169
G1 X123.726 Y107.285 E.00647
;WIDTH:0.419999
G1 X123.199 Y106.891 E.02063
G1 X122.766 Y106.363 E.02141
;WIDTH:0.459514
G1 X122.712 Y106.202 E.00588
;WIDTH:0.499029
G1 X122.658 Y106.042 E.0064
;WIDTH:0.538544
G1 X122.605 Y105.882 E.00695
G1 X122.707 Y105.914 E.00441
;WIDTH:0.495502
G1 X122.809 Y105.946 E.00402
;WIDTH:0.45246
G1 X122.987 Y105.93 E.00609
;WIDTH:0.419999
G1 X124.17 Y105.93 E.03709
G1 X124.17 Y106.572 E.02013
;WIDTH:0.431169
G1 X124.165 Y107.191 E.01998
;WIDTH:0.475757
G1 X124.196 Y107.272 E.00312
;WIDTH:0.520345
G1 X124.228 Y107.352 E.00342
;WIDTH:0.564932
G1 X124.238 Y107.377 E.00117
M204 S1000
;LAYER_CHANGE
;Z:3.6
;HEIGHT:0.2
;BEFORE_LAYER_CHANGE
G92 E0.0
;3.6


;WIPE_START
G1 F5760
G1 X124.26 Y107.433 E-.02084
G1 X124.143 Y107.409 E-.04137
;WIPE_END
G1 E-.73779 F2100
G1 Z3.6 F7200
;AFTER_LAYER_CHANGE
;3.6
G1 Z4.2
G1 X132.685 Y97.374
G1 Z3.6
G1 E.8 F2100
M204 S820
;WIDTH:0.578476
G1 F900
G1 X132.782 Y97.643 E.01273
;WIDTH:0.560435
G1 X132.801 Y97.916 E.01178
;WIDTH:0.52146
G1 X132.801 Y112.084 E.56376
;WIDTH:0.552931
G1 X132.786 Y112.329 E.01041
;WIDTH:0.576518
G1 X132.691 Y112.604 E.01291
G1 X132.502 Y112.749 E.01057
;WIDTH:0.568675
G1 X132.084 Y112.801 E.01841
;WIDTH:0.52146
G1 X117.916 Y112.801 E.56376
;WIDTH:0.55293
G1 X117.671 Y112.786 E.01041
;WIDTH:0.576519
G1 X117.396 Y112.691 E.01291
G1 X117.251 Y112.502 E.01057
;WIDTH:0.568677
G1 X117.199 Y112.084 E.01841
;WIDTH:0.52146
G1 X117.199 Y97.916 E.56376
;WIDTH:0.55293
G1 X117.214 Y97.671 E.01041
;WIDTH:0.576519
G1 X117.309 Y97.396 E.01291
G1 X117.498 Y97.251 E.01057
;WIDTH:0.568676
G1 X117.916 Y97.199 E.01841
;WIDTH:0.521448
G1 X132.084 Y97.199 E.56374
;WIDTH:0.548672
G1 X132.29 Y97.228 E.00875
;WIDTH:0.576484
G1 X132.496 Y97.257 E.00923
;WIDTH:0.578476
G1 X132.634 Y97.342 E.00722
M204 S1000
G1 X132.276 Y97.731 F7200
M204 S820
G1 F900
G1 X132.3 Y97.823 E.00423
;WIDTH:0.549968
G1 X132.323 Y97.916 E.00404
;WIDTH:0.52146
G1 X132.323 Y112.084 E.56376
;WIDTH:0.549968
G1 X132.296 Y112.18 E.0042
;WIDTH:0.578476
G1 X132.269 Y112.276 E.00444
G1 X132.177 Y112.3 E.00423
;WIDTH:0.549968
G1 X132.084 Y112.323 E.00404
;WIDTH:0.52146
G1 X117.916 Y112.323 E.56376
;WIDTH:0.549969
G1 X117.82 Y112.296 E.0042
M73 P30 R10
M73 Q30 S10
;WIDTH:0.578478
G1 X117.724 Y112.269 E.00444
G1 X117.7 Y112.177 E.00423
;WIDTH:0.549969
G1 X117.677 Y112.084 E.00404
;WIDTH:0.52146
G1 X117.677 Y97.916 E.56376
;WIDTH:0.549969
G1 X117.704 Y97.82 E.0042
;WIDTH:0.578478
G1 X117.731 Y97.724 E.00444
G1 X117.803 Y97.701 E.00337
;WIDTH:0.551776
G1 X117.875 Y97.679 E.00319
;WIDTH:0.525074
G1 X117.916 Y97.677 E.00165
;WIDTH:0.521448
G1 X132.084 Y97.677 E.56374
;WIDTH:0.549668
G1 X132.18 Y97.704 E.0042
;WIDTH:0.578476
G1 X132.219 Y97.715 E.0018
M204 S1000
;WIPE_START
G1 F5760
G1 X132.276 Y97.731 E-.02051
G1 X132.3 Y97.823 E-.03293
;WIPE_END
G1 E-.74656 F2100
G1 Z4.2 F7200
G1 X126.203 Y103.127
G1 Z3.6
G1 E.8 F2100
M204 S820
;TYPE:Perimeter
;WIDTH:0.425941
G1 F900
G1 X126.515 Y103.357 E.01234
G1 X126.814 Y103.697 E.01442
G1 X126.203 Y103.697 E.01946
G1 X126.203 Y103.187 E.01624
M204 S1000
;WIPE_START
G1 F5760
G1 X126.203 Y103.127 E-.02078
G1 X126.515 Y103.357 E-.13425
G1 X126.814 Y103.697 E-.15682
G1 X126.203 Y103.697 E-.21162
G1 X126.203 Y103.187 E-.17664
;WIPE_END
G1 E-.09989 F2100
G1 Z4.2 F7200
G1 X127.419 Y104.174
G1 Z3.6
G1 E.8 F2100
M204 S820
;TYPE:External perimeter
;WIDTH:0.588318
G1 F900
G1 X127.445 Y104.428 E.01158
;WIDTH:0.630021
G1 X127.472 Y104.683 E.01252
;WIDTH:0.671724
G1 X127.499 Y104.938 E.01341
G1 X127.48 Y105.274 E.0176
;WIDTH:0.634785
G1 X127.462 Y105.611 E.01661
;WIDTH:0.597846
G1 X127.431 Y105.735 E.0059
;WIDTH:0.569975
G1 X127.4 Y105.859 E.0056
M204 S1000
G1 X126.816 Y106.302 F7200
M204 S820
;TYPE:Perimeter
;WIDTH:0.424621
G1 F900
G1 X126.529 Y106.627 E.01376
G1 X126.202 Y106.88 E.01312
G1 X126.202 Y106.302 E.01834
G1 X126.756 Y106.302 E.01758
M204 S1000
;WIPE_START
G1 F5760
G1 X126.816 Y106.302 E-.02078
G1 X126.529 Y106.627 E-.15017
G1 X126.202 Y106.88 E-.1432
G1 X126.202 Y106.302 E-.20019
G1 X126.756 Y106.302 E-.19188
;WIPE_END
G1 E-.09378 F2100
G1 Z4.2 F7200
G1 X125.74 Y107.431
G1 Z3.6
G1 E.8 F2100
M204 S820
;TYPE:External perimeter
;WIDTH:0.613868
G1 F900
G1 X125.531 Y107.459 E.01001
;WIDTH:0.647502
G1 X125.321 Y107.486 E.01064
M204 S1000
;WIPE_START
G1 F5760
G1 X125.531 Y107.459 E-.07333
;WIPE_END
G1 E-.72667 F2100
G1 Z4.2 F7200
G1 X127.4 Y105.859
G1 Z3.6
G1 E.8 F2100
M204 S820
;WIDTH:0.542104
G1 F900
G1 X127.362 Y106.024 E.00703
;WIDTH:0.492579
G1 X127.324 Y106.189 E.00633
;WIDTH:0.443053
G1 X127.052 Y106.638 E.01747
;WIDTH:0.419999
G1 X126.656 Y107.037 E.01763
G1 X126.202 Y107.332 E.01698
;WIDTH:0.460058
G1 X126.087 Y107.357 E.00408
;WIDTH:0.500117
G1 X125.971 Y107.381 E.0045
;WIDTH:0.540176
G1 X125.856 Y107.406 E.00487
;WIDTH:0.580234
G1 X125.74 Y107.431 E.0053
G1 X125.774 Y107.403 E.00197
;WIDTH:0.562426
G1 X125.79 Y107.311 E.00403
;WIDTH:0.514951
G1 X125.807 Y107.218 E.00371
;WIDTH:0.467475
G1 X125.823 Y107.126 E.0033
;WIDTH:0.419999
G1 X125.823 Y105.923 E.03772
G1 X126.393 Y105.923 E.01787
;WIDTH:0.443053
G1 X127.184 Y105.934 E.02632
;WIDTH:0.492579
G1 X127.292 Y105.897 E.00427
;WIDTH:0.542104
G1 X127.343 Y105.879 E.00224
M204 S1000
;WIPE_START
G1 F5760
G1 X127.4 Y105.859 E-.02092
G1 X127.362 Y106.024 E-.05864
;WIPE_END
G1 E-.72044 F2100
G1 Z4.2 F7200
G1 X123.796 Y106.879
G1 Z3.6
G1 E.8 F2100
M204 S820
;TYPE:Perimeter
;WIDTH:0.427586
G1 F900
G1 X123.518 Y106.683 E.01088
G1 X123.185 Y106.304 E.01614
G1 X123.796 Y106.304 E.01954
G1 X123.796 Y106.819 E.01647
M204 S1000
;WIPE_START
G1 F5760
G1 X123.796 Y106.879 E-.02078
G1 X123.518 Y106.683 E-.11781
G1 X123.185 Y106.304 E-.17474
G1 X123.796 Y106.304 E-.21162
G1 X123.796 Y106.819 E-.17837
;WIPE_END
G1 E-.09668 F2100
G1 Z4.2 F7200
G1 X122.605 Y105.879
G1 Z3.6
G1 E.8 F2100
M204 S820
;TYPE:External perimeter
;WIDTH:0.55803
G1 F900
G1 X122.558 Y105.734 E.00653
M204 S1000
;WIPE_START
G1 F5760
G1 X122.605 Y105.879 E-.05279
;WIPE_END
G1 E-.74721 F2100
G1 Z4.2 F7200
G1 X124.263 Y107.433
G1 Z3.6
G1 E.8 F2100
M204 S820
;WIDTH:0.581228
G1 F900
G1 X124.173 Y107.416 E.0041
;WIDTH:0.542906
G1 X124.082 Y107.4 E.00384
;WIDTH:0.504584
G1 X123.991 Y107.383 E.00355
;WIDTH:0.466262
G1 X123.901 Y107.367 E.00322
;WIDTH:0.42794
G1 X123.72 Y107.29 E.0063
;WIDTH:0.419999
G1 X123.194 Y106.896 E.02061
G1 X122.76 Y106.366 E.02148
;WIDTH:0.464938
G1 X122.708 Y106.204 E.00597
;WIDTH:0.509876
G1 X122.657 Y106.042 E.00659
;WIDTH:0.554814
G1 X122.605 Y105.879 E.00728
G1 X122.675 Y105.899 E.0031
;WIDTH:0.521095
G1 X122.746 Y105.919 E.00293
;WIDTH:0.487376
G1 X122.816 Y105.94 E.0027
;WIDTH:0.453657
G1 X122.986 Y105.923 E.00583
;WIDTH:0.419999
G1 X124.177 Y105.923 E.03734
G1 X124.177 Y106.569 E.02025
;WIDTH:0.42794
G1 X124.173 Y107.184 E.01969
;WIDTH:0.466262
G1 X124.196 Y107.246 E.00233
;WIDTH:0.504584
G1 X124.218 Y107.309 E.00256
;WIDTH:0.542906
G1 X124.241 Y107.371 E.00275
;WIDTH:0.581228
G1 X124.243 Y107.377 E.00028
M204 S1000
G1 X124.366 Y107.455 F7200
M204 S820
;WIDTH:0.585124
G1 F900
G1 X124.477 Y107.432 E.00511
;WIDTH:0.538697
G1 X124.588 Y107.409 E.00467
;WIDTH:0.49227
G1 X124.699 Y107.386 E.00424
;WIDTH:0.445843
G1 X124.81 Y107.362 E.0038
;WIDTH:0.399416
G1 X124.921 Y107.339 E.00336
;WIDTH:0.402075
G1 X124.988 Y107.364 E.00214
;WIDTH:0.45116
G1 X125.055 Y107.388 E.00242
;WIDTH:0.500246
G1 X125.121 Y107.413 E.00268
;WIDTH:0.549331
G1 X125.188 Y107.437 E.003
;WIDTH:0.598417
G1 X125.255 Y107.462 E.0033
;WIDTH:0.647502
G1 X125.321 Y107.486 E.00353
G1 X125.256 Y107.514 E.00356
;WIDTH:0.598417
G1 X125.19 Y107.541 E.00329
;WIDTH:0.549331
G1 X125.124 Y107.568 E.003
;WIDTH:0.500246
G1 X125.059 Y107.595 E.00268
;WIDTH:0.45116
G1 X124.993 Y107.622 E.00242
;WIDTH:0.402075
G1 X124.928 Y107.649 E.0021
;WIDTH:0.354792
G1 X124.835 Y107.652 E.00241
;WIDTH:0.400859
G1 X124.741 Y107.613 E.00303
;WIDTH:0.446925
G1 X124.647 Y107.573 E.00343
;WIDTH:0.492992
G1 X124.553 Y107.534 E.00381
;WIDTH:0.539058
G1 X124.46 Y107.495 E.00416
;WIDTH:0.585124
G1 X124.421 Y107.478 E.00192
M204 S1000
;WIPE_START
G1 F5760
G1 X124.366 Y107.455 E-.02065
G1 X124.477 Y107.432 E-.03926
;WIPE_END
G1 E-.74009 F2100
G1 Z4.2 F7200
G1 X123.2 Y103.698
G1 Z3.6
G1 E.8 F2100
M204 S820
;TYPE:Perimeter
;WIDTH:0.424797
G1 F900
G1 X123.379 Y103.452 E.00966
G1 X123.798 Y103.114 E.01709
G1 X123.798 Y103.698 E.01854
G1 X123.26 Y103.698 E.01708
M204 S1000
;WIPE_START
G1 F5760
G1 X123.2 Y103.698 E-.02078
G1 X123.379 Y103.452 E-.10537
G1 X123.798 Y103.114 E-.18645
G1 X123.798 Y103.698 E-.20227
G1 X123.26 Y103.698 E-.18634
;WIPE_END
G1 E-.09879 F2100
G1 Z4.2 F7200
G1 X124.249 Y102.578
G1 Z3.6
G1 E.8 F2100
M204 S820
;TYPE:External perimeter
;WIDTH:0.60404
G1 F900
G1 X124.408 Y102.549 E.00754
;WIDTH:0.636092
G1 X124.567 Y102.519 E.00798
M204 S1000
;WIPE_START
G1 F5760
G1 X124.408 Y102.549 E-.05604
;WIPE_END
G1 E-.74396 F2100
G1 Z4.2 F7200
G1 X122.583 Y104.164
G1 Z3.6
G1 E.8 F2100
M204 S820
;WIDTH:0.55184
G1 F900
G1 X122.616 Y104.034 E.00568
;WIDTH:0.507893
G1 X122.649 Y103.903 E.00522
;WIDTH:0.463946
G1 X122.682 Y103.773 E.0047
;WIDTH:0.419999
G1 X123.083 Y103.206 E.02177
G1 X123.471 Y102.87 E.01609
;WIDTH:0.431803
G1 X123.881 Y102.643 E.01515
;WIDTH:0.478532
G1 X124.004 Y102.622 E.00452
;WIDTH:0.52526
G1 X124.127 Y102.6 E.00501
;WIDTH:0.571988
G1 X124.249 Y102.578 E.00545
G1 X124.204 Y102.66 E.00411
;WIDTH:0.528075
G1 X124.158 Y102.741 E.00376
;WIDTH:0.484162
G1 X124.168 Y102.967 E.0083
;WIDTH:0.452081
G1 X124.177 Y103.193 E.0077
;WIDTH:0.419999
G1 X124.177 Y104.077 E.02772
G1 X122.86 Y104.077 E.04129
;WIDTH:0.463946
G1 X122.768 Y104.106 E.00338
;WIDTH:0.507893
G1 X122.675 Y104.135 E.00377
;WIDTH:0.55184
G1 X122.64 Y104.146 E.00155
M204 S1000
;WIPE_START
G1 F5760
G1 X122.583 Y104.164 E-.0207
G1 X122.616 Y104.034 E-.04645
;WIPE_END
G1 E-.73285 F2100
G1 Z4.2 F7200
G1 X124.567 Y102.519
G1 Z3.6
G1 E.8 F2100
M204 S820
;WIDTH:0.636092
G1 F900
G1 X124.633 Y102.491 E.00354
;WIDTH:0.589053
G1 X124.698 Y102.463 E.00321
;WIDTH:0.542014
G1 X124.764 Y102.434 E.00299
;WIDTH:0.494974
G1 X124.829 Y102.406 E.00266
;WIDTH:0.447935
G1 X124.894 Y102.378 E.00238
;WIDTH:0.400896
G1 X124.96 Y102.349 E.00215
;WIDTH:0.353856
G1 X125.241 Y102.353 E.00727
;WIDTH:0.394214
G1 X125.322 Y102.394 E.00265
M73 Q31 S10
;WIDTH:0.437236
G1 X125.404 Y102.434 E.00299
;WIDTH:0.480258
G1 X125.485 Y102.474 E.00329
;WIDTH:0.52328
G1 X125.567 Y102.514 E.00364
;WIDTH:0.566302
G1 X125.648 Y102.555 E.00395
M73 P31 R10
G1 X125.566 Y102.576 E.00368
;WIDTH:0.52328
G1 X125.484 Y102.597 E.00338
;WIDTH:0.480258
G1 X125.402 Y102.619 E.00309
;WIDTH:0.437236
G1 X125.32 Y102.64 E.00278
;WIDTH:0.394214
G1 X125.238 Y102.662 E.00248
;WIDTH:0.353856
G1 X124.957 Y102.66 E.00727
;WIDTH:0.400896
G1 X124.892 Y102.637 E.00205
;WIDTH:0.447935
G1 X124.827 Y102.613 E.00233
;WIDTH:0.494974
G1 X124.762 Y102.59 E.00259
;WIDTH:0.542014
G1 X124.697 Y102.566 E.00288
;WIDTH:0.589053
G1 X124.632 Y102.543 E.00313
;WIDTH:0.636092
G1 X124.624 Y102.54 E.00042
M204 S1000
;WIPE_START
G1 F5760
G1 X124.567 Y102.519 E-.02104
G1 X124.633 Y102.491 E-.02483
;WIPE_END
G1 E-.75413 F2100
G1 Z4.2 F7200
G1 X125.81 Y102.571
G1 Z3.6
G1 E.8 F2100
M204 S820
;WIDTH:0.523797
G1 F900
G1 X125.927 Y102.58 E.00469
;WIDTH:0.485228
G1 X126.178 Y102.688 E.01005
;WIDTH:0.452614
G1 X126.429 Y102.797 E.00932
;WIDTH:0.419999
G1 X126.865 Y103.152 E.01763
G1 X127.203 Y103.576 E.017
;WIDTH:0.431893
G1 X127.335 Y103.814 E.0088
;WIDTH:0.470134
G1 X127.363 Y103.934 E.00438
;WIDTH:0.508374
G1 X127.391 Y104.054 E.00477
;WIDTH:0.546614
G1 X127.419 Y104.174 E.00516
G1 X127.343 Y104.139 E.0035
;WIDTH:0.510149
G1 X127.268 Y104.104 E.00322
;WIDTH:0.473684
G1 X127.192 Y104.069 E.003
;WIDTH:0.437218
G1 X126.962 Y104.077 E.00755
;WIDTH:0.419999
G1 X125.823 Y104.077 E.03571
G1 X125.823 Y103.506 E.0179
;WIDTH:0.452614
G1 X125.822 Y103.101 E.0138
;WIDTH:0.485228
G1 X125.821 Y102.697 E.01486
;WIDTH:0.523797
G1 X125.757 Y102.63 E.0037
;WIDTH:0.562366
G1 X125.693 Y102.563 E.004
G1 X125.75 Y102.567 E.00247
M204 S1000
;WIPE_START
G1 F5760
G1 X125.81 Y102.571 E-.02083
G1 X125.927 Y102.58 E-.04064
;WIPE_END
G1 E-.73853 F2100
G1 Z4.2 F7200
G1 X122.56 Y104.255
G1 Z3.6
G1 E.8 F2100
M204 S820
;WIDTH:0.556002
G1 F900
G1 X122.58 Y104.351 E.00418
;WIDTH:0.514932
G1 X122.601 Y104.446 E.00382
;WIDTH:0.473861
G1 X122.621 Y104.541 E.00348
;WIDTH:0.43279
G1 X122.641 Y104.636 E.00315
;WIDTH:0.391719
G1 X122.662 Y104.732 E.00285
;WIDTH:0.350648
G1 X122.662 Y105.268 E.01371
;WIDTH:0.392125
G1 X122.641 Y105.362 E.0028
;WIDTH:0.433601
G1 X122.621 Y105.455 E.00309
;WIDTH:0.475078
G1 X122.6 Y105.548 E.00343
;WIDTH:0.516554
G1 X122.579 Y105.641 E.00375
;WIDTH:0.55803
G1 X122.558 Y105.734 E.00408
G1 X122.517 Y105.644 E.00424
;WIDTH:0.516554
G1 X122.477 Y105.554 E.00388
;WIDTH:0.475078
G1 X122.436 Y105.465 E.00352
;WIDTH:0.433601
G1 X122.395 Y105.375 E.00321
;WIDTH:0.392125
G1 X122.354 Y105.285 E.00287
;WIDTH:0.350648
G1 X122.354 Y104.715 E.01458
;WIDTH:0.391719
G1 X122.395 Y104.623 E.00292
;WIDTH:0.43279
G1 X122.436 Y104.531 E.00327
;WIDTH:0.473861
G1 X122.477 Y104.439 E.00361
;WIDTH:0.514932
G1 X122.518 Y104.347 E.00395
;WIDTH:0.556002
G1 X122.535 Y104.31 E.00174
M204 S1000
;LAYER_CHANGE
;Z:3.8011
;HEIGHT:0.201104
;BEFORE_LAYER_CHANGE
G92 E0.0
;3.8011


;WIPE_START
G1 F5760
G1 X122.56 Y104.255 E-.02093
G1 X122.58 Y104.351 E-.03396
;WIPE_END
G1 E-.74511 F2100
G1 Z3.801 F7200
;AFTER_LAYER_CHANGE
;3.8011
G1 Z4.401
G1 X132.631 Y97.428
G1 Z3.801
G1 E.8 F2100
M204 S820
;WIDTH:0.578692
G1 F900
G1 X132.729 Y97.702 E.01303
;WIDTH:0.559155
G1 X132.748 Y97.97 E.01159
;WIDTH:0.521578
G1 X132.748 Y112.03 E.56241
;WIDTH:0.552856
G1 X132.732 Y112.275 E.01046
;WIDTH:0.57654
G1 X132.638 Y112.55 E.01296
G1 X132.459 Y112.691 E.01016
;WIDTH:0.570421
G1 X132.03 Y112.748 E.01908
;WIDTH:0.521579
G1 X117.97 Y112.748 E.56241
;WIDTH:0.552744
G1 X117.726 Y112.732 E.01042
;WIDTH:0.576537
G1 X117.45 Y112.638 E.013
G1 X117.309 Y112.458 E.0102
;WIDTH:0.570305
G1 X117.252 Y112.03 E.01903
;WIDTH:0.521574
G1 X117.253 Y97.97 E.5624
;WIDTH:0.555936
G1 X117.27 Y97.713 E.01104
;WIDTH:0.576446
G1 X117.36 Y97.453 E.01227
G1 X117.535 Y97.314 E.00996
;WIDTH:0.570735
G1 X117.97 Y97.252 E.01938
;WIDTH:0.521579
G1 X132.03 Y97.252 E.56241
;WIDTH:0.549058
G1 X132.236 Y97.281 E.0088
;WIDTH:0.576537
G1 X132.441 Y97.311 E.00924
;WIDTH:0.578692
G1 X132.58 Y97.397 E.00732
M204 S1000
G1 X132.224 Y97.785 F7200
M204 S820
G1 F900
G1 X132.246 Y97.878 E.00428
;WIDTH:0.550135
G1 X132.269 Y97.97 E.00402
;WIDTH:0.521578
G1 X132.269 Y112.03 E.56241
;WIDTH:0.550143
G1 X132.242 Y112.127 E.00427
;WIDTH:0.578708
G1 X132.215 Y112.224 E.00451
G1 X132.122 Y112.246 E.00428
;WIDTH:0.550144
G1 X132.03 Y112.269 E.00402
;WIDTH:0.521579
G1 X117.97 Y112.269 E.56241
;WIDTH:0.550136
G1 X117.873 Y112.242 E.00427
;WIDTH:0.578693
G1 X117.776 Y112.215 E.00451
G1 X117.754 Y112.122 E.00428
;WIDTH:0.550134
G1 X117.731 Y112.03 E.00402
;WIDTH:0.521574
G1 X117.731 Y97.97 E.5624
;WIDTH:0.549963
G1 X117.758 Y97.873 E.00427
;WIDTH:0.578567
G1 X117.785 Y97.777 E.00446
G1 X117.85 Y97.755 E.00307
;WIDTH:0.553162
G1 X117.916 Y97.734 E.00295
;WIDTH:0.527756
G1 X117.97 Y97.731 E.00219
;WIDTH:0.521579
G1 X132.03 Y97.731 E.56241
;WIDTH:0.550136
G1 X132.127 Y97.758 E.00427
M73 P32 R10
M73 Q32 S10
;WIDTH:0.578692
G1 X132.166 Y97.769 E.00181
M204 S1000
;WIPE_START
G1 F5760
G1 X132.224 Y97.785 E-.02084
G1 X132.246 Y97.878 E-.0331
;WIPE_END
G1 E-.74606 F2100
G1 Z4.401 F7200
G1 X126.199 Y103.124
G1 Z3.801
G1 E.8 F2100
M204 S820
;TYPE:Perimeter
;WIDTH:0.433397
G1 F900
G1 X126.517 Y103.354 E.01281
G1 X126.821 Y103.701 E.01505
G1 X126.199 Y103.701 E.02029
G1 X126.199 Y103.184 E.01687
M204 S1000
;WIPE_START
G1 F5760
G1 X126.199 Y103.124 E-.02078
G1 X126.517 Y103.354 E-.13593
G1 X126.821 Y103.701 E-.15978
G1 X126.199 Y103.701 E-.21543
G1 X126.199 Y103.184 E-.17907
;WIPE_END
G1 E-.08901 F2100
G1 Z4.401 F7200
G1 X127.419 Y104.178
G1 Z3.801
G1 E.8 F2100
M204 S820
;TYPE:External perimeter
;WIDTH:0.603262
G1 F900
G1 X127.445 Y104.429 E.01182
;WIDTH:0.644431
G1 X127.472 Y104.681 E.01274
;WIDTH:0.685599
G1 X127.498 Y104.932 E.01355
G1 X127.48 Y105.274 E.0184
;WIDTH:0.648003
G1 X127.461 Y105.616 E.01732
;WIDTH:0.610407
G1 X127.43 Y105.737 E.00592
;WIDTH:0.584368
G1 X127.4 Y105.857 E.0056
M204 S1000
G1 X126.822 Y106.299 F7200
M204 S820
;TYPE:Perimeter
;WIDTH:0.431921
G1 F900
G1 X126.531 Y106.63 E.01433
G1 X126.199 Y106.886 E.01363
G1 X126.198 Y106.299 E.01908
G1 X126.762 Y106.299 E.01833
M204 S1000
;WIPE_START
G1 F5760
G1 X126.822 Y106.299 E-.02078
G1 X126.531 Y106.63 E-.15265
G1 X126.199 Y106.886 E-.1452
G1 X126.198 Y106.299 E-.20331
G1 X126.762 Y106.299 E-.19534
;WIPE_END
G1 E-.08272 F2100
G1 Z4.401 F7200
G1 X125.737 Y107.431
G1 Z3.801
G1 E.8 F2100
M204 S820
;TYPE:External perimeter
;WIDTH:0.617735
G1 F900
G1 X125.546 Y107.465 E.00932
M204 S1000
;WIPE_START
G1 F5760
G1 X125.737 Y107.431 E-.06719
;WIPE_END
G1 E-.73281 F2100
G1 Z4.401 F7200
G1 X127.4 Y105.857
G1 Z3.801
G1 E.8 F2100
M204 S820
;WIDTH:0.558329
G1 F900
G1 X127.375 Y105.971 E.00503
;WIDTH:0.519843
G1 X127.351 Y106.085 E.00464
;WIDTH:0.481356
G1 X127.326 Y106.199 E.00428
;WIDTH:0.442869
G1 X127.055 Y106.646 E.01747
;WIDTH:0.419999
G1 X126.657 Y107.045 E.01776
G1 X126.182 Y107.353 E.01784
;WIDTH:0.463782
G1 X126.071 Y107.372 E.00396
;WIDTH:0.507565
G1 X125.959 Y107.392 E.00442
;WIDTH:0.551348
G1 X125.848 Y107.411 E.00478
;WIDTH:0.595131
G1 X125.737 Y107.431 E.00521
G1 X125.778 Y107.393 E.00258
;WIDTH:0.570149
G1 X125.788 Y107.327 E.00294
;WIDTH:0.532612
G1 X125.797 Y107.262 E.00269
;WIDTH:0.495074
G1 X125.806 Y107.196 E.00252
;WIDTH:0.457537
G1 X125.816 Y107.13 E.00231
;WIDTH:0.419999
G1 X125.816 Y105.916 E.03825
G1 X126.393 Y105.916 E.01818
;WIDTH:0.442869
G1 X127.177 Y105.927 E.0262
;WIDTH:0.481356
G1 X127.251 Y105.904 E.00284
;WIDTH:0.519843
G1 X127.326 Y105.88 E.00314
;WIDTH:0.558329
G1 X127.343 Y105.875 E.00076
M204 S1000
;WIPE_START
G1 F5760
G1 X127.4 Y105.857 E-.0207
G1 X127.375 Y105.971 E-.04042
;WIPE_END
G1 E-.73888 F2100
G1 Z4.401 F7200
G1 X123.8 Y106.886
G1 Z3.801
G1 E.8 F2100
M204 S820
;TYPE:Perimeter
;WIDTH:0.435101
G1 F900
G1 X123.514 Y106.684 E.01147
G1 X123.178 Y106.3 E.01672
G1 X123.8 Y106.3 E.02038
G1 X123.8 Y106.826 E.01724
M204 S1000
;WIPE_START
G1 F5760
G1 X123.8 Y106.886 E-.02078
G1 X123.514 Y106.684 E-.12127
G1 X123.178 Y106.3 E-.17673
G1 X123.8 Y106.3 E-.21543
G1 X123.8 Y106.826 E-.18218
;WIPE_END
G1 E-.08361 F2100
G1 Z4.401 F7200
G1 X122.605 Y105.877
G1 Z3.801
G1 E.8 F2100
M204 S820
;TYPE:External perimeter
;WIDTH:0.573533
G1 F900
G1 X122.558 Y105.727 E.00697
M204 S1000
;WIPE_START
G1 F5760
G1 X122.605 Y105.877 E-.05444
;WIPE_END
G1 E-.74556 F2100
G1 Z4.401 F7200
G1 X124.267 Y107.434
G1 Z3.801
G1 E.8 F2100
M204 S820
;WIDTH:0.597537
G1 F900
G1 X124.173 Y107.418 E.00442
;WIDTH:0.554124
G1 X124.079 Y107.403 E.00407
;WIDTH:0.510711
G1 X123.985 Y107.388 E.00372
;WIDTH:0.467297
G1 X123.891 Y107.372 E.00338
;WIDTH:0.423884
G1 X123.715 Y107.294 E.00613
;WIDTH:0.419999
G1 X123.19 Y106.902 E.02064
G1 X122.753 Y106.369 E.02172
;WIDTH:0.457772
G1 X122.716 Y106.246 E.00445
;WIDTH:0.495544
G1 X122.679 Y106.123 E.00486
;WIDTH:0.533317
G1 X122.642 Y106 E.00526
;WIDTH:0.571089
G1 X122.605 Y105.877 E.00567
G1 X122.678 Y105.896 E.00333
;WIDTH:0.532098
G1 X122.75 Y105.914 E.00303
;WIDTH:0.493107
G1 X122.823 Y105.933 E.00284
;WIDTH:0.454115
G1 X122.985 Y105.916 E.0056
;WIDTH:0.419999
G1 X124.184 Y105.916 E.03778
G1 X124.184 Y106.567 E.02051
;WIDTH:0.423884
G1 X124.182 Y107.177 E.01942
;WIDTH:0.467297
G1 X124.204 Y107.241 E.0024
;WIDTH:0.510711
G1 X124.225 Y107.305 E.00263
;WIDTH:0.554124
G1 X124.246 Y107.369 E.00288
;WIDTH:0.597537
G1 X124.248 Y107.377 E.00038
M204 S1000
G1 X124.373 Y107.456 F7200
M204 S820
;WIDTH:0.600141
G1 F900
G1 X124.463 Y107.432 E.00434
;WIDTH:0.552474
G1 X124.554 Y107.408 E.00401
;WIDTH:0.504806
G1 X124.645 Y107.384 E.00363
;WIDTH:0.457139
G1 X124.735 Y107.36 E.00322
;WIDTH:0.409472
G1 X124.826 Y107.337 E.00287
;WIDTH:0.361804
G1 X125.147 Y107.334 E.00855
;WIDTH:0.399418
G1 X125.213 Y107.355 E.00206
;WIDTH:0.443081
G1 X125.28 Y107.377 E.00236
;WIDTH:0.486745
G1 X125.346 Y107.399 E.00258
;WIDTH:0.530408
G1 X125.413 Y107.421 E.00287
;WIDTH:0.574072
G1 X125.479 Y107.443 E.00309
;WIDTH:0.617735
G1 X125.546 Y107.465 E.00339
G1 X125.48 Y107.495 E.00348
;WIDTH:0.574072
G1 X125.415 Y107.525 E.00318
;WIDTH:0.530408
G1 X125.349 Y107.555 E.00295
;WIDTH:0.486745
G1 X125.284 Y107.586 E.00267
;WIDTH:0.443081
G1 X125.218 Y107.616 E.00242
;WIDTH:0.399418
G1 X125.153 Y107.646 E.00213
;WIDTH:0.361804
G1 X124.832 Y107.655 E.00856
;WIDTH:0.409472
G1 X124.74 Y107.615 E.00307
;WIDTH:0.457139
G1 X124.648 Y107.575 E.00347
;WIDTH:0.504806
G1 X124.556 Y107.536 E.00386
;WIDTH:0.552474
G1 X124.465 Y107.496 E.00423
;WIDTH:0.600141
G1 X124.428 Y107.48 E.00188
M204 S1000
;WIPE_START
G1 F5760
G1 X124.373 Y107.456 E-.02078
G1 X124.463 Y107.432 E-.03226
;WIPE_END
G1 E-.74696 F2100
G1 Z4.401 F7200
G1 X123.192 Y103.701
G1 Z3.801
G1 E.8 F2100
M204 S820
;TYPE:Perimeter
;WIDTH:0.43213
G1 F900
G1 X123.375 Y103.45 E.0101
G1 X123.801 Y103.108 E.01777
G1 X123.801 Y103.701 E.01929
G1 X123.252 Y103.701 E.01785
M204 S1000
;WIPE_START
G1 F5760
G1 X123.192 Y103.701 E-.02078
G1 X123.375 Y103.45 E-.10759
G1 X123.801 Y103.108 E-.18921
G1 X123.801 Y103.701 E-.20539
G1 X123.252 Y103.701 E-.19015
;WIPE_END
G1 E-.08688 F2100
G1 Z4.401 F7200
G1 X124.252 Y102.578
G1 Z3.801
G1 E.8 F2100
M204 S820
;TYPE:External perimeter
;WIDTH:0.634416
G1 F900
G1 X124.536 Y102.541 E.01416
;WIDTH:0.681077
G1 X124.82 Y102.504 E.01528
G1 X125.224 Y102.528 E.02159
;WIDTH:0.633291
G1 X125.627 Y102.552 E.01992
;WIDTH:0.585505
G1 X125.688 Y102.562 E.0028
M204 S1000
;WIPE_START
G1 F5760
G1 X125.627 Y102.552 E-.02141
;WIPE_END
G1 E-.77859 F2100
G1 Z4.401 F7200
G1 X122.583 Y104.167
G1 Z3.801
M73 P32 R9
G1 E.8 F2100
M204 S820
;WIDTH:0.567859
G1 F900
G1 X122.615 Y104.031 E.00613
;WIDTH:0.518573
G1 X122.648 Y103.895 E.00556
;WIDTH:0.469286
G1 X122.681 Y103.759 E.00499
;WIDTH:0.419999
G1 X123.076 Y103.202 E.02151
G1 X123.465 Y102.866 E.0162
;WIDTH:0.428725
G1 X123.871 Y102.639 E.015
;WIDTH:0.468483
G1 X123.966 Y102.624 E.00342
;WIDTH:0.50824
G1 X124.062 Y102.609 E.00378
;WIDTH:0.547998
G1 X124.157 Y102.594 E.00406
;WIDTH:0.587755
G1 X124.252 Y102.578 E.00439
G1 X124.208 Y102.662 E.00432
;WIDTH:0.538191
G1 X124.163 Y102.746 E.00394
;WIDTH:0.488626
G1 X124.174 Y102.971 E.00839
;WIDTH:0.454313
G1 X124.184 Y103.195 E.00771
;WIDTH:0.419999
G1 X124.184 Y104.084 E.02801
G1 X122.871 Y104.084 E.04137
;WIDTH:0.469286
G1 X122.775 Y104.112 E.00356
M73 Q32 S9
;WIDTH:0.518573
G1 X122.679 Y104.14 E.00397
;WIDTH:0.567859
G1 X122.64 Y104.151 E.00178
M204 S1000
G1 X122.559 Y104.262 F7200
M204 S820
;WIDTH:0.571453
G1 F900
G1 X122.58 Y104.356 E.00425
;WIDTH:0.528715
G1 X122.601 Y104.45 E.00391
;WIDTH:0.485977
G1 X122.623 Y104.544 E.00357
;WIDTH:0.443239
G1 X122.644 Y104.638 E.00322
;WIDTH:0.400501
G1 X122.665 Y104.732 E.00288
;WIDTH:0.357763
G1 X122.665 Y105.268 E.0141
;WIDTH:0.400917
G1 X122.644 Y105.36 E.00282
;WIDTH:0.444071
G1 X122.622 Y105.452 E.00317
;WIDTH:0.487225
G1 X122.601 Y105.544 E.0035
;WIDTH:0.530379
G1 X122.579 Y105.635 E.00381
;WIDTH:0.573533
G1 X122.558 Y105.727 E.00418
G1 X122.516 Y105.639 E.00432
;WIDTH:0.530379
G1 X122.475 Y105.55 E.00399
;WIDTH:0.487225
G1 X122.434 Y105.462 E.0036
;WIDTH:0.444071
G1 X122.392 Y105.374 E.00327
;WIDTH:0.400917
G1 X122.351 Y105.285 E.00293
;WIDTH:0.357763
G1 X122.351 Y104.732 E.01455
;WIDTH:0.400501
G1 X122.392 Y104.638 E.00306
;WIDTH:0.443239
G1 X122.434 Y104.544 E.00344
;WIDTH:0.485977
G1 X122.476 Y104.45 E.00381
;WIDTH:0.528715
G1 X122.517 Y104.356 E.00416
;WIDTH:0.571453
G1 X122.535 Y104.317 E.0019
M204 S1000
;WIPE_START
G1 F5760
G1 X122.559 Y104.262 E-.02078
G1 X122.58 Y104.356 E-.03336
;WIPE_END
G1 E-.74586 F2100
G1 Z4.401 F7200
G1 X125.806 Y102.569
G1 Z3.801
G1 E.8 F2100
M204 S820
;WIDTH:0.53538
G1 F900
G1 X125.925 Y102.575 E.0049
;WIDTH:0.492273
G1 X126.177 Y102.682 E.01028
;WIDTH:0.456136
G1 X126.429 Y102.789 E.00945
;WIDTH:0.419999
G1 X126.867 Y103.144 E.01776
G1 X127.206 Y103.567 E.01708
;WIDTH:0.429425
G1 X127.339 Y103.803 E.00875
;WIDTH:0.473648
G1 X127.365 Y103.928 E.0046
;WIDTH:0.517871
G1 X127.392 Y104.053 E.00508
;WIDTH:0.562093
G1 X127.419 Y104.178 E.00555
G1 X127.341 Y104.144 E.00369
;WIDTH:0.520049
G1 X127.263 Y104.11 E.00339
;WIDTH:0.478004
G1 X127.186 Y104.077 E.00305
;WIDTH:0.435959
G1 X126.958 Y104.084 E.00749
;WIDTH:0.419999
G1 X125.816 Y104.084 E.03598
G1 X125.816 Y103.506 E.01821
;WIDTH:0.456136
G1 X125.815 Y103.102 E.01395
;WIDTH:0.492273
G1 X125.815 Y102.699 E.01513
;WIDTH:0.53538
G1 X125.751 Y102.63 E.00387
;WIDTH:0.578487
G1 X125.688 Y102.562 E.00415
G1 X125.746 Y102.565 E.0026
M204 S1000
;LAYER_CHANGE
;Z:4.00477
;HEIGHT:0.203665
;BEFORE_LAYER_CHANGE
G92 E0.0
;4.00477


;WIPE_START
G1 F5760
G1 X125.806 Y102.569 E-.02083
G1 X125.925 Y102.575 E-.04127
;WIPE_END
G1 E-.7379 F2100
G1 Z4.005 F7200
;AFTER_LAYER_CHANGE
;4.00477
G1 Z4.605
G1 X132.493 Y97.424
G1 Z4.005
G1 E.8 F2100
M204 S820
;WIDTH:0.576773
G1 F900
G1 X132.636 Y97.598 E.01017
;WIDTH:0.563131
G1 X132.673 Y97.741 E.0065
;WIDTH:0.560958
G1 X132.693 Y98.024 E.01243
;WIDTH:0.521834
G1 X132.693 Y111.976 E.56485
;WIDTH:0.546848
G1 X132.669 Y112.167 E.0082
M73 P33 R9
M73 Q33 S9
;WIDTH:0.571861
G1 X132.645 Y112.359 E.00865
;WIDTH:0.575862
G1 X132.532 Y112.545 E.00981
G1 X132.387 Y112.644 E.00791
;WIDTH:0.569602
G1 X131.976 Y112.693 E.01843
;WIDTH:0.521853
G1 X118.024 Y112.693 E.56487
;WIDTH:0.5572
G1 X117.783 Y112.676 E.0105
;WIDTH:0.571996
G1 X117.547 Y112.613 E.01093
;WIDTH:0.578364
G1 X117.373 Y112.436 E.01124
G1 X117.34 Y112.206 E.01052
;WIDTH:0.550103
G1 X117.307 Y111.976 E.00996
;WIDTH:0.521854
G1 X117.307 Y98.024 E.56487
;WIDTH:0.546861
G1 X117.331 Y97.833 E.0082
;WIDTH:0.571867
G1 X117.355 Y97.641 E.00865
;WIDTH:0.575947
G1 X117.468 Y97.455 E.00981
G1 X117.613 Y97.356 E.00791
;WIDTH:0.569603
G1 X118.024 Y97.307 E.01843
;WIDTH:0.521853
G1 X131.863 Y97.307 E.5603
;WIDTH:0.547572
G1 X132.098 Y97.332 E.01008
;WIDTH:0.573291
G1 X132.333 Y97.356 E.01059
;WIDTH:0.576773
G1 X132.441 Y97.397 E.00521
M204 S1000
G1 X132.162 Y97.833 F7200
M204 S820
G1 F900
G1 X132.188 Y97.928 E.00445
;WIDTH:0.549137
G1 X132.215 Y98.024 E.00427
;WIDTH:0.521834
G1 X132.215 Y111.976 E.56485
;WIDTH:0.546848
G1 X132.198 Y112.059 E.00361
;WIDTH:0.571861
G1 X132.181 Y112.143 E.00383
G1 X132.108 Y112.197 E.00406
;WIDTH:0.558359
G1 X131.976 Y112.215 E.00581
;WIDTH:0.521853
G1 X118.024 Y112.215 E.56487
;WIDTH:0.550808
G1 X117.927 Y112.188 E.00432
;WIDTH:0.579764
G1 X117.83 Y112.161 E.00457
G1 X117.807 Y112.069 E.0043
;WIDTH:0.550803
G1 X117.785 Y111.976 E.0041
;WIDTH:0.521854
G1 X117.785 Y98.024 E.56487
;WIDTH:0.546861
G1 X117.802 Y97.941 E.00361
;WIDTH:0.571867
G1 X117.819 Y97.857 E.00383
;WIDTH:0.575947
G1 X117.849 Y97.823 E.00204
G1 X117.937 Y97.804 E.00406
;WIDTH:0.548878
G1 X118.024 Y97.785 E.00381
;WIDTH:0.521853
G1 X131.863 Y97.785 E.5603
;WIDTH:0.549313
G1 X132.013 Y97.809 E.0065
;WIDTH:0.576773
G1 X132.103 Y97.823 E.00411
M204 S1000
;WIPE_START
G1 F5760
G1 X132.162 Y97.833 E-.02073
G1 X132.188 Y97.928 E-.03411
;WIPE_END
G1 E-.74516 F2100
G1 Z4.605 F7200
G1 X126.196 Y103.12
G1 Z4.005
G1 E.8 F2100
M204 S820
;TYPE:Perimeter
;WIDTH:0.441393
G1 F900
G1 X126.519 Y103.351 E.01337
G1 X126.829 Y103.704 E.01582
G1 X126.196 Y103.704 E.02132
G1 X126.196 Y103.18 E.01765
M204 S1000
;WIPE_START
G1 F5760
G1 X126.196 Y103.12 E-.02078
G1 X126.519 Y103.351 E-.13754
G1 X126.829 Y103.704 E-.16272
G1 X126.196 Y103.704 E-.21924
G1 X126.196 Y103.18 E-.18149
;WIPE_END
G1 E-.07823 F2100
G1 Z4.605 F7200
G1 X127.419 Y104.182
G1 Z4.005
G1 E.8 F2100
M204 S820
;TYPE:External perimeter
;WIDTH:0.618314
G1 F900
G1 X127.445 Y104.43 E.01213
;WIDTH:0.658958
G1 X127.472 Y104.678 E.013
;WIDTH:0.699603
G1 X127.498 Y104.926 E.01385
G1 X127.479 Y105.274 E.01936
;WIDTH:0.661342
G1 X127.46 Y105.622 E.01823
;WIDTH:0.623081
G1 X127.4 Y105.855 E.0118
M204 S1000
G1 X126.829 Y106.295 F7200
M204 S820
;TYPE:Perimeter
;WIDTH:0.439762
G1 F900
G1 X126.533 Y106.633 E.01507
G1 X126.195 Y106.893 E.0143
G1 X126.195 Y106.295 E.02005
G1 X126.769 Y106.295 E.01925
M204 S1000
G1 X127.4 Y105.855 F7200
M204 S820
;TYPE:External perimeter
;WIDTH:0.574699
G1 F900
G1 X127.376 Y105.973 E.00541
;WIDTH:0.530469
G1 X127.353 Y106.091 E.00496
;WIDTH:0.486238
G1 X127.329 Y106.209 E.00451
;WIDTH:0.442008
G1 X127.057 Y106.654 E.01759
;WIDTH:0.419999
G1 X126.658 Y107.054 E.018
G1 X126.182 Y107.361 E.01805
;WIDTH:0.467537
G1 X126.069 Y107.378 E.0041
;WIDTH:0.515075
G1 X125.957 Y107.396 E.00453
;WIDTH:0.562613
G1 X125.845 Y107.413 E.00498
;WIDTH:0.610151
G1 X125.733 Y107.43 E.00543
G1 X125.781 Y107.383 E.00322
;WIDTH:0.577021
G1 X125.788 Y107.33 E.00241
;WIDTH:0.537766
G1 X125.795 Y107.277 E.00224
;WIDTH:0.49851
G1 X125.802 Y107.224 E.00206
;WIDTH:0.459255
G1 X125.809 Y107.17 E.00192
;WIDTH:0.419999
G1 X125.809 Y105.909 E.04018
G1 X126.393 Y105.909 E.01861
;WIDTH:0.442008
G1 X127.17 Y105.92 E.02621
;WIDTH:0.486238
G1 X127.247 Y105.898 E.003
M73 Q34 S9
;WIDTH:0.530469
G1 X127.323 Y105.876 E.00326
;WIDTH:0.574699
G1 X127.342 Y105.871 E.00088
M73 P34 R9
M204 S1000
;WIPE_START
G1 F5760
G1 X127.4 Y105.855 E-.02084
G1 X127.376 Y105.973 E-.04171
;WIPE_END
G1 E-.73745 F2100
G1 Z4.605 F7200
G1 X123.804 Y106.893
G1 Z4.005
G1 E.8 F2100
M204 S820
;TYPE:Perimeter
;WIDTH:0.443154
G1 F900
G1 X123.51 Y106.685 E.01218
G1 X123.172 Y106.296 E.01743
G1 X123.804 Y106.296 E.02138
G1 X123.804 Y106.833 E.01816
M204 S1000
;WIPE_START
G1 F5760
G1 X123.804 Y106.893 E-.02078
G1 X123.51 Y106.685 E-.12474
G1 X123.172 Y106.296 E-.17849
G1 X123.804 Y106.296 E-.2189
G1 X123.804 Y106.833 E-.18599
;WIPE_END
G1 E-.0711 F2100
G1 Z4.605 F7200
G1 X122.605 Y105.874
G1 Z4.005
G1 E.8 F2100
M204 S820
;TYPE:External perimeter
;WIDTH:0.589147
G1 F900
G1 X122.557 Y105.72 E.00745
M204 S1000
;WIPE_START
G1 F5760
G1 X122.605 Y105.874 E-.05587
;WIPE_END
G1 E-.74413 F2100
G1 Z4.605 F7200
G1 X124.271 Y107.434
G1 Z4.005
G1 E.8 F2100
M204 S820
;WIDTH:0.613967
G1 F900
G1 X124.173 Y107.42 E.00478
;WIDTH:0.565475
G1 X124.076 Y107.406 E.00433
;WIDTH:0.516983
G1 X123.979 Y107.392 E.00393
;WIDTH:0.468491
G1 X123.881 Y107.378 E.00356
;WIDTH:0.419999
G1 X123.709 Y107.299 E.00603
G1 X123.185 Y106.908 E.02083
G1 X122.747 Y106.372 E.02206
;WIDTH:0.461865
G1 X122.712 Y106.248 E.00456
;WIDTH:0.50373
G1 X122.676 Y106.123 E.00507
;WIDTH:0.545596
G1 X122.641 Y105.999 E.00548
;WIDTH:0.587461
G1 X122.605 Y105.874 E.00599
G1 X122.68 Y105.892 E.00355
;WIDTH:0.54293
G1 X122.755 Y105.909 E.00325
;WIDTH:0.4984
G1 X122.83 Y105.926 E.00296
;WIDTH:0.453869
G1 X122.983 Y105.909 E.00535
;WIDTH:0.419999
G1 X124.191 Y105.909 E.03849
G1 X124.191 Y107.046 E.03623
;WIDTH:0.468491
G1 X124.211 Y107.143 E.00356
;WIDTH:0.516983
G1 X124.231 Y107.24 E.00397
;WIDTH:0.565475
G1 X124.251 Y107.337 E.00438
;WIDTH:0.613967
G1 X124.259 Y107.375 E.00188
M204 S1000
G1 X124.378 Y107.456 F7200
M204 S820
;WIDTH:0.615079
G1 F900
G1 X124.467 Y107.432 E.00446
;WIDTH:0.56587
G1 X124.556 Y107.407 E.00409
;WIDTH:0.516661
G1 X124.645 Y107.382 E.0037
;WIDTH:0.467452
G1 X124.734 Y107.358 E.00331
;WIDTH:0.418243
G1 X124.823 Y107.333 E.00293
;WIDTH:0.369034
G1 X125.207 Y107.33 E.01058
;WIDTH:0.403975
G1 X125.276 Y107.351 E.0022
;WIDTH:0.445919
G1 X125.345 Y107.372 E.00246
;WIDTH:0.487863
G1 X125.414 Y107.393 E.00271
;WIDTH:0.529807
G1 X125.483 Y107.414 E.00297
;WIDTH:0.571751
G1 X125.552 Y107.435 E.00322
;WIDTH:0.613695
G1 X125.62 Y107.455 E.00342
G1 X125.553 Y107.488 E.0036
;WIDTH:0.571751
G1 X125.485 Y107.52 E.00336
;WIDTH:0.529807
G1 X125.417 Y107.552 E.00309
;WIDTH:0.487863
G1 X125.349 Y107.584 E.00283
;WIDTH:0.445919
G1 X125.281 Y107.616 E.00256
;WIDTH:0.403975
G1 X125.213 Y107.648 E.00229
;WIDTH:0.369034
G1 X124.829 Y107.658 E.01058
;WIDTH:0.418243
G1 X124.739 Y107.618 E.00312
;WIDTH:0.467452
G1 X124.649 Y107.577 E.00355
;WIDTH:0.516661
G1 X124.559 Y107.537 E.00394
;WIDTH:0.56587
G1 X124.468 Y107.497 E.00439
;WIDTH:0.615079
G1 X124.433 Y107.481 E.00186
M204 S1000
;WIPE_START
G1 F5760
G1 X124.378 Y107.456 E-.02093
G1 X124.467 Y107.432 E-.03193
;WIPE_END
G1 E-.74714 F2100
G1 Z4.605 F7200
G1 X123.183 Y103.705
G1 Z4.005
G1 E.8 F2100
M204 S820
;TYPE:Perimeter
;WIDTH:0.439997
G1 F900
G1 X123.371 Y103.449 E.01066
G1 X123.805 Y103.102 E.01865
G1 X123.805 Y103.705 E.02023
G1 X123.243 Y103.705 E.01886
M204 S1000
;WIPE_START
G1 F5760
G1 X123.183 Y103.705 E-.02078
G1 X123.371 Y103.449 E-.11001
G1 X123.805 Y103.102 E-.19246
G1 X123.805 Y103.705 E-.20885
G1 X123.243 Y103.705 E-.19465
;WIPE_END
G1 E-.07325 F2100
G1 Z4.605 F7200
G1 X124.256 Y102.578
G1 Z4.005
G1 E.8 F2100
M204 S820
;TYPE:External perimeter
;WIDTH:0.649295
G1 F900
G1 X124.536 Y102.541 E.01448
;WIDTH:0.694949
G1 X124.817 Y102.504 E.01563
G1 X125.219 Y102.527 E.0222
;WIDTH:0.648489
G1 X125.62 Y102.55 E.02057
;WIDTH:0.602029
G1 X125.683 Y102.561 E.00302
M204 S1000
;WIPE_START
G1 F5760
G1 X125.62 Y102.55 E-.02215
;WIPE_END
G1 E-.77785 F2100
G1 Z4.605 F7200
G1 X122.582 Y104.17
G1 Z4.005
G1 E.8 F2100
M204 S820
;WIDTH:0.583979
G1 F900
G1 X122.607 Y104.064 E.00498
;WIDTH:0.542984
G1 X122.631 Y103.958 E.00459
;WIDTH:0.501989
G1 X122.656 Y103.852 E.00423
;WIDTH:0.460994
G1 X122.68 Y103.745 E.00387
;WIDTH:0.419999
G1 X123.07 Y103.199 E.02138
G1 X123.459 Y102.862 E.0164
;WIDTH:0.424914
G1 X123.86 Y102.634 E.01489
;WIDTH:0.469596
G1 X123.959 Y102.62 E.00361
;WIDTH:0.514278
G1 X124.058 Y102.606 E.00398
;WIDTH:0.558959
G1 X124.157 Y102.592 E.00436
;WIDTH:0.603641
G1 X124.256 Y102.578 E.00474
G1 X124.227 Y102.636 E.00307
;WIDTH:0.56668
G1 X124.198 Y102.694 E.00287
;WIDTH:0.529718
G1 X124.169 Y102.752 E.00267
;WIDTH:0.492757
G1 X124.18 Y102.974 E.00845
;WIDTH:0.456378
G1 X124.191 Y103.196 E.00777
;WIDTH:0.419999
G1 X124.191 Y104.091 E.02852
G1 X122.882 Y104.091 E.04171
;WIDTH:0.460994
G1 X122.807 Y104.111 E.00274
;WIDTH:0.501989
G1 X122.732 Y104.131 E.00301
;WIDTH:0.542984
G1 X122.657 Y104.151 E.00328
;WIDTH:0.583979
G1 X122.64 Y104.155 E.0008
M204 S1000
G1 X122.558 Y104.268 F7200
M204 S820
;WIDTH:0.587019
G1 F900
G1 X122.58 Y104.361 E.0044
;WIDTH:0.542635
G1 X122.602 Y104.454 E.00404
;WIDTH:0.49825
G1 X122.625 Y104.547 E.00369
;WIDTH:0.453866
G1 X122.647 Y104.639 E.00329
;WIDTH:0.409481
G1 X122.669 Y104.732 E.00296
;WIDTH:0.365097
G1 X122.669 Y105.268 E.01459
;WIDTH:0.409907
G1 X122.646 Y105.359 E.00291
;WIDTH:0.454717
G1 X122.624 Y105.449 E.00322
;WIDTH:0.499527
G1 X122.602 Y105.539 E.00358
;WIDTH:0.544337
G1 X122.579 Y105.63 E.00398
;WIDTH:0.589147
G1 X122.557 Y105.72 E.00428
G1 X122.515 Y105.633 E.00446
;WIDTH:0.544337
G1 X122.473 Y105.546 E.0041
;WIDTH:0.499527
G1 X122.431 Y105.459 E.00373
;WIDTH:0.454717
G1 X122.389 Y105.372 E.00336
;WIDTH:0.409907
G1 X122.347 Y105.285 E.003
;WIDTH:0.365097
G1 X122.347 Y104.732 E.01505
;WIDTH:0.409481
G1 X122.39 Y104.639 E.00317
;WIDTH:0.453866
G1 X122.432 Y104.547 E.00351
;WIDTH:0.49825
G1 X122.474 Y104.454 E.00393
;WIDTH:0.542635
G1 X122.516 Y104.361 E.00431
;WIDTH:0.587019
G1 X122.533 Y104.323 E.00192
M204 S1000
;WIPE_START
G1 F5760
G1 X122.558 Y104.268 E-.02093
G1 X122.58 Y104.361 E-.0331
;WIPE_END
G1 E-.74597 F2100
G1 Z4.605 F7200
G1 X125.803 Y102.566
G1 Z4.005
G1 E.8 F2100
M204 S820
;WIDTH:0.547045
G1 F900
G1 X125.922 Y102.571 E.00508
;WIDTH:0.499354
G1 X126.176 Y102.676 E.0106
;WIDTH:0.459677
G1 X126.429 Y102.781 E.00965
;WIDTH:0.419999
G1 X126.869 Y103.135 E.01799
G1 X127.209 Y103.559 E.01732
;WIDTH:0.426167
G1 X127.343 Y103.792 E.0087
;WIDTH:0.464043
G1 X127.362 Y103.89 E.00355
;WIDTH:0.501918
G1 X127.381 Y103.987 E.00383
;WIDTH:0.539793
G1 X127.4 Y104.085 E.00419
;WIDTH:0.577669
G1 X127.419 Y104.182 E.00447
G1 X127.339 Y104.149 E.00391
;WIDTH:0.529774
G1 X127.259 Y104.117 E.00355
;WIDTH:0.48188
G1 X127.179 Y104.085 E.0032
;WIDTH:0.433985
G1 X126.954 Y104.091 E.00744
;WIDTH:0.419999
G1 X125.809 Y104.091 E.03648
G1 X125.809 Y103.506 E.01864
;WIDTH:0.459677
G1 X125.809 Y103.103 E.01419
;WIDTH:0.499354
G1 X125.809 Y102.701 E.01551
;WIDTH:0.547045
G1 X125.746 Y102.631 E.00401
;WIDTH:0.594735
G1 X125.683 Y102.561 E.00439
G1 X125.743 Y102.564 E.0028
M204 S1000
;LAYER_CHANGE
;Z:4.19698
;HEIGHT:0.192212
;BEFORE_LAYER_CHANGE
G92 E0.0
;4.19698


;WIPE_START
G1 F5760
G1 X125.803 Y102.566 E-.02079
G1 X125.922 Y102.571 E-.04125
;WIPE_END
G1 E-.73796 F2100
G1 Z4.197 F7200
;AFTER_LAYER_CHANGE
;4.19698
G1 Z4.797
G1 X132.396 Y97.462
G1 Z4.197
G1 E.8 F2100
M204 S820
;WIDTH:0.576053
G1 F900
G1 X132.549 Y97.57 E.008
G1 X132.624 Y97.829 E.01152
;WIDTH:0.552444
G1 X132.64 Y98.078 E.01019
;WIDTH:0.520614
G1 X132.641 Y111.922 E.53032
;WIDTH:0.543161
G1 X132.63 Y112.13 E.00835
;WIDTH:0.572605
G1 X132.551 Y112.408 E.01227
G1 X132.363 Y112.58 E.01082
;WIDTH:0.572491
G1 X132.142 Y112.61 E.00947
;WIDTH:0.546544
G1 X131.922 Y112.641 E.00897
;WIDTH:0.520625
G1 X118.078 Y112.641 E.53034
;WIDTH:0.539323
G1 X117.889 Y112.632 E.00753
;WIDTH:0.572618
G1 X117.589 Y112.549 E.01322
G1 X117.418 Y112.36 E.01082
G1 X117.389 Y112.141 E.00938
;WIDTH:0.546551
G1 X117.359 Y111.922 E.00893
;WIDTH:0.520624
G1 X117.359 Y98.078 E.53034
;WIDTH:0.543159
G1 X117.37 Y97.87 E.00835
;WIDTH:0.572608
G1 X117.449 Y97.592 E.01227
G1 X117.637 Y97.42 E.01082
;WIDTH:0.57249
G1 X117.858 Y97.39 E.00947
;WIDTH:0.546538
G1 X118.078 Y97.359 E.00897
;WIDTH:0.520586
G1 X131.922 Y97.36 E.53029
;WIDTH:0.545132
G1 X132.141 Y97.373 E.00883
M73 P35 R9
M73 Q35 S9
;WIDTH:0.574708
G1 X132.345 Y97.433 E.00906
M204 S1000
G1 X132.123 Y97.903 F7200
M204 S820
;WIDTH:0.576053
G1 F900
G1 X132.142 Y97.99 E.00381
;WIDTH:0.548045
G1 X132.161 Y98.078 E.00365
;WIDTH:0.520614
G1 X132.161 Y111.922 E.53032
;WIDTH:0.548512
G1 X132.136 Y112.016 E.00394
;WIDTH:0.576411
G1 X132.111 Y112.111 E.0042
G1 X132.017 Y112.136 E.00416
;WIDTH:0.548504
G1 X131.922 Y112.161 E.00398
;WIDTH:0.520625
G1 X118.078 Y112.161 E.53034
;WIDTH:0.547387
G1 X117.98 Y112.131 E.00415
;WIDTH:0.574149
G1 X117.881 Y112.101 E.00441
G1 X117.86 Y112.012 E.00389
;WIDTH:0.547363
G1 X117.839 Y111.922 E.00374
;WIDTH:0.520624
G1 X117.839 Y98.078 E.53034
;WIDTH:0.547276
G1 X117.869 Y97.98 E.00414
;WIDTH:0.573929
G1 X117.899 Y97.882 E.00436
G1 X118.036 Y97.84 E.0061
;WIDTH:0.524219
G1 X118.078 Y97.839 E.00162
;WIDTH:0.520586
G1 X131.922 Y97.839 E.53029
;WIDTH:0.548025
G1 X132.023 Y97.871 E.00429
;WIDTH:0.576053
G1 X132.066 Y97.885 E.00193
M204 S1000
;WIPE_START
G1 F5760
G1 X132.123 Y97.903 E-.0207
G1 X132.142 Y97.99 E-.03084
;WIPE_END
G1 E-.74846 F2100
G1 Z4.797 F7200
G1 X126.193 Y103.091
G1 Z4.197
G1 E.8 F2100
M204 S820
;TYPE:Perimeter
;WIDTH:0.444718
G1 F900
G1 X126.521 Y103.348 E.01344
G1 X126.836 Y103.707 E.0154
G1 X126.193 Y103.707 E.02073
G1 X126.193 Y103.151 E.01793
M204 S1000
;WIPE_START
G1 F5760
G1 X126.193 Y103.091 E-.02078
G1 X126.521 Y103.348 E-.14432
G1 X126.836 Y103.707 E-.16542
G1 X126.193 Y103.707 E-.22271
G1 X126.193 Y103.151 E-.19257
;WIPE_END
G1 E-.0542 F2100
G1 Z4.797 F7200
G1 X127.419 Y104.187
G1 Z4.197
G1 E.8 F2100
M204 S820
;TYPE:External perimeter
;WIDTH:0.633332
G1 F900
G1 X127.446 Y104.431 E.01162
;WIDTH:0.673318
G1 X127.472 Y104.676 E.01244
;WIDTH:0.713305
G1 X127.498 Y104.921 E.01323
G1 X127.479 Y105.274 E.01899
;WIDTH:0.674397
G1 X127.459 Y105.628 E.01794
;WIDTH:0.635489
G1 X127.399 Y105.852 E.01101
M204 S1000
G1 X126.834 Y106.292 F7200
M204 S820
;TYPE:Perimeter
;WIDTH:0.44294
G1 F900
G1 X126.535 Y106.635 E.01461
G1 X126.192 Y106.898 E.01387
G1 X126.192 Y106.292 E.01945
G1 X126.774 Y106.292 E.01868
M204 S1000
G1 X127.399 Y105.852 F7200
M204 S820
;TYPE:External perimeter
;WIDTH:0.591189
G1 F900
G1 X127.382 Y105.944 E.00411
;WIDTH:0.553288
G1 X127.365 Y106.037 E.00387
;WIDTH:0.515387
G1 X127.348 Y106.129 E.00354
;WIDTH:0.477486
G1 X127.331 Y106.221 E.00326
;WIDTH:0.439585
G1 X127.06 Y106.662 E.01648
;WIDTH:0.42
G1 X126.659 Y107.062 E.01714
G1 X126.181 Y107.369 E.01719
;WIDTH:0.461038
G1 X126.09 Y107.381 E.00308
;WIDTH:0.502076
G1 X126 Y107.394 E.00335
;WIDTH:0.543113
G1 X125.909 Y107.406 E.00368
;WIDTH:0.584151
G1 X125.819 Y107.418 E.00394
;WIDTH:0.625189
G1 X125.728 Y107.43 E.00428
G1 X125.783 Y107.372 E.00373
;WIDTH:0.582677
G1 X125.788 Y107.32 E.00226
;WIDTH:0.542008
G1 X125.793 Y107.267 E.00213
;WIDTH:0.501338
G1 X125.797 Y107.215 E.00192
;WIDTH:0.460669
G1 X125.802 Y107.162 E.00178
;WIDTH:0.42
G1 X125.802 Y105.902 E.03814
G1 X126.393 Y105.902 E.01789
;WIDTH:0.439585
G1 X127.162 Y105.912 E.02448
;WIDTH:0.477486
G1 X127.222 Y105.897 E.00216
;WIDTH:0.515387
G1 X127.281 Y105.882 E.00231
;WIDTH:0.553288
G1 X127.34 Y105.867 E.00249
M204 S1000
;WIPE_START
G1 F5760
G1 X127.399 Y105.852 E-.02108
G1 X127.382 Y105.944 E-.0324
;WIPE_END
G1 E-.74652 F2100
G1 Z4.797 F7200
G1 X123.807 Y106.9
G1 Z4.197
G1 E.8 F2100
M204 S820
;TYPE:Perimeter
;WIDTH:0.444724
G1 F900
G1 X123.511 Y106.69 E.0117
G1 X123.161 Y106.293 E.01706
G1 X123.807 Y106.293 E.02083
G1 X123.807 Y106.84 E.01764
M204 S1000
;WIPE_START
G1 F5760
G1 X123.807 Y106.9 E-.02078
G1 X123.511 Y106.69 E-.1257
G1 X123.161 Y106.293 E-.18331
G1 X123.807 Y106.293 E-.22374
G1 X123.807 Y106.84 E-.18946
;WIPE_END
G1 E-.05701 F2100
G1 Z4.797 F7200
G1 X122.596 Y105.843
G1 Z4.197
G1 E.8 F2100
M204 S820
;TYPE:External perimeter
;WIDTH:0.623566
G1 F900
G1 X122.563 Y105.69 E.00728
;WIDTH:0.657023
G1 X122.53 Y105.537 E.0077
;WIDTH:0.685812
G1 X122.515 Y105.269 E.01383
;WIDTH:0.714601
G1 X122.501 Y105 E.01449
G1 X122.515 Y104.731 E.01449
;WIDTH:0.685812
G1 X122.53 Y104.463 E.01383
;WIDTH:0.657023
G1 X122.555 Y104.332 E.00656
;WIDTH:0.621501
G1 X122.579 Y104.202 E.00613
M204 S1000
;WIPE_START
G1 F5760
G1 X122.555 Y104.332 E-.04579
;WIPE_END
G1 E-.75421 F2100
G1 Z4.797 F7200
G1 X124.275 Y107.435
G1 Z4.197
G1 E.8 F2100
M204 S820
;WIDTH:0.630497
G1 F900
G1 X124.194 Y107.424 E.00385
;WIDTH:0.588398
G1 X124.113 Y107.413 E.00357
;WIDTH:0.546298
G1 X124.032 Y107.402 E.0033
;WIDTH:0.504199
G1 X123.952 Y107.392 E.00298
;WIDTH:0.462099
G1 X123.871 Y107.381 E.00275
;WIDTH:0.42
G1 X123.731 Y107.323 E.00459
G1 X123.266 Y107 E.01714
G1 X122.912 Y106.62 E.01572
;WIDTH:0.43499
G1 X122.666 Y106.21 E.01504
;WIDTH:0.47377
G1 X122.649 Y106.118 E.00323
;WIDTH:0.512549
G1 X122.631 Y106.026 E.00353
;WIDTH:0.551329
G1 X122.614 Y105.935 E.00377
;WIDTH:0.590109
G1 X122.596 Y105.843 E.00411
G1 X122.653 Y105.87 E.00277
;WIDTH:0.55672
G1 X122.71 Y105.898 E.00262
;WIDTH:0.52333
G1 X122.767 Y105.925 E.00243
;WIDTH:0.489941
G1 X122.996 Y105.914 E.00822
;WIDTH:0.45497
G1 X123.224 Y105.902 E.00755
;WIDTH:0.42
G1 X124.198 Y105.902 E.02948
G1 X124.198 Y107.044 E.03456
;WIDTH:0.462099
G1 X124.214 Y107.122 E.00268
;WIDTH:0.504199
G1 X124.229 Y107.2 E.00294
;WIDTH:0.546298
G1 X124.244 Y107.278 E.00321
;WIDTH:0.588398
G1 X124.26 Y107.356 E.00348
;WIDTH:0.630497
G1 X124.263 Y107.376 E.00095
M204 S1000
G1 X124.386 Y107.457 F7200
M204 S820
;WIDTH:0.630113
G1 F900
G1 X124.459 Y107.435 E.00359
;WIDTH:0.587528
G1 X124.531 Y107.414 E.00327
;WIDTH:0.544944
G1 X124.603 Y107.393 E.00302
;WIDTH:0.502359
G1 X124.676 Y107.372 E.0028
;WIDTH:0.459775
G1 X124.748 Y107.35 E.00252
;WIDTH:0.41719
G1 X124.82 Y107.329 E.00225
;WIDTH:0.374606
G1 X125.258 Y107.325 E.01167
;WIDTH:0.409074
G1 X125.324 Y107.346 E.00204
;WIDTH:0.451262
G1 X125.39 Y107.366 E.00226
;WIDTH:0.493449
G1 X125.456 Y107.387 E.0025
;WIDTH:0.535637
G1 X125.523 Y107.407 E.00276
;WIDTH:0.577825
G1 X125.589 Y107.428 E.00297
;WIDTH:0.620013
G1 X125.655 Y107.449 E.0032
G1 X125.59 Y107.482 E.00337
;WIDTH:0.577825
G1 X125.525 Y107.516 E.00315
;WIDTH:0.535637
G1 X125.459 Y107.55 E.00293
;WIDTH:0.493449
G1 X125.394 Y107.583 E.00263
;WIDTH:0.451262
G1 X125.329 Y107.617 E.0024
;WIDTH:0.409074
G1 X125.263 Y107.651 E.00218
;WIDTH:0.374606
G1 X124.826 Y107.662 E.01165
;WIDTH:0.41719
G1 X124.753 Y107.628 E.00242
;WIDTH:0.459775
G1 X124.68 Y107.594 E.00269
;WIDTH:0.502359
G1 X124.606 Y107.56 E.003
;WIDTH:0.544944
G1 X124.533 Y107.525 E.00326
;WIDTH:0.587528
G1 X124.46 Y107.491 E.00352
;WIDTH:0.630113
G1 X124.441 Y107.482 E.00099
M204 S1000
;WIPE_START
G1 F5760
G1 X124.386 Y107.457 E-.02093
G1 X124.459 Y107.435 E-.02641
;WIPE_END
G1 E-.75266 F2100
G1 Z4.797 F7200
G1 X123.161 Y103.707
G1 Z4.197
G1 E.8 F2100
M204 S820
;TYPE:Perimeter
;WIDTH:0.444738
G1 F900
G1 X123.458 Y103.368 E.01453
G1 X123.807 Y103.1 E.01419
G1 X123.807 Y103.707 E.01957
G1 X123.221 Y103.707 E.01889
M204 S1000
;WIPE_START
G1 F5760
G1 X123.161 Y103.707 E-.02078
G1 X123.458 Y103.368 E-.1561
G1 X123.807 Y103.1 E-.15241
G1 X123.807 Y103.707 E-.21024
G1 X123.221 Y103.707 E-.20296
;WIPE_END
G1 E-.05751 F2100
G1 Z4.797 F7200
G1 X124.228 Y102.587
G1 Z4.197
G1 E.8 F2100
M204 S820
;TYPE:External perimeter
;WIDTH:0.634963
G1 F900
G1 X124.388 Y102.543 E.00787
M204 S1000
;WIPE_START
G1 F5760
G1 X124.228 Y102.587 E-.05747
;WIPE_END
G1 E-.74253 F2100
G1 Z4.797 F7200
G1 X122.579 Y104.202
G1 Z4.197
G1 E.8 F2100
M204 S820
;WIDTH:0.585979
G1 F900
G1 X122.593 Y104.101 E.00444
;WIDTH:0.546993
G1 X122.607 Y104 E.00412
;WIDTH:0.508007
G1 X122.621 Y103.899 E.0038
;WIDTH:0.469021
G1 X122.881 Y103.414 E.01881
;WIDTH:0.42
G1 X123.266 Y103 E.01711
M73 Q36 S9
G1 X123.731 Y102.677 E.01714
M73 P36 R9
;WIDTH:0.462993
G1 X123.83 Y102.659 E.00339
;WIDTH:0.505985
G1 X123.93 Y102.641 E.00377
;WIDTH:0.548978
G1 X124.029 Y102.623 E.00408
;WIDTH:0.59197
G1 X124.129 Y102.605 E.00447
;WIDTH:0.634963
G1 X124.228 Y102.587 E.00477
G1 X124.222 Y102.661 E.00352
;WIDTH:0.59197
G1 X124.216 Y102.735 E.00327
;WIDTH:0.548978
G1 X124.21 Y102.808 E.00297
;WIDTH:0.505985
G1 X124.204 Y102.882 E.00276
;WIDTH:0.462993
G1 X124.198 Y102.956 E.0025
;WIDTH:0.42
G1 X124.198 Y104.098 E.03456
G1 X123.605 Y104.098 E.01795
;WIDTH:0.469021
G1 X122.771 Y104.085 E.02851
;WIDTH:0.508007
G1 X122.707 Y104.124 E.0028
;WIDTH:0.546993
G1 X122.643 Y104.163 E.00303
;WIDTH:0.585979
G1 X122.63 Y104.17 E.00064
M204 S1000
;WIPE_START
G1 F5760
G1 X122.579 Y104.202 E-.02085
G1 X122.593 Y104.101 E-.03532
;WIPE_END
G1 E-.74383 F2100
G1 Z4.797 F7200
G1 X124.533 Y102.586
G1 Z4.197
G1 E.8 F2100
M204 S820
;WIDTH:0.587785
G1 F900
G1 X124.46 Y102.564 E.00333
;WIDTH:0.630385
G1 X124.388 Y102.543 E.00353
G1 X124.455 Y102.509 E.00354
;WIDTH:0.587785
G1 X124.523 Y102.475 E.00332
;WIDTH:0.545185
G1 X124.59 Y102.442 E.00301
;WIDTH:0.502585
G1 X124.658 Y102.408 E.0028
;WIDTH:0.459986
G1 X124.725 Y102.374 E.00251
;WIDTH:0.417386
G1 X124.793 Y102.34 E.00229
;WIDTH:0.374786
G1 X125.214 Y102.344 E.01122
;WIDTH:0.420184
G1 X125.294 Y102.385 E.00272
;WIDTH:0.469775
G1 X125.373 Y102.426 E.00305
;WIDTH:0.519365
G1 X125.453 Y102.467 E.00343
;WIDTH:0.568956
G1 X125.533 Y102.508 E.00379
;WIDTH:0.618547
G1 X125.612 Y102.549 E.00411
G1 X125.543 Y102.569 E.00331
;WIDTH:0.577839
G1 X125.474 Y102.59 E.00309
;WIDTH:0.537132
G1 X125.404 Y102.61 E.00288
;WIDTH:0.496424
G1 X125.335 Y102.63 E.00261
;WIDTH:0.455717
G1 X125.265 Y102.651 E.00242
;WIDTH:0.415009
G1 X124.822 Y102.671 E.01325
;WIDTH:0.417386
G1 X124.75 Y102.65 E.00225
;WIDTH:0.459986
G1 X124.677 Y102.628 E.00255
;WIDTH:0.502585
G1 X124.605 Y102.607 E.00276
;WIDTH:0.545185
G1 X124.59 Y102.603 E.00063
M204 S1000
;WIPE_START
G1 F5760
G1 X124.533 Y102.586 E-.0206
G1 X124.46 Y102.564 E-.02641
;WIPE_END
G1 E-.75299 F2100
G1 Z4.797 F7200
G1 X125.826 Y102.559
G1 Z4.197
G1 E.8 F2100
M204 S820
;WIDTH:0.540873
G1 F900
G1 X125.9 Y102.559 E.00295
;WIDTH:0.505842
G1 X126.02 Y102.593 E.00463
;WIDTH:0.462921
G1 X126.141 Y102.628 E.00424
;WIDTH:0.42
G1 X126.43 Y102.773 E.00979
G1 X126.87 Y103.127 E.01709
G1 X127.212 Y103.55 E.01646
;WIDTH:0.421102
G1 X127.347 Y103.78 E.0081
;WIDTH:0.464163
G1 X127.365 Y103.882 E.0035
;WIDTH:0.507223
G1 X127.383 Y103.983 E.00382
;WIDTH:0.550284
G1 X127.401 Y104.085 E.00421
;WIDTH:0.593345
G1 X127.419 Y104.187 E.00457
G1 X127.358 Y104.163 E.00289
;WIDTH:0.552771
G1 X127.296 Y104.14 E.0027
;WIDTH:0.512198
G1 X127.234 Y104.116 E.0025
;WIDTH:0.471624
G1 X127.172 Y104.093 E.00227
;WIDTH:0.431051
G1 X126.95 Y104.098 E.00692
;WIDTH:0.42
G1 X125.802 Y104.098 E.03475
G1 X125.802 Y103.505 E.01795
;WIDTH:0.462921
G1 X125.802 Y103.105 E.01348
;WIDTH:0.505842
G1 X125.802 Y102.704 E.01489
;WIDTH:0.540873
G1 X125.761 Y102.656 E.00252
;WIDTH:0.575904
G1 X125.719 Y102.608 E.00273
;WIDTH:0.610935
G1 X125.677 Y102.56 E.0029
G1 X125.752 Y102.56 E.00341
;WIDTH:0.575904
G1 X125.766 Y102.56 E.0006
M204 S1000
;LAYER_CHANGE
;Z:4.36095
;HEIGHT:0.163968
;BEFORE_LAYER_CHANGE
G92 E0.0
;4.36095


;WIPE_START
G1 F5760
G1 X125.826 Y102.559 E-.02078
G1 X125.9 Y102.559 E-.02563
;WIPE_END
G1 E-.75359 F2100
G1 Z4.361 F7200
;AFTER_LAYER_CHANGE
;4.36095
G1 Z4.961
G1 X132.332 Y97.489
G1 Z4.361
G1 E.8 F2100
M204 S820
;WIDTH:0.566337
G1 F900
G1 X132.5 Y97.643 E.00825
G1 X132.585 Y97.938 E.01112
;WIDTH:0.536013
G1 X132.594 Y98.129 E.00653
;WIDTH:0.517436
G1 X132.594 Y111.871 E.45177
;WIDTH:0.532887
G1 X132.587 Y112.044 E.00587
;WIDTH:0.566454
G1 X132.499 Y112.359 E.01184
G1 X132.316 Y112.526 E.00897
;WIDTH:0.566203
G1 X131.871 Y112.594 E.0163
;WIDTH:0.517354
G1 X118.129 Y112.592 E.45169
;WIDTH:0.540112
G1 X117.876 Y112.579 E.00872
;WIDTH:0.566283
G1 X117.577 Y112.445 E.01186
G1 X117.445 Y112.232 E.00907
;WIDTH:0.554101
G1 X117.406 Y111.871 E.01284
;WIDTH:0.517593
G1 X117.405 Y98.129 E.45191
;WIDTH:0.528514
G1 X117.411 Y97.984 E.00488
;WIDTH:0.566742
G1 X117.503 Y97.638 E.01297
G1 X117.684 Y97.474 E.00885
;WIDTH:0.566204
G1 X118.129 Y97.406 E.0163
;WIDTH:0.517385
G1 X131.871 Y97.406 E.45172
;WIDTH:0.565965
G1 X132.278 Y97.469 E.0149
M204 S1000
G1 X132.061 Y97.941 F7200
M204 S820
;WIDTH:0.569867
G1 F900
G1 X132.087 Y98.035 E.00355
;WIDTH:0.54352
G1 X132.112 Y98.129 E.00337
;WIDTH:0.517436
G1 X132.112 Y111.871 E.45177
;WIDTH:0.543684
G1 X132.087 Y111.965 E.00337
;WIDTH:0.569932
G1 X132.061 Y112.059 E.00356
G1 X131.966 Y112.086 E.0036
;WIDTH:0.543643
G1 X131.871 Y112.112 E.00341
;WIDTH:0.517354
G1 X118.129 Y112.111 E.45169
;WIDTH:0.540919
G1 X118.035 Y112.085 E.00336
;WIDTH:0.566183
G1 X117.941 Y112.059 E.00353
G1 X117.888 Y111.871 E.00707
;WIDTH:0.517593
G1 X117.888 Y98.129 E.45191
;WIDTH:0.54262
G1 X117.918 Y98.031 E.00355
;WIDTH:0.567648
G1 X117.948 Y97.934 E.00369
G1 X118.087 Y97.89 E.00529
;WIDTH:0.521035
G1 X118.129 Y97.888 E.00139
;WIDTH:0.517385
G1 X131.871 Y97.888 E.45172
;WIDTH:0.543626
G1 X131.966 Y97.914 E.00341
M73 P37 R9
M73 Q37 S9
;WIDTH:0.569867
G1 X132.004 Y97.925 E.00144
M204 S1000
;WIPE_START
G1 F5760
G1 X132.061 Y97.941 E-.02051
G1 X132.087 Y98.035 E-.03378
;WIPE_END
G1 E-.74571 F2100
G1 Z4.961 F7200
G1 X126.19 Y103.099
G1 Z4.361
G1 E.8 F2100
M204 S820
;TYPE:Perimeter
;WIDTH:0.440028
G1 F900
G1 X126.422 Y103.251 E.00765
G1 X126.837 Y103.71 E.01708
G1 X126.19 Y103.71 E.01786
G1 X126.19 Y103.159 E.01521
M204 S1000
;WIPE_START
G1 F5760
G1 X126.19 Y103.099 E-.02078
G1 X126.422 Y103.251 E-.09606
G1 X126.837 Y103.71 E-.21432
G1 X126.19 Y103.71 E-.22409
G1 X126.19 Y103.159 E-.19084
;WIPE_END
G1 E-.05391 F2100
G1 Z4.961 F7200
G1 X127.42 Y104.192
G1 Z4.361
G1 E.8 F2100
M204 S820
;TYPE:External perimeter
;WIDTH:0.647224
G1 F900
G1 X127.446 Y104.433 E.01011
;WIDTH:0.686428
G1 X127.472 Y104.674 E.01076
;WIDTH:0.725632
G1 X127.498 Y104.915 E.01141
G1 X127.479 Y105.274 E.01692
;WIDTH:0.686148
G1 X127.459 Y105.633 E.01596
;WIDTH:0.646664
G1 X127.399 Y105.848 E.0093
M204 S1000
G1 X126.837 Y106.29 F7200
M204 S820
;TYPE:Perimeter
;WIDTH:0.440025
G1 F900
G1 X126.536 Y106.636 E.01266
G1 X126.19 Y106.901 E.01203
G1 X126.19 Y106.29 E.01686
G1 X126.777 Y106.29 E.0162
M204 S1000
;WIPE_START
G1 F5760
G1 X126.837 Y106.29 E-.02078
G1 X126.536 Y106.636 E-.15884
G1 X126.19 Y106.901 E-.15095
G1 X126.19 Y106.29 E-.21162
G1 X126.777 Y106.29 E-.20331
;WIPE_END
G1 E-.0545 F2100
G1 Z4.961 F7200
G1 X125.708 Y107.435
G1 Z4.361
G1 E.8 F2100
M204 S820
;TYPE:External perimeter
;WIDTH:0.681197
G1 F900
G1 X125.397 Y107.467 E.01377
;WIDTH:0.725316
G1 X125.085 Y107.498 E.01475
G1 X124.549 Y107.479 E.02523
;WIDTH:0.686334
G1 X124.431 Y107.458 E.00532
;WIDTH:0.658117
G1 X124.313 Y107.438 E.00508
M204 S1000
;WIPE_START
G1 F5760
G1 X124.431 Y107.458 E-.04145
;WIPE_END
G1 E-.75855 F2100
G1 Z4.961 F7200
G1 X127.399 Y105.848
G1 Z4.361
G1 E.8 F2100
M204 S820
;WIDTH:0.606636
G1 F900
G1 X127.383 Y105.945 E.00383
;WIDTH:0.563829
G1 X127.366 Y106.041 E.00351
;WIDTH:0.521021
G1 X127.35 Y106.138 E.00326
;WIDTH:0.478214
G1 X127.333 Y106.234 E.00294
;WIDTH:0.435407
G1 X127.062 Y106.669 E.01398
;WIDTH:0.42
G1 X126.66 Y107.069 E.01488
G1 X126.207 Y107.359 E.01411
;WIDTH:0.463415
G1 X126.107 Y107.374 E.00295
;WIDTH:0.506831
G1 X126.008 Y107.39 E.00322
;WIDTH:0.550247
G1 X125.908 Y107.405 E.00355
;WIDTH:0.593662
G1 X125.808 Y107.42 E.00385
;WIDTH:0.637078
G1 X125.708 Y107.435 E.00415
G1 X125.725 Y107.379 E.0024
;WIDTH:0.593662
G1 X125.743 Y107.322 E.00228
;WIDTH:0.550247
G1 X125.76 Y107.266 E.00205
;WIDTH:0.506831
G1 X125.778 Y107.21 E.00189
;WIDTH:0.463415
G1 X125.795 Y107.153 E.00174
;WIDTH:0.42
G1 X125.795 Y105.895 E.033
G1 X126.393 Y105.895 E.01569
;WIDTH:0.435407
G1 X127.153 Y105.903 E.02074
;WIDTH:0.478214
G1 X127.215 Y105.889 E.00192
;WIDTH:0.521021
G1 X127.276 Y105.876 E.00207
;WIDTH:0.563829
G1 X127.338 Y105.862 E.00229
;WIDTH:0.606636
G1 X127.341 Y105.861 E.00012
M204 S1000
;WIPE_START
G1 F5760
G1 X127.399 Y105.848 E-.02059
G1 X127.383 Y105.945 E-.03405
;WIPE_END
G1 E-.74536 F2100
G1 Z4.961 F7200
G1 X123.811 Y106.908
G1 Z4.361
G1 E.8 F2100
M204 S820
;TYPE:Perimeter
;WIDTH:0.437321
G1 F900
G1 X123.475 Y106.639 E.0118
G1 X123.158 Y106.289 E.01295
G1 X123.811 Y106.289 E.0179
G1 X123.811 Y106.848 E.01532
M204 S1000
;WIPE_START
G1 F5760
G1 X123.811 Y106.908 E-.02078
G1 X123.475 Y106.639 E-.14908
G1 X123.158 Y106.289 E-.16355
G1 X123.811 Y106.289 E-.22617
G1 X123.811 Y106.848 E-.19361
;WIPE_END
G1 E-.04681 F2100
G1 Z4.961 F7200
G1 X122.606 Y105.868
G1 Z4.361
G1 E.8 F2100
M204 S820
;TYPE:External perimeter
;WIDTH:0.619482
G1 F900
G1 X122.555 Y105.703 E.00688
M204 S1000
;WIPE_START
G1 F5760
G1 X122.606 Y105.868 E-.05982
;WIPE_END
G1 E-.74018 F2100
G1 Z4.961 F7200
G1 X124.313 Y107.438
G1 Z4.361
G1 E.8 F2100
M204 S820
;WIDTH:0.6299
G1 F900
G1 X124.229 Y107.433 E.00341
;WIDTH:0.590045
G1 X124.145 Y107.429 E.00318
;WIDTH:0.55019
G1 X124.061 Y107.424 E.00295
;WIDTH:0.510335
G1 X123.977 Y107.419 E.00273
;WIDTH:0.47048
G1 X123.732 Y107.299 E.0081
;WIDTH:0.44524
G1 X123.486 Y107.179 E.00765
;WIDTH:0.42
G1 X123.042 Y106.779 E.01568
G1 X122.718 Y106.354 E.01402
;WIDTH:0.46987
G1 X122.69 Y106.232 E.00371
;WIDTH:0.519741
G1 X122.662 Y106.111 E.0041
;WIDTH:0.569611
G1 X122.634 Y105.99 E.00452
;WIDTH:0.619482
G1 X122.606 Y105.868 E.00499
G1 X122.7 Y105.875 E.00375
;WIDTH:0.569611
G1 X122.794 Y105.882 E.00343
;WIDTH:0.519741
G1 X122.888 Y105.889 E.00311
;WIDTH:0.46987
G1 X122.981 Y105.895 E.00276
;WIDTH:0.42
G1 X124.205 Y105.895 E.03211
G1 X124.205 Y106.49 E.01561
;WIDTH:0.44524
G1 X124.199 Y106.86 E.01034
;WIDTH:0.47048
G1 X124.193 Y107.23 E.01098
;WIDTH:0.510335
G1 X124.223 Y107.282 E.00194
;WIDTH:0.55019
G1 X124.253 Y107.334 E.00211
;WIDTH:0.590045
G1 X124.283 Y107.386 E.00227
M204 S1000
;WIPE_START
G1 F5760
G1 X124.313 Y107.438 E-.02079
G1 X124.229 Y107.433 E-.02915
;WIPE_END
G1 E-.75006 F2100
G1 Z4.961 F7200
G1 X123.173 Y103.71
G1 Z4.361
G1 E.8 F2100
M204 S820
;TYPE:Perimeter
;WIDTH:0.440296
G1 F900
G1 X123.365 Y103.449 E.00895
G1 X123.81 Y103.094 E.01572
G1 X123.81 Y103.71 E.01701
G1 X123.233 Y103.71 E.01593
M204 S1000
;WIPE_START
G1 F5760
G1 X123.173 Y103.71 E-.02078
G1 X123.365 Y103.449 E-.11222
G1 X123.81 Y103.094 E-.19716
G1 X123.81 Y103.71 E-.21335
G1 X123.233 Y103.71 E-.19985
;WIPE_END
G1 E-.05664 F2100
G1 Z4.961 F7200
G1 X124.264 Y102.578
G1 Z4.361
G1 E.8 F2100
M204 S820
;TYPE:External perimeter
;WIDTH:0.66037
G1 F900
G1 X124.407 Y102.55 E.00621
;WIDTH:0.686334
G1 X124.549 Y102.521 E.00643
;WIDTH:0.725316
G1 X125.086 Y102.502 E.02528
G1 X125.344 Y102.52 E.01217
;WIDTH:0.688671
G1 X125.603 Y102.538 E.01157
;WIDTH:0.652026
G1 X125.756 Y102.585 E.00673
M204 S1000
;WIPE_START
G1 F5760
G1 X125.603 Y102.538 E-.05544
;WIPE_END
G1 E-.74456 F2100
G1 Z4.961 F7200
G1 X122.582 Y104.179
G1 Z4.361
G1 E.8 F2100
M204 S820
;WIDTH:0.615544
G1 F900
G1 X122.606 Y104.064 E.00465
;WIDTH:0.566658
G1 X122.63 Y103.95 E.00422
;WIDTH:0.517772
G1 X122.655 Y103.835 E.00387
;WIDTH:0.468886
G1 X122.679 Y103.72 E.00347
;WIDTH:0.42
G1 X123.058 Y103.192 E.01705
G1 X123.448 Y102.854 E.01354
G1 X123.837 Y102.629 E.01179
;WIDTH:0.462881
G1 X123.922 Y102.619 E.0025
;WIDTH:0.505762
G1 X124.008 Y102.609 E.00278
;WIDTH:0.548643
G1 X124.093 Y102.599 E.003
;WIDTH:0.591525
G1 X124.178 Y102.589 E.00325
;WIDTH:0.634406
G1 X124.264 Y102.578 E.00354
G1 X124.236 Y102.641 E.00282
;WIDTH:0.589162
G1 X124.208 Y102.703 E.00257
;WIDTH:0.543918
G1 X124.18 Y102.765 E.00236
;WIDTH:0.498675
G1 X124.192 Y102.806 E.00135
;WIDTH:0.459337
G1 X124.205 Y102.847 E.00124
;WIDTH:0.42
G1 X124.205 Y104.105 E.033
G1 X122.902 Y104.105 E.03418
;WIDTH:0.468886
G1 X122.822 Y104.123 E.00242
;WIDTH:0.517772
G1 X122.742 Y104.142 E.00271
;WIDTH:0.566658
G1 X122.662 Y104.16 E.00297
;WIDTH:0.615544
G1 X122.64 Y104.165 E.00089
M204 S1000
G1 X122.556 Y104.285 F7200
M204 S820
;WIDTH:0.616866
G1 F900
G1 X122.581 Y104.375 E.0037
;WIDTH:0.568282
G1 X122.605 Y104.464 E.00335
;WIDTH:0.519697
G1 X122.629 Y104.553 E.00304
;WIDTH:0.471113
G1 X122.653 Y104.643 E.00277
;WIDTH:0.422529
G1 X122.678 Y104.732 E.00244
;WIDTH:0.373945
G1 X122.678 Y105.268 E.01238
;WIDTH:0.422987
G1 X122.653 Y105.355 E.00239
;WIDTH:0.472028
G1 X122.628 Y105.442 E.0027
;WIDTH:0.52107
G1 X122.604 Y105.529 E.00299
;WIDTH:0.570112
G1 X122.579 Y105.616 E.0033
;WIDTH:0.619154
G1 X122.555 Y105.703 E.00359
G1 X122.512 Y105.62 E.00372
;WIDTH:0.570112
G1 X122.468 Y105.536 E.00346
;WIDTH:0.52107
G1 X122.425 Y105.453 E.0031
;WIDTH:0.472028
G1 X122.382 Y105.369 E.00281
;WIDTH:0.422987
G1 X122.339 Y105.286 E.00247
;WIDTH:0.373945
G1 X122.339 Y104.732 E.01279
;WIDTH:0.422529
G1 X122.382 Y104.643 E.00261
;WIDTH:0.471113
G1 X122.426 Y104.553 E.00298
;WIDTH:0.519697
G1 X122.469 Y104.464 E.00326
;WIDTH:0.568282
G1 X122.513 Y104.375 E.00361
;WIDTH:0.616866
G1 X122.53 Y104.339 E.00158
M204 S1000
;WIPE_START
G1 F5760
G1 X122.556 Y104.285 E-.02076
G1 X122.581 Y104.375 E-.03235
;WIPE_END
G1 E-.74689 F2100
G1 Z4.961 F7200
G1 X125.842 Y102.593
G1 Z4.361
G1 E.8 F2100
M204 S820
;WIDTH:0.597313
G1 F900
G1 X125.927 Y102.601 E.00327
;WIDTH:0.552985
G1 X126.012 Y102.609 E.00301
;WIDTH:0.508657
G1 X126.098 Y102.617 E.00279
;WIDTH:0.464328
G1 X126.183 Y102.625 E.0025
;WIDTH:0.42
G1 X126.66 Y102.931 E.01487
G1 X127.062 Y103.331 E.01488
G1 X127.34 Y103.761 E.01343
;WIDTH:0.467005
G1 X127.36 Y103.869 E.00323
;WIDTH:0.51401
G1 X127.38 Y103.977 E.00359
;WIDTH:0.561015
G1 X127.4 Y104.085 E.00394
;WIDTH:0.60802
G1 X127.42 Y104.192 E.00425
G1 X127.353 Y104.17 E.00275
;WIDTH:0.561015
G1 X127.286 Y104.148 E.00253
;WIDTH:0.51401
G1 X127.22 Y104.126 E.00227
;WIDTH:0.467005
G1 X127.153 Y104.105 E.00207
;WIDTH:0.42
G1 X125.795 Y104.105 E.03562
G1 X125.795 Y102.866 E.0325
;WIDTH:0.464328
G1 X125.788 Y102.81 E.00165
;WIDTH:0.508657
G1 X125.78 Y102.754 E.00183
;WIDTH:0.552985
G1 X125.772 Y102.698 E.002
;WIDTH:0.597313
G1 X125.764 Y102.641 E.00221
;WIDTH:0.641642
G1 X125.756 Y102.585 E.00234
G1 X125.782 Y102.588 E.00108
M204 S1000
;LAYER_CHANGE
;Z:4.49289
;HEIGHT:0.131938
;BEFORE_LAYER_CHANGE
G92 E0.0
;4.49289


;WIPE_START
G1 F5760
G1 X125.842 Y102.593 E-.02085
G1 X125.927 Y102.601 E-.02957
;WIPE_END
G1 E-.74958 F2100
G1 Z4.493 F7200
;AFTER_LAYER_CHANGE
;4.49289
G1 Z5.093
G1 X132.326 Y97.56
G1 Z4.493
G1 E.8 F2100
M204 S820
;WIDTH:0.559684
G1 F900
G1 X132.455 Y97.691 E.00536
;WIDTH:0.555113
G1 X132.55 Y98.03 E.01017
;WIDTH:0.523941
G1 X132.556 Y98.172 E.00386
;WIDTH:0.514075
G1 X132.557 Y111.828 E.36387
;WIDTH:0.55159
G1 X132.51 Y112.168 E.00985
M73 P38 R9
M73 Q38 S9
;WIDTH:0.558587
G1 X132.401 Y112.393 E.00727
G1 X132.228 Y112.499 E.0059
;WIDTH:0.551092
G1 X131.828 Y112.557 E.01159
;WIDTH:0.514157
G1 X118.172 Y112.557 E.36393
;WIDTH:0.55098
G1 X117.826 Y112.505 E.01003
;WIDTH:0.558525
G1 X117.599 Y112.393 E.00736
G1 X117.497 Y112.222 E.00579
;WIDTH:0.551643
G1 X117.443 Y111.828 E.01142
;WIDTH:0.514157
G1 X117.443 Y98.172 E.36393
;WIDTH:0.551591
G1 X117.49 Y97.832 E.00985
;WIDTH:0.558588
G1 X117.599 Y97.607 E.00727
G1 X117.772 Y97.501 E.0059
;WIDTH:0.551093
G1 X118.172 Y97.443 E.01159
;WIDTH:0.514156
G1 X131.828 Y97.443 E.36393
;WIDTH:0.519922
G1 X132.002 Y97.458 E.00471
;WIDTH:0.559684
G1 X132.271 Y97.539 E.00819
M204 S1000
G1 X132.012 Y97.98 F7200
M204 S820
G1 F900
G1 X132.071 Y98.172 E.00585
;WIDTH:0.514075
G1 X132.071 Y111.828 E.36387
;WIDTH:0.558587
G1 X132.017 Y112.014 E.00563
G1 X131.828 Y112.071 E.00574
;WIDTH:0.514157
G1 X118.172 Y112.071 E.36393
;WIDTH:0.558525
G1 X117.983 Y112.014 E.00574
G1 X117.929 Y111.828 E.00563
;WIDTH:0.514157
G1 X117.929 Y98.172 E.36393
;WIDTH:0.558588
G1 X117.983 Y97.986 E.00563
G1 X118.172 Y97.929 E.00574
;WIDTH:0.514156
G1 X131.828 Y97.929 E.36393
;WIDTH:0.559684
G1 X131.954 Y97.964 E.00381
M204 S1000
;WIPE_START
G1 F5760
G1 X132.012 Y97.98 E-.02084
G1 X132.071 Y98.172 E-.06957
;WIPE_END
G1 E-.70959 F2100
G1 Z5.093 F7200
G1 X126.189 Y103.097
G1 Z4.493
G1 E.8 F2100
M204 S820
;TYPE:Perimeter
;WIDTH:0.434852
G1 F900
G1 X126.536 Y103.363 E.00975
G1 X126.838 Y103.711 E.01028
G1 X126.189 Y103.711 E.01447
G1 X126.189 Y103.157 E.01235
M204 S1000
;WIPE_START
G1 F5760
G1 X126.189 Y103.097 E-.02078
G1 X126.536 Y103.363 E-.15143
G1 X126.838 Y103.711 E-.15959
G1 X126.189 Y103.711 E-.22478
G1 X126.189 Y103.157 E-.19188
;WIPE_END
G1 E-.05154 F2100
G1 Z5.093 F7200
G1 X127.42 Y104.197
G1 Z4.493
G1 E.8 F2100
M204 S820
;TYPE:External perimeter
;WIDTH:0.658945
G1 F900
G1 X127.446 Y104.435 E.00828
;WIDTH:0.697411
G1 X127.472 Y104.673 E.00879
;WIDTH:0.735876
G1 X127.498 Y104.911 E.00929
G1 X127.478 Y105.274 E.01411
;WIDTH:0.695913
G1 X127.458 Y105.637 E.01331
;WIDTH:0.65595
G1 X127.399 Y105.845 E.00744
M204 S1000
G1 X126.838 Y106.289 F7200
M204 S820
;TYPE:Perimeter
;WIDTH:0.434852
G1 F900
G1 X126.536 Y106.637 E.01028
G1 X126.189 Y106.903 E.00975
G1 X126.189 Y106.289 E.01369
G1 X126.778 Y106.289 E.01313
M204 S1000
;WIPE_START
G1 F5760
G1 X126.838 Y106.289 E-.02078
G1 X126.536 Y106.637 E-.15959
G1 X126.189 Y106.903 E-.15143
G1 X126.189 Y106.289 E-.21266
G1 X126.778 Y106.289 E-.204
;WIPE_END
G1 E-.05154 F2100
G1 Z5.093 F7200
G1 X125.702 Y107.436
G1 Z4.493
G1 E.8 F2100
M204 S820
;TYPE:External perimeter
;WIDTH:0.69268
G1 F900
G1 X125.393 Y107.467 E.01132
;WIDTH:0.735696
G1 X125.083 Y107.498 E.01209
G1 X124.548 Y107.478 E.02077
;WIDTH:0.6963
G1 X124.433 Y107.459 E.00427
;WIDTH:0.669313
G1 X124.318 Y107.439 E.0041
M204 S1000
;WIPE_START
G1 F5760
G1 X124.433 Y107.459 E-.04043
;WIPE_END
G1 E-.75957 F2100
G1 Z5.093 F7200
G1 X127.399 Y105.845
G1 Z4.493
M73 P39 R9
M73 Q39 S9
G1 E.8 F2100
M204 S820
;WIDTH:0.619776
G1 F900
G1 X127.383 Y105.945 E.00329
;WIDTH:0.572473
G1 X127.367 Y106.046 E.00305
;WIDTH:0.525169
G1 X127.351 Y106.146 E.00276
;WIDTH:0.477866
G1 X127.335 Y106.246 E.0025
;WIDTH:0.430562
G1 X127.064 Y106.675 E.0112
;WIDTH:0.419999
G1 X126.661 Y107.075 E.0122
G1 X126.207 Y107.365 E.01157
;WIDTH:0.465932
G1 X126.106 Y107.379 E.00245
;WIDTH:0.511865
G1 X126.005 Y107.393 E.0027
;WIDTH:0.557798
G1 X125.904 Y107.407 E.00296
;WIDTH:0.603731
G1 X125.803 Y107.422 E.00322
;WIDTH:0.649664
G1 X125.702 Y107.436 E.00348
G1 X125.72 Y107.378 E.00207
;WIDTH:0.603731
G1 X125.738 Y107.319 E.00195
;WIDTH:0.557798
G1 X125.755 Y107.261 E.00176
;WIDTH:0.511865
G1 X125.773 Y107.203 E.00161
;WIDTH:0.465932
G1 X125.79 Y107.144 E.00147
;WIDTH:0.419999
G1 X125.79 Y105.89 E.02694
G1 X126.393 Y105.89 E.01296
;WIDTH:0.430562
G1 X127.144 Y105.896 E.01657
;WIDTH:0.477866
G1 X127.208 Y105.883 E.00161
;WIDTH:0.525169
G1 X127.272 Y105.87 E.00178
;WIDTH:0.572473
G1 X127.335 Y105.858 E.00191
;WIDTH:0.619776
G1 X127.34 Y105.857 E.00017
M204 S1000
;WIPE_START
G1 F5760
G1 X127.399 Y105.845 E-.02085
G1 X127.383 Y105.945 E-.03508
;WIPE_END
G1 E-.74407 F2100
G1 Z5.093 F7200
G1 X123.812 Y106.909
G1 Z4.493
G1 E.8 F2100
M204 S820
;TYPE:Perimeter
;WIDTH:0.43247
G1 F900
G1 X123.475 Y106.641 E.00955
G1 X123.157 Y106.288 E.01053
G1 X123.812 Y106.288 E.01452
G1 X123.812 Y106.849 E.01244
M204 S1000
;WIPE_START
G1 F5760
G1 X123.812 Y106.909 E-.02078
G1 X123.475 Y106.641 E-.14913
G1 X123.157 Y106.288 E-.16456
G1 X123.812 Y106.288 E-.22686
G1 X123.812 Y106.849 E-.1943
;WIPE_END
G1 E-.04437 F2100
G1 Z5.093 F7200
G1 X122.606 Y105.865
G1 Z4.493
G1 E.8 F2100
M204 S820
;TYPE:External perimeter
;WIDTH:0.632676
G1 F900
G1 X122.554 Y105.694 E.00593
M204 S1000
;WIPE_START
G1 F5760
G1 X122.606 Y105.865 E-.0619
;WIPE_END
G1 E-.7381 F2100
G1 Z5.093 F7200
G1 X124.318 Y107.439
G1 Z4.493
G1 E.8 F2100
M204 S820
;WIDTH:0.642326
G1 F900
G1 X124.232 Y107.435 E.0029
;WIDTH:0.599134
G1 X124.146 Y107.431 E.0027
;WIDTH:0.555941
G1 X124.059 Y107.427 E.00252
;WIDTH:0.512749
G1 X123.973 Y107.423 E.00229
;WIDTH:0.469556
G1 X123.482 Y107.182 E.01324
;WIDTH:0.419999
G1 X123.045 Y106.789 E.01263
G1 X122.713 Y106.356 E.01172
;WIDTH:0.462534
G1 X122.692 Y106.258 E.00239
;WIDTH:0.50507
G1 X122.67 Y106.16 E.00263
;WIDTH:0.547605
G1 X122.649 Y106.062 E.00285
;WIDTH:0.590141
G1 X122.628 Y105.963 E.00312
;WIDTH:0.632676
G1 X122.606 Y105.865 E.00333
G1 X122.681 Y105.87 E.00249
;WIDTH:0.590141
G1 X122.756 Y105.875 E.00232
;WIDTH:0.547605
G1 X122.831 Y105.88 E.00214
;WIDTH:0.50507
G1 X122.906 Y105.885 E.00197
;WIDTH:0.462534
G1 X122.98 Y105.89 E.00177
;WIDTH:0.419999
G1 X124.21 Y105.89 E.02643
G1 X124.21 Y106.49 E.01289
;WIDTH:0.469556
G1 X124.2 Y107.224 E.01777
;WIDTH:0.512749
G1 X124.229 Y107.278 E.00163
;WIDTH:0.555941
G1 X124.259 Y107.332 E.00179
;WIDTH:0.599134
G1 X124.289 Y107.385 E.00191
M204 S1000
;WIPE_START
G1 F5760
G1 X124.318 Y107.439 E-.02123
G1 X124.232 Y107.435 E-.02982
;WIPE_END
G1 E-.74895 F2100
G1 Z5.093 F7200
G1 X123.17 Y103.71
G1 Z4.493
G1 E.8 F2100
M204 S820
;TYPE:Perimeter
;WIDTH:0.435127
G1 F900
G1 X123.363 Y103.449 E.00724
G1 X123.81 Y103.093 E.01275
G1 X123.81 Y103.71 E.01377
G1 X123.23 Y103.71 E.01294
M204 S1000
;WIPE_START
G1 F5760
G1 X123.17 Y103.71 E-.02078
G1 X123.363 Y103.449 E-.11243
G1 X123.81 Y103.093 E-.19792
G1 X123.81 Y103.71 E-.2137
G1 X123.23 Y103.71 E-.20089
;WIPE_END
G1 E-.05428 F2100
G1 Z5.093 F7200
G1 X124.268 Y102.578
G1 Z4.493
G1 E.8 F2100
M204 S820
;TYPE:External perimeter
;WIDTH:0.6963
G1 F900
G1 X124.548 Y102.522 E.01046
;WIDTH:0.735698
G1 X125.083 Y102.502 E.02077
G1 X125.339 Y102.52 E.00996
;WIDTH:0.69975
G1 X125.594 Y102.538 E.00942
;WIDTH:0.663802
G1 X125.752 Y102.585 E.00575
M204 S1000
;WIPE_START
G1 F5760
G1 X125.594 Y102.538 E-.05709
;WIPE_END
G1 E-.74291 F2100
G1 Z5.093 F7200
G1 X122.581 Y104.183
G1 Z4.493
G1 E.8 F2100
M204 S820
;WIDTH:0.628506
G1 F900
G1 X122.601 Y104.089 E.00316
;WIDTH:0.586805
G1 X122.62 Y103.994 E.00297
;WIDTH:0.545103
G1 X122.64 Y103.899 E.00275
;WIDTH:0.503402
G1 X122.659 Y103.805 E.0025
;WIDTH:0.4617
G1 X122.678 Y103.71 E.0023
;WIDTH:0.419999
G1 X123.054 Y103.189 E.0138
G1 X123.443 Y102.851 E.01107
G1 X123.827 Y102.629 E.00953
;WIDTH:0.460121
G1 X123.904 Y102.61 E.00188
;WIDTH:0.500243
G1 X123.98 Y102.59 E.00203
;WIDTH:0.549155
G1 X124.076 Y102.586 E.00275
;WIDTH:0.598068
G1 X124.172 Y102.582 E.003
;WIDTH:0.64698
G1 X124.268 Y102.578 E.00326
G1 X124.24 Y102.642 E.00237
;WIDTH:0.598068
G1 X124.213 Y102.706 E.00217
;WIDTH:0.549155
G1 X124.185 Y102.77 E.002
;WIDTH:0.500243
G1 X124.198 Y102.813 E.00116
;WIDTH:0.460121
G1 X124.21 Y102.856 E.00106
;WIDTH:0.419999
G1 X124.21 Y104.11 E.02694
G1 X122.91 Y104.11 E.02793
;WIDTH:0.4617
G1 X122.845 Y104.124 E.00158
M73 P39 R8
;WIDTH:0.503402
G1 X122.779 Y104.139 E.00176
;WIDTH:0.545103
G1 X122.713 Y104.154 E.00192
;WIDTH:0.586805
G1 X122.647 Y104.169 E.00207
;WIDTH:0.628506
G1 X122.64 Y104.17 E.00023
M204 S1000
G1 X122.555 Y104.293 F7200
M204 S820
;WIDTH:0.628974
G1 F900
G1 X122.576 Y104.367 E.00253
;WIDTH:0.586755
G1 X122.598 Y104.44 E.00234
;WIDTH:0.544536
G1 X122.619 Y104.513 E.00215
;WIDTH:0.502317
G1 X122.64 Y104.586 E.00198
;WIDTH:0.460098
G1 X122.661 Y104.659 E.0018
;WIDTH:0.417879
G1 X122.682 Y104.732 E.00162
;WIDTH:0.375661
G1 X122.682 Y105.268 E.01021
;WIDTH:0.418272
G1 X122.661 Y105.339 E.00158
;WIDTH:0.460883
G1 X122.639 Y105.41 E.00176
;WIDTH:0.503495
G1 X122.618 Y105.481 E.00193
;WIDTH:0.546106
G1 X122.597 Y105.552 E.0021
;WIDTH:0.588717
G1 X122.575 Y105.623 E.00228
;WIDTH:0.631328
G1 X122.554 Y105.694 E.00245
G1 X122.517 Y105.626 E.00256
;WIDTH:0.588717
G1 X122.481 Y105.558 E.00237
;WIDTH:0.546106
G1 X122.444 Y105.49 E.0022
;WIDTH:0.503495
G1 X122.408 Y105.422 E.00201
;WIDTH:0.460883
G1 X122.371 Y105.354 E.00184
;WIDTH:0.418272
G1 X122.334 Y105.286 E.00166
;WIDTH:0.375661
G1 X122.334 Y104.732 E.01056
;WIDTH:0.417879
G1 X122.371 Y104.659 E.00175
;WIDTH:0.460098
G1 X122.408 Y104.586 E.00194
;WIDTH:0.502317
G1 X122.445 Y104.513 E.00213
;WIDTH:0.544536
G1 X122.482 Y104.44 E.00232
;WIDTH:0.586755
G1 X122.519 Y104.367 E.00251
;WIDTH:0.628974
G1 X122.528 Y104.347 E.00072
M204 S1000
;WIPE_START
G1 F5760
G1 X122.555 Y104.293 E-.02091
G1 X122.576 Y104.367 E-.02664
;WIPE_END
G1 E-.75245 F2100
G1 Z5.093 F7200
G1 X125.838 Y102.592
G1 Z4.493
M73 Q39 S8
G1 E.8 F2100
M204 S820
;WIDTH:0.607496
G1 F900
G1 X125.924 Y102.599 E.00274
;WIDTH:0.560622
G1 X126.011 Y102.606 E.00255
;WIDTH:0.513747
G1 X126.097 Y102.613 E.0023
;WIDTH:0.466873
G1 X126.183 Y102.619 E.00207
;WIDTH:0.419999
G1 X126.661 Y102.925 E.01219
G1 X127.064 Y103.325 E.0122
G1 X127.34 Y103.751 E.01091
;WIDTH:0.460095
G1 X127.356 Y103.84 E.00214
;WIDTH:0.500191
G1 X127.372 Y103.929 E.00234
;WIDTH:0.540288
G1 X127.388 Y104.019 E.00257
;WIDTH:0.580384
G1 X127.404 Y104.108 E.00274
;WIDTH:0.62048
G1 X127.42 Y104.197 E.00294
G1 X127.365 Y104.18 E.00187
;WIDTH:0.580384
G1 X127.31 Y104.162 E.00175
;WIDTH:0.540288
G1 X127.255 Y104.145 E.00162
;WIDTH:0.500191
G1 X127.2 Y104.127 E.0015
;WIDTH:0.460095
G1 X127.144 Y104.11 E.00139
;WIDTH:0.419999
G1 X125.79 Y104.11 E.02909
G1 X125.79 Y103.345 E.01644
;WIDTH:0.466873
G1 X125.783 Y103.193 E.00366
;WIDTH:0.513747
G1 X125.775 Y103.041 E.00405
;WIDTH:0.560622
G1 X125.767 Y102.889 E.00444
;WIDTH:0.607496
G1 X125.76 Y102.737 E.00483
;WIDTH:0.65437
G1 X125.752 Y102.585 E.00523
G1 X125.778 Y102.587 E.0009
M204 S1000
;LAYER_CHANGE
;Z:4.59994
;HEIGHT:0.107054
;BEFORE_LAYER_CHANGE
G92 E0.0
;4.59994


;WIPE_START
G1 F5760
G1 X125.838 Y102.592 E-.02085
G1 X125.924 Y102.599 E-.02988
;WIPE_END
G1 E-.74927 F2100
G1 Z4.6 F7200
;AFTER_LAYER_CHANGE
;4.59994
G1 Z5.2
G1 X132.287 Y97.603
G1 Z4.6
G1 E.8 F2100
M204 S820
;WIDTH:0.550514
G1 F900
G1 X132.421 Y97.734 E.0044
;WIDTH:0.546898
G1 X132.521 Y98.097 E.00878
;WIDTH:0.516208
G1 X132.524 Y98.207 E.00242
;WIDTH:0.511321
G1 X132.526 Y111.793 E.2953
;WIDTH:0.543191
G1 X132.476 Y112.125 E.00777
;WIDTH:0.550519
G1 X132.4 Y112.292 E.00431
G1 X132.234 Y112.435 E.00514
;WIDTH:0.542537
G1 X131.786 Y112.526 E.01057
;WIDTH:0.511485
G1 X118.207 Y112.526 E.29524
;WIDTH:0.542455
G1 X117.865 Y112.47 E.00801
;WIDTH:0.550487
G1 X117.697 Y112.39 E.00437
G1 X117.558 Y112.226 E.00505
;WIDTH:0.543276
G1 X117.474 Y111.792 E.01024
;WIDTH:0.511487
G1 X117.474 Y98.207 E.29537
;WIDTH:0.543191
G1 X117.524 Y97.875 E.00777
;WIDTH:0.550518
G1 X117.6 Y97.708 E.00431
G1 X117.769 Y97.563 E.00523
;WIDTH:0.542334
G1 X118.207 Y97.474 E.01033
;WIDTH:0.511485
G1 X131.776 Y97.474 E.29503
;WIDTH:0.536664
G1 X132.09 Y97.515 E.00724
M73 P40 R8
M73 Q40 S8
;WIDTH:0.550514
G1 X132.234 Y97.577 E.00368
M204 S1000
G1 X131.98 Y98.021 F7200
M204 S820
G1 F900
G1 X132.037 Y98.207 E.00457
;WIDTH:0.511321
G1 X132.037 Y111.793 E.2953
;WIDTH:0.550519
G1 X131.982 Y111.977 E.00451
G1 X131.772 Y112.038 E.00513
;WIDTH:0.511485
G1 X118.207 Y112.037 E.29494
;WIDTH:0.550487
G1 X118.018 Y111.978 E.00465
G1 X117.963 Y111.793 E.00453
;WIDTH:0.511487
G1 X117.963 Y98.207 E.2954
;WIDTH:0.550518
G1 X118.018 Y98.023 E.00451
G1 X118.207 Y97.963 E.00466
;WIDTH:0.511485
G1 X131.776 Y97.962 E.29503
;WIDTH:0.550514
G1 X131.923 Y98.004 E.00359
M204 S1000
;WIPE_START
G1 F5760
G1 X131.98 Y98.021 E-.0206
G1 X132.037 Y98.207 E-.06738
;WIPE_END
G1 E-.71202 F2100
G1 Z5.2 F7200
G1 X126.189 Y103.096
G1 Z4.6
G1 E.8 F2100
M204 S820
;TYPE:Perimeter
;WIDTH:0.430991
G1 F900
G1 X126.536 Y103.362 E.00794
G1 X126.839 Y103.711 E.00839
G1 X126.189 Y103.711 E.0118
G1 X126.189 Y103.156 E.01008
M204 S1000
;WIPE_START
G1 F5760
G1 X126.189 Y103.096 E-.02078
G1 X126.536 Y103.362 E-.15143
G1 X126.839 Y103.711 E-.16008
G1 X126.189 Y103.711 E-.22513
G1 X126.189 Y103.156 E-.19223
;WIPE_END
G1 E-.05035 F2100
G1 Z5.2 F7200
G1 X127.42 Y104.201
G1 Z4.6
G1 E.8 F2100
M204 S820
;TYPE:External perimeter
;WIDTH:0.668023
G1 F900
G1 X127.446 Y104.434 E.00673
;WIDTH:0.705487
G1 X127.472 Y104.667 E.00712
;WIDTH:0.74295
G1 X127.498 Y104.9 E.00751
G1 X127.48 Y105.163 E.00845
;WIDTH:0.707401
G1 X127.462 Y105.425 E.008
;WIDTH:0.671853
G1 X127.444 Y105.688 E.00761
;WIDTH:0.636304
G1 X127.414 Y105.814 E.00354
M204 S1000
G1 X126.843 Y106.29 F7200
M204 S820
;TYPE:Perimeter
;WIDTH:0.433107
G1 F900
G1 X126.588 Y106.603 E.00737
G1 X126.19 Y106.913 E.00921
G1 X126.19 Y106.29 E.01137
G1 X126.783 Y106.29 E.01082
M204 S1000
;WIPE_START
G1 F5760
G1 X126.843 Y106.29 E-.02078
G1 X126.588 Y106.603 E-.13983
G1 X126.19 Y106.913 E-.17473
G1 X126.19 Y106.29 E-.21578
G1 X126.783 Y106.29 E-.20539
;WIPE_END
G1 E-.04349 F2100
G1 Z5.2 F7200
G1 X123.81 Y106.906
G1 Z4.6
G1 E.8 F2100
M204 S820
;WIDTH:0.432924
G1 F900
G1 X123.507 Y106.689 E.0068
G1 X123.156 Y106.29 E.0097
G1 X123.81 Y106.29 E.01193
G1 X123.81 Y106.846 E.01014
M204 S1000
;WIPE_START
G1 F5760
G1 X123.81 Y106.906 E-.02078
G1 X123.507 Y106.689 E-.12908
G1 X123.156 Y106.29 E-.18406
G1 X123.81 Y106.29 E-.22652
G1 X123.81 Y106.846 E-.19257
;WIPE_END
G1 E-.04699 F2100
G1 Z5.2 F7200
G1 X122.596 Y105.831
G1 Z4.6
G1 E.8 F2100
M204 S820
;TYPE:External perimeter
;WIDTH:0.658152
G1 F900
G1 X122.563 Y105.684 E.00426
;WIDTH:0.688204
G1 X122.53 Y105.536 E.00449
;WIDTH:0.7169
G1 X122.515 Y105.268 E.00829
;WIDTH:0.745596
G1 X122.501 Y105 E.00863
G1 X122.515 Y104.732 E.00863
;WIDTH:0.7169
G1 X122.53 Y104.464 E.00829
;WIDTH:0.688204
G1 X122.554 Y104.341 E.00371
;WIDTH:0.655876
G1 X122.577 Y104.218 E.00352
M204 S1000
;WIPE_START
G1 F5760
G1 X122.554 Y104.341 E-.04334
;WIPE_END
G1 E-.75666 F2100
G1 Z5.2 F7200
G1 X124.279 Y107.432
G1 Z4.6
G1 E.8 F2100
M204 S820
;WIDTH:0.669806
G1 F900
G1 X124.192 Y107.423 E.00252
;WIDTH:0.619845
G1 X124.104 Y107.414 E.00235
;WIDTH:0.569883
G1 X124.017 Y107.404 E.00213
;WIDTH:0.519922
G1 X123.929 Y107.395 E.00196
;WIDTH:0.46996
G1 X123.842 Y107.386 E.00174
;WIDTH:0.419999
G1 X123.719 Y107.334 E.00236
G1 X123.253 Y107.01 E.01003
G1 X122.899 Y106.628 E.0092
G1 X122.659 Y106.243 E.00802
;WIDTH:0.461619
G1 X122.646 Y106.16 E.00164
;WIDTH:0.503239
G1 X122.634 Y106.078 E.00177
;WIDTH:0.54486
G1 X122.621 Y105.996 E.00193
;WIDTH:0.58648
G1 X122.609 Y105.914 E.00208
;WIDTH:0.6281
G1 X122.596 Y105.831 E.00226
G1 X122.657 Y105.858 E.0018
;WIDTH:0.585794
G1 X122.718 Y105.885 E.00167
;WIDTH:0.543488
G1 X122.778 Y105.912 E.00152
;WIDTH:0.501182
G1 X122.82 Y105.899 E.00094
;WIDTH:0.460591
G1 X122.862 Y105.886 E.00086
;WIDTH:0.419999
G1 X124.214 Y105.886 E.02389
G1 X124.214 Y107.04 E.02039
;WIDTH:0.46996
G1 X124.227 Y107.119 E.00159
;WIDTH:0.519922
G1 X124.24 Y107.197 E.00175
;WIDTH:0.569883
G1 X124.253 Y107.276 E.00195
;WIDTH:0.619845
G1 X124.266 Y107.354 E.0021
;WIDTH:0.669806
G1 X124.269 Y107.373 E.00055
M204 S1000
;WIPE_START
G1 F5760
G1 X124.279 Y107.432 E-.02073
G1 X124.192 Y107.423 E-.03029
;WIPE_END
G1 E-.74898 F2100
G1 Z5.2 F7200
G1 X127.414 Y105.814
G1 Z4.6
G1 E.8 F2100
M204 S820
;WIDTH:0.63094
G1 F900
G1 X127.401 Y105.896 E.00225
;WIDTH:0.588752
G1 X127.387 Y105.979 E.00212
;WIDTH:0.546564
G1 X127.373 Y106.061 E.00194
;WIDTH:0.504375
G1 X127.36 Y106.143 E.00178
;WIDTH:0.462187
G1 X127.346 Y106.226 E.00165
;WIDTH:0.419999
G1 X127.208 Y106.481 E.00512
G1 X126.825 Y106.93 E.01043
G1 X126.388 Y107.265 E.00973
G1 X126.12 Y107.408 E.00537
;WIDTH:0.391271
G1 X125.852 Y107.55 E.00497
;WIDTH:0.371979
G1 X125.357 Y107.661 E.00788
;WIDTH:0.380766
G1 X124.82 Y107.674 E.00855
;WIDTH:0.428163
G1 X124.752 Y107.638 E.00139
;WIDTH:0.475559
G1 X124.683 Y107.602 E.00157
;WIDTH:0.522956
G1 X124.615 Y107.566 E.00171
;WIDTH:0.570353
G1 X124.547 Y107.531 E.00186
;WIDTH:0.617749
G1 X124.478 Y107.495 E.00206
;WIDTH:0.665146
G1 X124.41 Y107.459 E.0022
G1 X124.477 Y107.435 E.00203
;WIDTH:0.617749
G1 X124.545 Y107.411 E.00191
;WIDTH:0.570353
G1 X124.612 Y107.388 E.00173
;WIDTH:0.522956
G1 X124.68 Y107.364 E.0016
;WIDTH:0.475559
G1 X124.747 Y107.34 E.00143
;WIDTH:0.428163
G1 X124.814 Y107.317 E.00128
;WIDTH:0.380766
G1 X125.651 Y107.284 E.01334
;WIDTH:0.380882
G1 X125.719 Y107.211 E.00159
;WIDTH:0.419999
G1 X125.786 Y107.138 E.00175
G1 X125.786 Y105.886 E.02212
G1 X126.459 Y105.886 E.01189
;WIDTH:0.460273
G1 X126.681 Y105.883 E.00432
;WIDTH:0.500547
G1 X126.902 Y105.88 E.0047
;WIDTH:0.540821
G1 X127.124 Y105.877 E.00512
;WIDTH:0.581095
G1 X127.346 Y105.874 E.00552
;WIDTH:0.63094
G1 X127.369 Y105.853 E.00084
M204 S1000
;WIPE_START
G1 F5760
G1 X127.414 Y105.814 E-.02062
G1 X127.401 Y105.896 E-.02876
;WIPE_END
G1 E-.75062 F2100
G1 Z5.2 F7200
G1 X123.156 Y103.71
G1 Z4.6
G1 E.8 F2100
M204 S820
;TYPE:Perimeter
;WIDTH:0.432929
G1 F900
G1 X123.455 Y103.366 E.00832
G1 X123.81 Y103.094 E.00816
G1 X123.81 Y103.71 E.01124
G1 X123.216 Y103.71 E.01084
M204 S1000
;WIPE_START
G1 F5760
G1 X123.156 Y103.71 E-.02078
G1 X123.455 Y103.366 E-.15786
G1 X123.81 Y103.094 E-.1549
G1 X123.81 Y103.71 E-.21335
G1 X123.216 Y103.71 E-.20573
;WIPE_END
G1 E-.04738 F2100
G1 Z5.2 F7200
G1 X124.237 Y102.588
M73 P41 R8
M73 Q41 S8
G1 Z4.6
G1 E.8 F2100
M204 S820
;TYPE:External perimeter
;WIDTH:0.674572
G1 F900
G1 X124.412 Y102.541 E.00526
M204 S1000
;WIPE_START
G1 F5760
G1 X124.237 Y102.588 E-.06276
;WIPE_END
G1 E-.73724 F2100
G1 Z5.2 F7200
G1 X122.577 Y104.218
G1 Z4.6
G1 E.8 F2100
M204 S820
;WIDTH:0.623548
G1 F900
G1 X122.582 Y104.144 E.00198
;WIDTH:0.586003
G1 X122.587 Y104.07 E.00186
;WIDTH:0.548458
G1 X122.592 Y103.996 E.00173
;WIDTH:0.510913
G1 X122.597 Y103.922 E.00161
;WIDTH:0.473368
G1 X122.628 Y103.839 E.00178
;WIDTH:0.446684
G1 X122.659 Y103.757 E.00165
;WIDTH:0.419999
G1 X122.899 Y103.372 E.00802
G1 X123.304 Y102.955 E.01027
G1 X123.842 Y102.614 E.01126
;WIDTH:0.462428
G1 X123.908 Y102.61 E.00129
;WIDTH:0.504857
G1 X123.974 Y102.606 E.00142
;WIDTH:0.547285
G1 X124.039 Y102.601 E.00152
;WIDTH:0.589714
G1 X124.105 Y102.597 E.00167
;WIDTH:0.632143
G1 X124.171 Y102.592 E.00179
;WIDTH:0.674572
G1 X124.237 Y102.588 E.00192
G1 X124.233 Y102.634 E.00134
;WIDTH:0.632143
G1 X124.229 Y102.679 E.00122
;WIDTH:0.589714
G1 X124.225 Y102.725 E.00116
;WIDTH:0.547285
G1 X124.222 Y102.771 E.00108
;WIDTH:0.504857
G1 X124.218 Y102.817 E.00099
;WIDTH:0.462428
G1 X124.214 Y102.862 E.00088
;WIDTH:0.419999
G1 X124.214 Y104.114 E.02212
G1 X123.605 Y104.114 E.01076
;WIDTH:0.446684
G1 X123.194 Y104.108 E.00775
;WIDTH:0.473368
G1 X122.783 Y104.101 E.00824
;WIDTH:0.510913
G1 X122.732 Y104.131 E.00128
;WIDTH:0.548458
G1 X122.68 Y104.16 E.00139
;WIDTH:0.586003
G1 X122.63 Y104.188 E.00144
M204 S1000
;WIPE_START
G1 F5760
G1 X122.577 Y104.218 E-.02109
G1 X122.582 Y104.144 E-.02569
;WIPE_END
G1 E-.75322 F2100
G1 Z5.2 F7200
G1 X125.786 Y102.862
G1 Z4.6
G1 E.8 F2100
M204 S820
;WIDTH:0.419999
G1 F900
G1 X125.727 Y102.793 E.0016
;WIDTH:0.381898
G1 X125.668 Y102.724 E.00145
;WIDTH:0.348132
G1 X125.588 Y102.7 E.00121
;WIDTH:0.381634
G1 X124.824 Y102.683 E.0122
;WIDTH:0.428956
G1 X124.755 Y102.659 E.00132
;WIDTH:0.476279
G1 X124.687 Y102.636 E.00145
;WIDTH:0.523601
G1 X124.618 Y102.612 E.00163
;WIDTH:0.570923
G1 X124.55 Y102.588 E.00176
;WIDTH:0.618246
G1 X124.481 Y102.565 E.00193
;WIDTH:0.665568
G1 X124.412 Y102.541 E.00209
G1 X124.476 Y102.505 E.0021
;WIDTH:0.618246
G1 X124.539 Y102.47 E.00191
;WIDTH:0.570923
G1 X124.602 Y102.434 E.00177
;WIDTH:0.523601
G1 X124.665 Y102.399 E.00161
;WIDTH:0.476279
G1 X124.728 Y102.363 E.00146
;WIDTH:0.428956
G1 X124.792 Y102.327 E.00133
;WIDTH:0.384203
G1 X125.097 Y102.322 E.0049
G1 X125.675 Y102.388 E.00935
;WIDTH:0.383348
G1 X125.929 Y102.501 E.00446
;WIDTH:0.419999
G1 X126.183 Y102.615 E.00492
G1 X126.662 Y102.92 E.01003
G1 X127.065 Y103.32 E.01003
;WIDTH:0.426507
G1 X127.36 Y103.78 E.00981
;WIDTH:0.467318
G1 X127.372 Y103.865 E.0017
;WIDTH:0.508128
G1 X127.384 Y103.949 E.00183
;WIDTH:0.548939
G1 X127.396 Y104.033 E.00199
;WIDTH:0.589749
G1 X127.408 Y104.117 E.00214
;WIDTH:0.63056
G1 X127.42 Y104.201 E.00229
G1 X127.364 Y104.184 E.00158
;WIDTH:0.588448
G1 X127.307 Y104.166 E.0015
;WIDTH:0.546336
G1 X127.251 Y104.149 E.00136
;WIDTH:0.504223
G1 X127.194 Y104.131 E.00128
;WIDTH:0.462111
G1 X127.138 Y104.114 E.00114
;WIDTH:0.419999
G1 X125.786 Y104.114 E.02389
G1 X125.786 Y102.922 E.02106
M204 S1000
;LAYER_CHANGE
;Z:4.68955
;HEIGHT:0.0896106
;BEFORE_LAYER_CHANGE
G92 E0.0
;4.68955


;WIPE_START
G1 F5760
G1 X125.786 Y102.862 E-.02078
G1 X125.727 Y102.793 E-.03144
;WIPE_END
G1 E-.74778 F2100
G1 Z4.69 F7200
;AFTER_LAYER_CHANGE
;4.68955
G1 Z5.29
G1 X132.257 Y97.632
G1 Z4.69
G1 E.8 F2100
M204 S820
;WIDTH:0.543867
G1 F900
G1 X132.393 Y97.772 E.00381
;WIDTH:0.539313
G1 X132.495 Y98.157 E.00772
;WIDTH:0.510271
G1 X132.497 Y98.235 E.00143
;WIDTH:0.509127
G1 X132.5 Y111.749 E.24665
;WIDTH:0.535445
G1 X132.448 Y112.087 E.00658
;WIDTH:0.543034
G1 X132.335 Y112.32 E.00505
G1 X132.152 Y112.431 E.00418
;WIDTH:0.5346
G1 X131.659 Y112.501 E.00956
;WIDTH:0.509613
G1 X118.247 Y112.5 E.24503
;WIDTH:0.534527
G1 X117.9 Y112.44 E.00676
;WIDTH:0.543016
G1 X117.666 Y112.32 E.00513
G1 X117.56 Y112.14 E.00408
;WIDTH:0.535511
G1 X117.499 Y111.657 E.00936
;WIDTH:0.509616
G1 X117.5 Y98.251 E.24492
;WIDTH:0.535446
G1 X117.552 Y97.913 E.00658
;WIDTH:0.543034
G1 X117.63 Y97.742 E.00367
G1 X117.807 Y97.592 E.00453
;WIDTH:0.534294
G1 X118.245 Y97.5 E.00859
;WIDTH:0.509019
G1 X131.735 Y97.5 E.24616
G1 X131.942 Y97.525 E.0038
;WIDTH:0.543867
G1 X132.202 Y97.61 E.00535
M204 S1000
G1 X131.949 Y98.048 F7200
M204 S820
G1 F900
G1 X132.009 Y98.235 E.00384
;WIDTH:0.509127
G1 X132.01 Y111.749 E.24665
;WIDTH:0.543034
G1 X131.953 Y111.947 E.00402
G1 X131.765 Y112.007 E.00385
;WIDTH:0.509613
G1 X118.247 Y112.01 E.24697
;WIDTH:0.543016
G1 X118.034 Y111.93 E.00444
;WIDTH:0.538254
G1 X117.99 Y111.657 E.00535
;WIDTH:0.509616
G1 X117.99 Y98.251 E.24492
;WIDTH:0.543034
G1 X118.047 Y98.053 E.00402
M73 P42 R8
M73 Q42 S8
G1 X118.245 Y97.99 E.00405
;WIDTH:0.509019
G1 X131.735 Y97.99 E.24616
;WIDTH:0.543867
G1 X131.891 Y98.032 E.00316
M204 S1000
;WIPE_START
G1 F5760
G1 X131.949 Y98.048 E-.02084
G1 X132.009 Y98.235 E-.06802
;WIPE_END
G1 E-.71114 F2100
G1 Z5.29 F7200
G1 X126.188 Y103.094
G1 Z4.69
G1 E.8 F2100
M204 S820
;TYPE:Perimeter
;WIDTH:0.428793
G1 F900
G1 X126.537 Y103.362 E.00671
G1 X126.841 Y103.712 E.00707
G1 X126.188 Y103.712 E.00996
G1 X126.188 Y103.154 E.00851
M204 S1000
;WIPE_START
G1 F5760
G1 X126.188 Y103.094 E-.02078
G1 X126.537 Y103.362 E-.15241
G1 X126.841 Y103.712 E-.16057
G1 X126.188 Y103.712 E-.22617
G1 X126.188 Y103.154 E-.19327
;WIPE_END
G1 E-.0468 F2100
G1 Z5.29 F7200
G1 X127.421 Y104.205
G1 Z4.69
G1 E.8 F2100
M204 S820
;TYPE:External perimeter
;WIDTH:0.675712
G1 F900
G1 X127.446 Y104.436 E.00568
;WIDTH:0.712711
G1 X127.472 Y104.666 E.00598
;WIDTH:0.749711
G1 X127.498 Y104.897 E.00633
G1 X127.48 Y105.159 E.00715
;WIDTH:0.714645
G1 X127.463 Y105.421 E.0068
;WIDTH:0.67958
G1 X127.445 Y105.682 E.00644
;WIDTH:0.644515
G1 X127.414 Y105.811 E.00309
M204 S1000
;WIPE_START
G1 F5760
G1 X127.445 Y105.682 E-.04595
;WIPE_END
G1 E-.75405 F2100
G1 Z5.29 F7200
G1 X125.756 Y102.779
G1 Z4.69
G1 E.8 F2100
M204 S820
;WIDTH:0.630802
G1 F900
G1 X125.753 Y102.711 E.00155
;WIDTH:0.672963
G1 X125.747 Y102.585 E.00307
G1 X125.819 Y102.589 E.00176
;WIDTH:0.630802
G1 X125.892 Y102.594 E.00167
;WIDTH:0.588642
G1 X125.964 Y102.598 E.00153
;WIDTH:0.546481
G1 X126.037 Y102.602 E.00144
;WIDTH:0.504321
G1 X126.11 Y102.606 E.00132
;WIDTH:0.46216
G1 X126.182 Y102.611 E.00119
;WIDTH:0.42
G1 X126.662 Y102.916 E.00849
G1 X127.066 Y103.316 E.00849
;WIDTH:0.423817
G1 X127.363 Y103.775 E.00824
;WIDTH:0.466796
G1 X127.375 Y103.861 E.00145
;WIDTH:0.509775
G1 X127.386 Y103.947 E.00158
;WIDTH:0.552754
G1 X127.398 Y104.033 E.00173
;WIDTH:0.595733
G1 X127.409 Y104.119 E.00186
;WIDTH:0.638713
G1 X127.421 Y104.205 E.002
G1 X127.363 Y104.187 E.0014
;WIDTH:0.59497
G1 X127.305 Y104.17 E.0013
;WIDTH:0.551227
G1 X127.248 Y104.152 E.00118
;WIDTH:0.507485
G1 X127.19 Y104.135 E.0011
;WIDTH:0.463742
G1 X127.132 Y104.117 E.00101
;WIDTH:0.42
G1 X125.783 Y104.117 E.02014
G1 X125.783 Y103.341 E.01159
;WIDTH:0.46216
G1 X125.777 Y103.215 E.00208
;WIDTH:0.504321
G1 X125.771 Y103.089 E.00228
;WIDTH:0.546481
G1 X125.765 Y102.963 E.00248
;WIDTH:0.588642
G1 X125.759 Y102.839 E.00263
M204 S1000
;WIPE_START
G1 F5760
G1 X125.756 Y102.779 E-.02081
G1 X125.753 Y102.711 E-.02357
;WIPE_END
G1 E-.75562 F2100
G1 Z5.29 F7200
G1 X126.845 Y106.289
G1 Z4.69
G1 E.8 F2100
M204 S820
;TYPE:Perimeter
;WIDTH:0.430981
G1 F900
G1 X126.588 Y106.605 E.00625
G1 X126.189 Y106.914 E.00774
G1 X126.189 Y106.289 E.00959
G1 X126.785 Y106.289 E.00914
M204 S1000
;WIPE_START
G1 F5760
G1 X126.845 Y106.289 E-.02078
G1 X126.588 Y106.605 E-.14108
G1 X126.189 Y106.914 E-.17479
G1 X126.189 Y106.289 E-.21647
G1 X126.785 Y106.289 E-.20643
;WIPE_END
G1 E-.04045 F2100
G1 Z5.29 F7200
G1 X125.712 Y107.43
G1 Z4.69
G1 E.8 F2100
M204 S820
;TYPE:External perimeter
;WIDTH:0.698193
G1 F900
G1 X125.531 Y107.458 E.00463
;WIDTH:0.728061
G1 X125.349 Y107.487 E.00487
;WIDTH:0.745311
G1 X124.813 Y107.495 E.0145
G1 X124.546 Y107.463 E.00727
;WIDTH:0.711932
G1 X124.278 Y107.431 E.00697
M204 S1000
;WIPE_START
G1 F5760
G1 X124.546 Y107.463 E-.09348
;WIPE_END
G1 E-.70652 F2100
G1 Z5.29 F7200
G1 X127.414 Y105.811
G1 Z4.69
G1 E.8 F2100
M204 S820
;WIDTH:0.638963
G1 F900
G1 X127.401 Y105.896 E.00199
;WIDTH:0.59517
G1 X127.387 Y105.98 E.00183
;WIDTH:0.551377
G1 X127.374 Y106.064 E.00169
;WIDTH:0.507585
G1 X127.36 Y106.148 E.00155
;WIDTH:0.463792
G1 X127.347 Y106.232 E.00141
;WIDTH:0.42
G1 X127.234 Y106.454 E.00372
G1 X126.875 Y106.895 E.00849
G1 X126.469 Y107.219 E.00776
G1 X126.168 Y107.375 E.00506
;WIDTH:0.469665
G1 X126.077 Y107.386 E.00154
;WIDTH:0.51933
G1 X125.986 Y107.397 E.00171
;WIDTH:0.568995
G1 X125.894 Y107.408 E.0019
;WIDTH:0.61866
G1 X125.803 Y107.419 E.00205
;WIDTH:0.668325
G1 X125.712 Y107.43 E.00222
G1 X125.745 Y107.387 E.00131
;WIDTH:0.633152
G1 X125.779 Y107.345 E.00124
;WIDTH:0.59798
G1 X125.78 Y107.292 E.00114
;WIDTH:0.553485
G1 X125.781 Y107.239 E.00106
;WIDTH:0.50899
G1 X125.782 Y107.185 E.00099
;WIDTH:0.464495
G1 X125.783 Y107.132 E.00088
;WIDTH:0.42
G1 X125.783 Y105.883 E.01865
G1 X126.457 Y105.883 E.01006
;WIDTH:0.461135
G1 X126.678 Y105.88 E.00364
;WIDTH:0.50227
G1 X126.899 Y105.878 E.00398
;WIDTH:0.543405
G1 X127.12 Y105.875 E.00432
;WIDTH:0.58454
G1 X127.341 Y105.873 E.00465
;WIDTH:0.611751
G1 X127.368 Y105.85 E.00078
M204 S1000
;WIPE_START
G1 F5760
G1 X127.414 Y105.811 E-.02089
G1 X127.401 Y105.896 E-.02978
;WIPE_END
G1 E-.74933 F2100
G1 Z5.29 F7200
G1 X123.811 Y106.289
G1 Z4.69
G1 E.8 F2100
M204 S820
;TYPE:Perimeter
;WIDTH:0.430755
G1 F900
G1 X123.811 Y106.908 E.00949
G1 X123.505 Y106.689 E.00577
G1 X123.154 Y106.289 E.00816
G1 X123.751 Y106.289 E.00915
M204 S1000
;WIPE_START
G1 F5760
G1 X123.811 Y106.289 E-.02078
G1 X123.811 Y106.908 E-.21439
G1 X123.505 Y106.689 E-.13033
G1 X123.154 Y106.289 E-.18432
G1 X123.751 Y106.289 E-.20677
;WIPE_END
G1 E-.04341 F2100
G1 Z5.29 F7200
G1 X122.596 Y105.829
G1 Z4.69
G1 E.8 F2100
M204 S820
;TYPE:External perimeter
;WIDTH:0.665766
G1 F900
G1 X122.563 Y105.682 E.00363
;WIDTH:0.695091
G1 X122.53 Y105.536 E.00377
;WIDTH:0.723765
G1 X122.515 Y105.268 E.00705
;WIDTH:0.752439
G1 X122.501 Y105 E.00733
G1 X122.515 Y104.732 E.00733
;WIDTH:0.723765
G1 X122.53 Y104.464 E.00705
;WIDTH:0.695091
G1 X122.553 Y104.343 E.0031
;WIDTH:0.663444
G1 X122.577 Y104.221 E.00298
M204 S1000
;WIPE_START
G1 F5760
G1 X122.553 Y104.343 E-.04307
;WIPE_END
G1 E-.75693 F2100
G1 Z5.29 F7200
G1 X124.217 Y105.883
G1 Z4.69
G1 E.8 F2100
M204 S820
;WIDTH:0.42
G1 F900
G1 X124.217 Y107.039 E.01726
;WIDTH:0.463092
G1 X124.227 Y107.105 E.0011
;WIDTH:0.506184
G1 X124.238 Y107.17 E.0012
;WIDTH:0.549276
G1 X124.248 Y107.235 E.0013
;WIDTH:0.592368
G1 X124.258 Y107.301 E.00143
;WIDTH:0.63546
G1 X124.268 Y107.366 E.00151
;WIDTH:0.678553
G1 X124.278 Y107.431 E.00162
G1 X124.205 Y107.424 E.0018
;WIDTH:0.63546
G1 X124.131 Y107.416 E.00171
;WIDTH:0.592368
G1 X124.057 Y107.409 E.00159
;WIDTH:0.549276
G1 X123.983 Y107.401 E.00147
;WIDTH:0.506184
G1 X123.91 Y107.394 E.00133
;WIDTH:0.463092
G1 X123.836 Y107.387 E.00123
;WIDTH:0.42
G1 X123.717 Y107.337 E.00193
G1 X123.25 Y107.012 E.0085
G1 X122.896 Y106.63 E.00778
G1 X122.659 Y106.249 E.0067
;WIDTH:0.463288
G1 X122.646 Y106.165 E.00141
;WIDTH:0.506576
G1 X122.634 Y106.081 E.00154
;WIDTH:0.549864
G1 X122.621 Y105.997 E.00168
;WIDTH:0.593152
G1 X122.609 Y105.913 E.00181
;WIDTH:0.636441
G1 X122.596 Y105.829 E.00195
G1 X122.658 Y105.855 E.00155
;WIDTH:0.592111
G1 X122.719 Y105.882 E.00142
;WIDTH:0.547781
G1 X122.781 Y105.908 E.00132
;WIDTH:0.503452
G1 X122.824 Y105.896 E.00081
;WIDTH:0.461726
G1 X122.868 Y105.883 E.00076
;WIDTH:0.42
G1 X124.157 Y105.883 E.01925
M204 S1000
;WIPE_START
G1 F5760
G1 X124.217 Y105.883 E-.02078
G1 X124.217 Y107.039 E-.40039
;WIPE_END
G1 E-.37883 F2100
G1 Z5.29 F7200
G1 X123.154 Y103.711
G1 Z4.69
G1 E.8 F2100
M204 S820
;TYPE:Perimeter
;WIDTH:0.430759
G1 F900
G1 X123.455 Y103.365 E.00703
G1 X123.811 Y103.092 E.00688
G1 X123.811 Y103.711 E.00949
G1 X123.214 Y103.711 E.00915
M204 S1000
;WIPE_START
G1 F5760
G1 X123.154 Y103.711 E-.02078
G1 X123.455 Y103.365 E-.15884
G1 X123.811 Y103.092 E-.15538
G1 X123.811 Y103.711 E-.21439
G1 X123.214 Y103.711 E-.20677
;WIPE_END
G1 E-.04384 F2100
G1 Z5.29 F7200
G1 X124.239 Y102.588
G1 Z4.69
G1 E.8 F2100
M204 S820
;TYPE:External perimeter
;WIDTH:0.715177
G1 F900
G1 X124.531 Y102.546 E.00765
;WIDTH:0.747079
G1 X124.823 Y102.504 E.008
G1 X125.203 Y102.52 E.01031
;WIDTH:0.714062
G1 X125.582 Y102.537 E.00982
;WIDTH:0.681045
G1 X125.747 Y102.585 E.00424
M204 S1000
;WIPE_START
G1 F5760
G1 X125.582 Y102.537 E-.05952
;WIPE_END
G1 E-.74048 F2100
G1 Z5.29 F7200
G1 X122.577 Y104.221
G1 Z4.69
G1 E.8 F2100
M204 S820
;WIDTH:0.631797
G1 F900
G1 X122.581 Y104.146 E.00171
;WIDTH:0.592349
G1 X122.585 Y104.071 E.0016
;WIDTH:0.552902
G1 X122.589 Y103.996 E.00149
;WIDTH:0.513454
G1 X122.593 Y103.921 E.00138
;WIDTH:0.474007
G1 X122.626 Y103.836 E.00154
;WIDTH:0.447003
G1 X122.659 Y103.751 E.00145
;WIDTH:0.42
G1 X122.896 Y103.37 E.0067
G1 X123.301 Y102.953 E.00868
G1 X123.75 Y102.649 E.0081
;WIDTH:0.463879
G1 X123.832 Y102.639 E.00137
;WIDTH:0.507758
G1 X123.913 Y102.629 E.00149
;WIDTH:0.551637
G1 X123.994 Y102.619 E.00162
;WIDTH:0.595516
G1 X124.076 Y102.608 E.00178
;WIDTH:0.639395
G1 X124.157 Y102.598 E.00189
;WIDTH:0.683275
G1 X124.239 Y102.588 E.00204
G1 X124.235 Y102.635 E.00117
;WIDTH:0.639395
G1 X124.232 Y102.681 E.00107
;WIDTH:0.595516
G1 X124.228 Y102.728 E.00101
;WIDTH:0.551637
G1 X124.224 Y102.774 E.00092
;WIDTH:0.507758
G1 X124.221 Y102.821 E.00086
;WIDTH:0.463879
G1 X124.217 Y102.868 E.00078
;WIDTH:0.42
G1 X124.217 Y104.117 E.01865
G1 X123.605 Y104.117 E.00914
;WIDTH:0.447003
G1 X123.196 Y104.111 E.00652
;WIDTH:0.474007
G1 X122.786 Y104.105 E.00695
;WIDTH:0.513454
G1 X122.734 Y104.134 E.0011
;WIDTH:0.552902
G1 X122.682 Y104.163 E.00118
;WIDTH:0.592349
G1 X122.629 Y104.192 E.00129
M204 S1000
;LAYER_CHANGE
;Z:4.76678
;HEIGHT:0.07723
;BEFORE_LAYER_CHANGE
G92 E0.0
;4.76678


;WIPE_START
G1 F5760
G1 X122.577 Y104.221 E-.02062
G1 X122.581 Y104.146 E-.02601
;WIPE_END
G1 E-.75337 F2100
G1 Z4.767 F7200
;AFTER_LAYER_CHANGE
;4.76678
G1 Z5.367
G1 X132.289 Y97.688
G1 Z4.767
G1 E.8 F2100
M204 S820
;WIDTH:0.541391
G1 F900
G1 X132.432 Y97.946 E.00497
;WIDTH:0.526347
G1 X132.479 Y98.46 E.00845
;WIDTH:0.508287
G1 X132.479 Y111.568 E.20695
;WIDTH:0.522335
G1 X132.438 Y112.002 E.00708
M73 P43 R8
M73 Q43 S8
;WIDTH:0.538791
G1 X132.321 Y112.279 E.00504
G1 X131.956 Y112.447 E.00674
;WIDTH:0.508216
G1 X131.599 Y112.479 E.00566
G1 X118.419 Y112.479 E.20806
;WIDTH:0.523245
G1 X117.935 Y112.425 E.00792
;WIDTH:0.541171
G1 X117.685 Y112.28 E.00487
G1 X117.583 Y112.069 E.00395
;WIDTH:0.53323
G1 X117.521 Y111.563 E.00846
;WIDTH:0.508225
G1 X117.522 Y98.349 E.2086
;WIDTH:0.53057
G1 X117.579 Y97.939 E.00683
;WIDTH:0.540466
G1 X117.675 Y97.725 E.00395
G1 X117.963 Y97.58 E.00542
;WIDTH:0.511822
G1 X118.323 Y97.522 E.0058
;WIDTH:0.50821
G1 X131.586 Y97.521 E.20936
;WIDTH:0.518451
G1 X132.002 Y97.558 E.00673
;WIDTH:0.541391
G1 X132.234 Y97.663 E.00429
M204 S1000
G1 X131.902 Y98.055 F7200
M204 S820
;WIDTH:0.535138
G1 F900
G1 X131.961 Y98.129 E.00158
;WIDTH:0.526347
G1 X131.987 Y98.46 E.00543
;WIDTH:0.508287
G1 X131.987 Y111.568 E.20695
;WIDTH:0.525479
G1 X131.952 Y111.884 E.0052
G1 X131.797 Y111.98 E.00298
;WIDTH:0.508216
G1 X118.419 Y111.987 E.21118
;WIDTH:0.523245
G1 X118.129 Y111.959 E.00474
;WIDTH:0.53323
G1 X118.049 Y111.893 E.00172
G1 X118.013 Y111.563 E.00551
;WIDTH:0.508225
G1 X118.013 Y98.349 E.2086
;WIDTH:0.53057
G1 X118.046 Y98.114 E.00392
G1 X118.199 Y98.02 E.00296
;WIDTH:0.508329
G1 X118.323 Y98.013 E.00196
;WIDTH:0.50821
G1 X131.586 Y98.013 E.20936
;WIDTH:0.535138
G1 X131.843 Y98.047 E.00432
M204 S1000
;WIPE_START
G1 F5760
G1 X131.902 Y98.055 E-.02062
G1 X131.961 Y98.129 E-.03278
;WIPE_END
G1 E-.7466 F2100
G1 Z5.367 F7200
G1 X126.187 Y103.093
G1 Z4.767
G1 E.8 F2100
M204 S820
;TYPE:Perimeter
;WIDTH:0.427709
G1 F900
G1 X126.537 Y103.361 E.00582
G1 X126.842 Y103.713 E.00615
G1 X126.187 Y103.713 E.00865
G1 X126.187 Y103.153 E.00739
M204 S1000
;WIPE_START
G1 F5760
G1 X126.187 Y103.093 E-.02078
G1 X126.537 Y103.361 E-.15268
G1 X126.842 Y103.713 E-.16132
G1 X126.187 Y103.713 E-.22686
G1 X126.187 Y103.153 E-.19396
;WIPE_END
G1 E-.0444 F2100
G1 Z5.367 F7200
G1 X127.421 Y104.207
G1 Z4.767
G1 E.8 F2100
M204 S820
;TYPE:External perimeter
;WIDTH:0.682184
G1 F900
G1 X127.446 Y104.436 E.00492
;WIDTH:0.718814
G1 X127.472 Y104.666 E.00522
;WIDTH:0.755444
G1 X127.498 Y104.895 E.00547
G1 X127.48 Y105.156 E.00621
;WIDTH:0.720772
G1 X127.463 Y105.417 E.00591
;WIDTH:0.686101
G1 X127.446 Y105.678 E.00562
;WIDTH:0.65143
G1 X127.414 Y105.809 E.00275
M204 S1000
;WIPE_START
G1 F5760
G1 X127.446 Y105.678 E-.04671
;WIPE_END
G1 E-.75329 F2100
G1 Z5.367 F7200
G1 X126.188 Y106.916
G1 Z4.767
G1 E.8 F2100
M204 S820
;TYPE:Perimeter
;WIDTH:0.429958
G1 F900
G1 X126.188 Y106.288 E.00834
G1 X126.846 Y106.288 E.00873
G1 X126.587 Y106.606 E.00544
G1 X126.236 Y106.879 E.0059
M73 P44 R8
M73 Q44 S8
M204 S1000
;WIPE_START
G1 F5760
G1 X126.188 Y106.916 E-.02099
G1 X126.188 Y106.288 E-.21751
G1 X126.846 Y106.288 E-.2279
G1 X126.587 Y106.606 E-.14205
G1 X126.236 Y106.879 E-.15401
;WIPE_END
G1 E-.03754 F2100
G1 Z5.367 F7200
G1 X123.812 Y106.909
G1 Z4.767
G1 E.8 F2100
M204 S820
;WIDTH:0.429694
G1 F900
G1 X123.504 Y106.69 E.00501
G1 X123.153 Y106.288 E.00708
G1 X123.812 Y106.288 E.00874
G1 X123.812 Y106.849 E.00744
M204 S1000
;WIPE_START
G1 F5760
G1 X123.812 Y106.909 E-.02078
G1 X123.504 Y106.69 E-.13089
G1 X123.153 Y106.288 E-.18484
G1 X123.812 Y106.288 E-.22825
G1 X123.812 Y106.849 E-.1943
;WIPE_END
G1 E-.04094 F2100
G1 Z5.367 F7200
G1 X122.596 Y105.827
G1 Z4.767
G1 E.8 F2100
M204 S820
;TYPE:External perimeter
;WIDTH:0.672189
G1 F900
G1 X122.563 Y105.681 E.00315
;WIDTH:0.700932
G1 X122.53 Y105.536 E.00327
;WIDTH:0.729588
G1 X122.515 Y105.268 E.00615
;WIDTH:0.758244
G1 X122.501 Y105 E.00639
G1 X122.515 Y104.732 E.00639
;WIDTH:0.729588
G1 X122.53 Y104.464 E.00615
;WIDTH:0.700932
G1 X122.553 Y104.344 E.00268
;WIDTH:0.669832
G1 X122.577 Y104.224 E.00257
M204 S1000
;WIPE_START
G1 F5760
G1 X122.553 Y104.344 E-.04239
;WIPE_END
G1 E-.75761 F2100
G1 Z5.367 F7200
G1 X124.22 Y107.128
G1 Z4.767
G1 E.8 F2100
M204 S820
;WIDTH:0.42
G1 F900
G1 X124.285 Y107.204 E.0013
;WIDTH:0.385624
G1 X124.35 Y107.279 E.00118
;WIDTH:0.383809
G1 X124.812 Y107.312 E.00546
G1 X125.348 Y107.307 E.00632
;WIDTH:0.375318
G1 X125.699 Y107.256 E.00409
;WIDTH:0.393922
G1 X125.739 Y107.192 E.00091
;WIDTH:0.42
G1 X125.78 Y107.128 E.00098
G1 X125.78 Y105.88 E.01617
G1 X126.456 Y105.88 E.00876
;WIDTH:0.461838
G1 X126.676 Y105.878 E.00315
;WIDTH:0.503677
G1 X126.897 Y105.876 E.00346
;WIDTH:0.545516
G1 X127.117 Y105.874 E.00374
;WIDTH:0.587355
G1 X127.337 Y105.872 E.00403
;WIDTH:0.616538
G1 X127.376 Y105.841 E.00096
;WIDTH:0.645722
G1 X127.414 Y105.809 E.001
G1 X127.401 Y105.895 E.00176
;WIDTH:0.600577
G1 X127.387 Y105.981 E.00163
;WIDTH:0.555433
G1 X127.374 Y106.066 E.00149
;WIDTH:0.510288
G1 X127.361 Y106.152 E.00138
;WIDTH:0.465144
G1 X127.347 Y106.238 E.00125
;WIDTH:0.42
G1 X127.21 Y106.488 E.00369
G1 X126.826 Y106.938 E.00766
G1 X126.388 Y107.273 E.00714
G1 X126.124 Y107.412 E.00386
;WIDTH:0.393922
G1 X125.86 Y107.551 E.00361
;WIDTH:0.375318
G1 X125.354 Y107.666 E.00598
;WIDTH:0.383809
G1 X124.779 Y107.676 E.00678
G1 X124.213 Y107.585 E.00676
;WIDTH:0.385624
G1 X123.964 Y107.462 E.00329
;WIDTH:0.42
G1 X123.715 Y107.339 E.0036
G1 X123.248 Y107.013 E.00738
G1 X122.893 Y106.631 E.00676
G1 X122.658 Y106.254 E.00575
;WIDTH:0.464689
G1 X122.646 Y106.169 E.00124
;WIDTH:0.509378
G1 X122.633 Y106.083 E.00138
;WIDTH:0.554067
G1 X122.621 Y105.998 E.00148
;WIDTH:0.598756
G1 X122.608 Y105.912 E.00163
;WIDTH:0.643446
G1 X122.596 Y105.827 E.00173
G1 X122.658 Y105.853 E.00135
;WIDTH:0.597414
G1 X122.721 Y105.879 E.00127
;WIDTH:0.551382
G1 X122.783 Y105.906 E.00116
;WIDTH:0.505351
G1 X122.828 Y105.893 E.00074
;WIDTH:0.462675
G1 X122.872 Y105.88 E.00066
;WIDTH:0.42
G1 X124.22 Y105.88 E.01746
G1 X124.22 Y107.068 E.01539
M204 S1000
;WIPE_START
G1 F5760
G1 X124.22 Y107.128 E-.02078
G1 X124.285 Y107.204 E-.03464
;WIPE_END
G1 E-.74458 F2100
G1 Z5.367 F7200
G1 X123.812 Y103.091
G1 Z4.767
G1 E.8 F2100
M204 S820
;TYPE:Perimeter
;WIDTH:0.429696
G1 F900
G1 X123.812 Y103.712 E.00824
G1 X123.153 Y103.712 E.00874
G1 X123.454 Y103.365 E.00609
G1 X123.764 Y103.127 E.00518
M204 S1000
;WIPE_START
G1 F5760
G1 X123.812 Y103.091 E-.02078
G1 X123.812 Y103.712 E-.21509
G1 X123.153 Y103.712 E-.22825
G1 X123.454 Y103.365 E-.1591
G1 X123.764 Y103.127 E-.13536
;WIPE_END
G1 E-.04142 F2100
G1 Z5.367 F7200
G1 X125.78 Y102.872
G1 Z4.767
G1 E.8 F2100
M204 S820
;TYPE:External perimeter
;WIDTH:0.42
G1 F900
G1 X125.721 Y102.8 E.00121
;WIDTH:0.384133
G1 X125.661 Y102.728 E.00111
;WIDTH:0.352081
G1 X125.578 Y102.704 E.00093
;WIDTH:0.387394
G1 X125.069 Y102.686 E.00606
G1 X124.364 Y102.717 E.0084
;WIDTH:0.383988
G1 X124.292 Y102.794 E.00124
;WIDTH:0.42
G1 X124.22 Y102.872 E.00138
G1 X124.22 Y104.12 E.01617
G1 X123.605 Y104.12 E.00797
;WIDTH:0.447269
G1 X123.197 Y104.114 E.00564
;WIDTH:0.474539
G1 X122.789 Y104.109 E.006
;WIDTH:0.515587
G1 X122.736 Y104.137 E.00096
;WIDTH:0.556635
G1 X122.683 Y104.166 E.00105
;WIDTH:0.597683
G1 X122.63 Y104.195 E.00113
;WIDTH:0.638732
G1 X122.577 Y104.224 E.00121
G1 X122.584 Y104.141 E.00166
;WIDTH:0.597683
G1 X122.59 Y104.058 E.00155
;WIDTH:0.556635
G1 X122.597 Y103.974 E.00146
;WIDTH:0.515587
G1 X122.604 Y103.891 E.00133
;WIDTH:0.474539
G1 X122.732 Y103.648 E.00404
;WIDTH:0.447269
G1 X122.861 Y103.404 E.00382
;WIDTH:0.42
G1 X123.248 Y102.987 E.00737
G1 X123.715 Y102.661 E.00738
G1 X123.945 Y102.547 E.00333
;WIDTH:0.386789
G1 X124.175 Y102.433 E.00305
;WIDTH:0.353578
G1 X124.392 Y102.377 E.00243
;WIDTH:0.387394
G1 X125.095 Y102.317 E.0084
G1 X125.673 Y102.383 E.00693
;WIDTH:0.385263
G1 X125.928 Y102.495 E.0033
;WIDTH:0.42
G1 X126.182 Y102.607 E.0036
G1 X126.663 Y102.912 E.00738
G1 X127.067 Y103.312 E.00736
;WIDTH:0.421409
G1 X127.365 Y103.771 E.00711
;WIDTH:0.466238
G1 X127.376 Y103.858 E.00127
;WIDTH:0.511067
G1 X127.388 Y103.945 E.00139
;WIDTH:0.555896
G1 X127.399 Y104.033 E.00154
;WIDTH:0.600725
G1 X127.41 Y104.12 E.00164
;WIDTH:0.645554
G1 X127.421 Y104.207 E.00177
G1 X127.362 Y104.19 E.00124
;WIDTH:0.600443
G1 X127.304 Y104.172 E.00114
;WIDTH:0.555332
G1 X127.245 Y104.155 E.00106
;WIDTH:0.510221
G1 X127.187 Y104.138 E.00096
;WIDTH:0.46511
G1 X127.128 Y104.12 E.00089
;WIDTH:0.42
G1 X125.78 Y104.12 E.01746
G1 X125.78 Y102.932 E.01539
M204 S1000
;LAYER_CHANGE
;Z:4.83678
;HEIGHT:0.0699997
;BEFORE_LAYER_CHANGE
G92 E0.0
;4.83678


;WIPE_START
G1 F5760
G1 X125.78 Y102.872 E-.02078
G1 X125.721 Y102.8 E-.03224
;WIPE_END
G1 E-.74698 F2100
G1 Z4.837 F7200
;AFTER_LAYER_CHANGE
;4.83678
G1 Z5.437
G1 X132.199 Y97.686
G1 Z4.837
G1 E.8 F2100
M204 S820
;WIDTH:0.529598
G1 F900
G1 X132.349 Y97.842 E.00324
;WIDTH:0.525289
G1 X132.453 Y98.266 E.00648
;WIDTH:0.503127
G1 X132.453 Y98.279 E.00018
;WIDTH:0.50731
G1 X132.459 Y111.512 E.18959
;WIDTH:0.521325
G1 X132.401 Y112.017 E.00749
;WIDTH:0.533028
G1 X132.277 Y112.273 E.00429
G1 X131.888 Y112.425 E.0063
;WIDTH:0.507509
G1 X131.478 Y112.46 E.0059
G1 X118.462 Y112.459 E.18655
;WIDTH:0.514162
G1 X117.974 Y112.404 E.00713
;WIDTH:0.532678
G1 X117.695 Y112.237 E.0049
G1 X117.572 Y111.911 E.00525
;WIDTH:0.507511
G1 X117.54 Y111.429 E.00692
G1 X117.541 Y98.5 E.18531
;WIDTH:0.507319
G1 X117.541 Y98.488 E.00017
;WIDTH:0.521322
G1 X117.599 Y97.983 E.00749
;WIDTH:0.532001
G1 X117.725 Y97.723 E.00435
G1 X118.069 Y97.579 E.00561
;WIDTH:0.507207
G1 X118.454 Y97.541 E.00554
G1 X131.526 Y97.541 E.18724
;WIDTH:0.514172
G1 X131.984 Y97.592 E.00669
;WIDTH:0.529598
G1 X132.144 Y97.662 E.00262
M204 S1000
G1 X131.866 Y98.074 F7200
M204 S820
;WIDTH:0.525289
G1 F900
G1 X131.929 Y98.131 E.00126
G1 X131.965 Y98.279 E.00226
;WIDTH:0.50731
G1 X131.967 Y111.5 E.18942
;WIDTH:0.521325
G1 X131.935 Y111.856 E.00527
M73 P45 R8
M73 Q45 S8
;WIDTH:0.533028
G1 X131.899 Y111.908 E.00095
G1 X131.721 Y111.965 E.00282
;WIDTH:0.507509
G1 X118.462 Y111.967 E.19004
;WIDTH:0.514162
G1 X118.161 Y111.941 E.00439
G1 X118.056 Y111.825 E.00227
;WIDTH:0.507511
G1 X118.033 Y111.425 E.00574
G1 X118.033 Y98.5 E.18525
;WIDTH:0.521322
G1 X118.065 Y98.144 E.00527
G1 X118.209 Y98.046 E.00257
;WIDTH:0.507207
G1 X131.526 Y98.033 E.19075
;WIDTH:0.517626
G1 X131.807 Y98.067 E.00414
M204 S1000
;WIPE_START
G1 F5760
G1 X131.866 Y98.074 E-.02058
G1 X131.929 Y98.131 E-.02943
G1 X131.965 Y98.279 E-.05276
;WIPE_END
G1 E-.69723 F2100
G1 Z5.437 F7200
G1 X126.186 Y103.714
G1 Z4.837
G1 E.8 F2100
M204 S820
;TYPE:Perimeter
;WIDTH:0.427944
G1 F900
G1 X126.186 Y103.091 E.00749
G1 X126.538 Y103.36 E.00532
G1 X126.844 Y103.714 E.00562
G1 X126.246 Y103.714 E.00719
M204 S1000
;WIPE_START
G1 F5760
G1 X126.186 Y103.714 E-.02078
G1 X126.186 Y103.091 E-.21578
G1 X126.538 Y103.36 E-.15344
G1 X126.844 Y103.714 E-.16207
G1 X126.246 Y103.714 E-.20712
;WIPE_END
G1 E-.04081 F2100
G1 Z5.437 F7200
G1 X127.421 Y104.209
G1 Z4.837
G1 E.8 F2100
M204 S820
;TYPE:External perimeter
;WIDTH:0.687819
G1 F900
G1 X127.447 Y104.437 E.00449
;WIDTH:0.724163
G1 X127.472 Y104.665 E.00473
;WIDTH:0.760508
G1 X127.497 Y104.892 E.00495
G1 X127.48 Y105.153 E.00567
;WIDTH:0.726151
G1 X127.463 Y105.414 E.00541
;WIDTH:0.691795
G1 X127.446 Y105.675 E.00515
;WIDTH:0.657438
G1 X127.414 Y105.808 E.00256
M204 S1000
;WIPE_START
G1 F5760
G1 X127.446 Y105.675 E-.04738
;WIPE_END
G1 E-.75262 F2100
G1 Z5.437 F7200
G1 X126.187 Y106.918
G1 Z4.837
G1 E.8 F2100
M204 S820
;TYPE:Perimeter
;WIDTH:0.430247
G1 F900
G1 X126.187 Y106.287 E.00763
G1 X126.848 Y106.287 E.00799
G1 X126.587 Y106.608 E.005
G1 X126.235 Y106.881 E.00538
M204 S1000
;WIPE_START
G1 F5760
G1 X126.187 Y106.918 E-.02099
G1 X126.187 Y106.287 E-.21855
G1 X126.848 Y106.287 E-.22894
G1 X126.587 Y106.608 E-.14329
G1 X126.235 Y106.881 E-.15429
;WIPE_END
G1 E-.03394 F2100
G1 Z5.437 F7200
G1 X123.813 Y106.911
G1 Z4.837
G1 E.8 F2100
M204 S820
;WIDTH:0.429947
G1 F900
G1 X123.503 Y106.69 E.0046
G1 X123.151 Y106.287 E.00646
G1 X123.813 Y106.287 E.00799
G1 X123.813 Y106.851 E.00681
M204 S1000
;WIPE_START
G1 F5760
G1 X123.813 Y106.911 E-.02078
G1 X123.503 Y106.69 E-.13186
G1 X123.151 Y106.287 E-.18533
G1 X123.813 Y106.287 E-.22929
G1 X123.813 Y106.851 E-.19534
;WIPE_END
G1 E-.0374 F2100
G1 Z5.437 F7200
G1 X122.596 Y105.825
G1 Z4.837
G1 E.8 F2100
M204 S820
;TYPE:External perimeter
;WIDTH:0.677801
G1 F900
G1 X122.563 Y105.681 E.00285
;WIDTH:0.706086
G1 X122.53 Y105.536 E.00299
;WIDTH:0.734727
G1 X122.515 Y105.268 E.00562
;WIDTH:0.763368
G1 X122.501 Y105 E.00584
G1 X122.515 Y104.732 E.00584
;WIDTH:0.734727
G1 X122.53 Y104.464 E.00562
;WIDTH:0.706086
G1 X122.553 Y104.345 E.00244
;WIDTH:0.675415
G1 X122.576 Y104.226 E.00233
M204 S1000
;WIPE_START
G1 F5760
G1 X122.553 Y104.345 E-.04198
;WIPE_END
G1 E-.75802 F2100
G1 Z5.437 F7200
G1 X124.223 Y107.125
G1 Z4.837
G1 E.8 F2100
M204 S820
;WIDTH:0.419999
G1 F900
G1 X124.287 Y107.201 E.00117
;WIDTH:0.386833
G1 X124.351 Y107.277 E.00108
;WIDTH:0.385562
G1 X124.811 Y107.31 E.00497
G1 X125.347 Y107.306 E.00578
;WIDTH:0.377192
G1 X125.698 Y107.252 E.00374
;WIDTH:0.419999
G1 X125.777 Y107.125 E.00176
G1 X125.777 Y105.877 E.01471
G1 X126.455 Y105.877 E.00799
;WIDTH:0.462445
G1 X126.674 Y105.876 E.00285
;WIDTH:0.504891
G1 X126.894 Y105.874 E.00314
;WIDTH:0.547336
G1 X127.114 Y105.873 E.00341
;WIDTH:0.589782
G1 X127.334 Y105.872 E.00368
;WIDTH:0.62069
G1 X127.374 Y105.84 E.0009
;WIDTH:0.651598
G1 X127.414 Y105.808 E.00095
G1 X127.401 Y105.895 E.00163
;WIDTH:0.605278
G1 X127.388 Y105.981 E.00149
;WIDTH:0.558958
G1 X127.374 Y106.068 E.00139
;WIDTH:0.512639
G1 X127.361 Y106.155 E.00127
;WIDTH:0.466319
G1 X127.348 Y106.242 E.00116
;WIDTH:0.419999
G1 X127.211 Y106.492 E.00336
G1 X126.826 Y106.941 E.00697
G1 X126.388 Y107.276 E.0065
G1 X125.863 Y107.552 E.00699
;WIDTH:0.377192
G1 X125.352 Y107.668 E.00552
;WIDTH:0.385562
G1 X124.777 Y107.677 E.0062
G1 X124.212 Y107.586 E.00617
;WIDTH:0.386833
G1 X123.962 Y107.463 E.00301
;WIDTH:0.419999
G1 X123.713 Y107.341 E.00327
G1 X123.246 Y107.015 E.00671
G1 X122.891 Y106.632 E.00615
G1 X122.658 Y106.258 E.00519
;WIDTH:0.463515
G1 X122.637 Y106.18 E.00105
;WIDTH:0.507031
G1 X122.616 Y106.101 E.00117
;WIDTH:0.554526
G1 X122.609 Y106.009 E.00145
;WIDTH:0.602021
G1 X122.603 Y105.917 E.00157
;WIDTH:0.649516
G1 X122.596 Y105.825 E.0017
G1 X122.659 Y105.851 E.00126
;WIDTH:0.602021
G1 X122.722 Y105.877 E.00116
;WIDTH:0.554526
G1 X122.785 Y105.904 E.00108
;WIDTH:0.507031
G1 X122.83 Y105.89 E.00067
;WIDTH:0.463515
G1 X122.875 Y105.877 E.00061
;WIDTH:0.419999
G1 X124.223 Y105.877 E.01589
G1 X124.223 Y107.065 E.014
M204 S1000
;WIPE_START
G1 F5760
G1 X124.223 Y107.125 E-.02078
G1 X124.287 Y107.201 E-.03441
;WIPE_END
G1 E-.74481 F2100
G1 Z5.437 F7200
G1 X123.151 Y103.713
G1 Z4.837
G1 E.8 F2100
M204 S820
;TYPE:Perimeter
;WIDTH:0.429949
G1 F900
G1 X123.453 Y103.364 E.00557
G1 X123.813 Y103.089 E.00547
G1 X123.813 Y103.713 E.00754
G1 X123.211 Y103.713 E.00727
M204 S1000
G1 X122.576 Y104.226 F7200
M204 S820
;TYPE:External perimeter
;WIDTH:0.644744
G1 F900
G1 X122.583 Y104.142 E.00154
;WIDTH:0.602318
G1 X122.589 Y104.058 E.00144
;WIDTH:0.559892
G1 X122.596 Y103.974 E.00134
;WIDTH:0.517466
G1 X122.602 Y103.89 E.00123
;WIDTH:0.47504
G1 X122.73 Y103.647 E.00368
;WIDTH:0.44752
G1 X122.858 Y103.403 E.00347
;WIDTH:0.419999
G1 X123.246 Y102.985 E.00672
G1 X123.713 Y102.659 E.00671
G1 X123.944 Y102.545 E.00304
;WIDTH:0.38798
G1 X124.176 Y102.431 E.00281
;WIDTH:0.35596
G1 X124.395 Y102.375 E.00224
;WIDTH:0.389204
G1 X125.094 Y102.316 E.00764
G1 X125.673 Y102.382 E.00635
;WIDTH:0.386291
G1 X125.927 Y102.493 E.003
;WIDTH:0.419999
G1 X126.182 Y102.604 E.00328
G1 X126.663 Y102.909 E.00671
G1 X127.068 Y103.309 E.00671
G1 X127.367 Y103.767 E.00645
;WIDTH:0.466294
G1 X127.378 Y103.856 E.00118
;WIDTH:0.512589
G1 X127.389 Y103.944 E.00128
;WIDTH:0.558884
G1 X127.399 Y104.032 E.0014
;WIDTH:0.605179
G1 X127.41 Y104.121 E.00154
;WIDTH:0.651474
G1 X127.421 Y104.209 E.00164
G1 X127.362 Y104.192 E.00114
;WIDTH:0.605179
G1 X127.303 Y104.175 E.00105
;WIDTH:0.558884
G1 X127.243 Y104.157 E.00099
;WIDTH:0.512589
G1 X127.184 Y104.14 E.00089
;WIDTH:0.466294
G1 X127.125 Y104.123 E.00081
;WIDTH:0.419999
G1 X125.777 Y104.123 E.01589
G1 X125.777 Y102.875 E.01471
G1 X125.718 Y102.803 E.0011
;WIDTH:0.385257
G1 X125.659 Y102.73 E.00101
;WIDTH:0.354162
G1 X125.575 Y102.706 E.00086
;WIDTH:0.389204
G1 X125.068 Y102.688 E.00552
G1 X124.367 Y102.718 E.00764
;WIDTH:0.385019
G1 X124.295 Y102.797 E.00115
;WIDTH:0.419999
G1 X124.223 Y102.875 E.00125
G1 X124.223 Y104.123 E.01471
G1 X123.605 Y104.123 E.00728
;WIDTH:0.44752
G1 X123.198 Y104.117 E.00512
;WIDTH:0.47504
G1 X122.791 Y104.111 E.00545
;WIDTH:0.517466
G1 X122.737 Y104.14 E.0009
M73 P46 R8
M73 Q46 S8
;WIDTH:0.559892
G1 X122.684 Y104.169 E.00096
;WIDTH:0.602318
G1 X122.63 Y104.197 E.00104
M204 S1000
;LAYER_CHANGE
;Z:4.90678
;HEIGHT:0.0700002
;BEFORE_LAYER_CHANGE
G92 E0.0
;4.90678


;WIPE_START
G1 F5760
G1 X122.576 Y104.226 E-.02123
G1 X122.583 Y104.142 E-.02919
;WIPE_END
G1 E-.74958 F2100
G1 Z4.907 F7200
;AFTER_LAYER_CHANGE
;4.90678
G1 Z5.507
G1 X132.254 Y97.761
G1 Z4.907
G1 E.8 F2100
M204 S820
;WIDTH:0.527849
G1 F900
G1 X132.395 Y98.059 E.00492
;WIDTH:0.503433
G1 X132.432 Y98.302 E.00349
;WIDTH:0.506895
G1 X132.439 Y111.456 E.1883
;WIDTH:0.514766
G1 X132.375 Y112.033 E.00844
;WIDTH:0.526596
G1 X132.205 Y112.279 E.00445
G1 X131.869 Y112.399 E.00531
;WIDTH:0.50751
G1 X131.368 Y112.441 E.00721
G1 X118.531 Y112.44 E.18399
;WIDTH:0.507761
G1 X118.049 Y112.387 E.00695
M73 P46 R7
M73 Q46 S7
;WIDTH:0.527691
G1 X117.804 Y112.274 E.00403
G1 X117.678 Y112.158 E.00256
;WIDTH:0.527418
G1 X117.597 Y111.842 E.00486
;WIDTH:0.50751
G1 X117.559 Y111.275 E.00814
G1 X117.56 Y98.569 E.18211
;WIDTH:0.506906
G1 X117.561 Y98.544 E.00036
;WIDTH:0.514768
G1 X117.619 Y98.017 E.00771
;WIDTH:0.526595
G1 X117.747 Y97.755 E.00434
G1 X118.037 Y97.622 E.00475
;WIDTH:0.506865
G1 X118.522 Y97.56 E.007
G1 X131.462 Y97.561 E.18522
;WIDTH:0.509482
G1 X131.998 Y97.619 E.00776
;WIDTH:0.527849
G1 X132.202 Y97.732 E.00348
M204 S1000
G1 X131.839 Y98.09 F7200
M204 S820
;WIDTH:0.512454
G1 F900
G1 X131.937 Y98.232 E.0025
;WIDTH:0.503856
G1 X131.946 Y98.302 E.001
;WIDTH:0.506895
G1 X131.948 Y111.431 E.18794
;WIDTH:0.514766
G1 X131.917 Y111.83 E.00582
;WIDTH:0.526177
G1 X131.877 Y111.889 E.00106
G1 X131.69 Y111.945 E.0029
;WIDTH:0.50751
G1 X118.531 Y111.948 E.1886
;WIDTH:0.507761
G1 X118.187 Y111.922 E.00495
;WIDTH:0.519979
G1 X118.086 Y111.84 E.00191
G1 X118.052 Y111.275 E.00832
;WIDTH:0.50751
G1 X118.052 Y98.569 E.18211
;WIDTH:0.514768
G1 X118.083 Y98.17 E.00582
G1 X118.198 Y98.077 E.00215
;WIDTH:0.499538
G1 X118.238 Y98.065 E.00059
;WIDTH:0.506865
G1 X118.522 Y98.052 E.00407
G1 X131.436 Y98.052 E.18485
;WIDTH:0.512454
G1 X131.779 Y98.085 E.00499
M204 S1000
;WIPE_START
G1 F5760
G1 X131.839 Y98.09 E-.02085
G1 X131.937 Y98.232 E-.05976
;WIPE_END
G1 E-.71939 F2100
G1 Z5.507 F7200
G1 X126.185 Y103.715
G1 Z4.907
G1 E.8 F2100
M204 S820
;TYPE:Perimeter
;WIDTH:0.430383
G1 F900
G1 X126.185 Y103.089 E.00757
G1 X126.538 Y103.359 E.00537
G1 X126.846 Y103.715 E.00569
G1 X126.245 Y103.715 E.00726
M204 S1000
;WIPE_START
G1 F5760
G1 X126.185 Y103.715 E-.02078
G1 X126.185 Y103.089 E-.21682
G1 X126.538 Y103.359 E-.15393
G1 X126.846 Y103.715 E-.16304
G1 X126.245 Y103.715 E-.20816
;WIPE_END
G1 E-.03727 F2100
G1 Z5.507 F7200
G1 X127.421 Y104.211
G1 Z4.907
M73 P47 R7
M73 Q47 S7
G1 E.8 F2100
M204 S820
;TYPE:External perimeter
;WIDTH:0.693032
G1 F900
G1 X127.447 Y104.437 E.00449
;WIDTH:0.729178
G1 X127.472 Y104.664 E.00475
;WIDTH:0.765324
G1 X127.497 Y104.89 E.00496
G1 X127.48 Y105.151 E.00571
;WIDTH:0.731206
G1 X127.463 Y105.412 E.00545
;WIDTH:0.697088
G1 X127.446 Y105.672 E.00517
;WIDTH:0.66297
G1 X127.414 Y105.807 E.00262
M204 S1000
;WIPE_START
G1 F5760
G1 X127.446 Y105.672 E-.04805
;WIPE_END
G1 E-.75195 F2100
G1 Z5.507 F7200
G1 X126.186 Y106.92
G1 Z4.907
G1 E.8 F2100
M204 S820
;TYPE:Perimeter
;WIDTH:0.432736
G1 F900
G1 X126.186 Y106.286 E.00771
G1 X126.851 Y106.286 E.00808
G1 X126.586 Y106.61 E.00509
G1 X126.234 Y106.883 E.00542
M204 S1000
;WIPE_START
G1 F5760
G1 X126.186 Y106.92 E-.02099
G1 X126.186 Y106.286 E-.21959
G1 X126.851 Y106.286 E-.23033
G1 X126.586 Y106.61 E-.14497
G1 X126.234 Y106.883 E-.15429
;WIPE_END
G1 E-.02983 F2100
G1 Z5.507 F7200
G1 X123.814 Y106.913
G1 Z4.907
G1 E.8 F2100
M204 S820
;WIDTH:0.432402
G1 F900
G1 X123.502 Y106.69 E.00466
G1 X123.149 Y106.286 E.00652
G1 X123.814 Y106.286 E.00808
G1 X123.814 Y106.853 E.00689
M204 S1000
;WIPE_START
G1 F5760
G1 X123.814 Y106.913 E-.02078
G1 X123.502 Y106.69 E-.13283
G1 X123.149 Y106.286 E-.18582
G1 X123.814 Y106.286 E-.23033
G1 X123.814 Y106.853 E-.19638
;WIPE_END
G1 E-.03386 F2100
G1 Z5.507 F7200
G1 X122.596 Y105.824
G1 Z4.907
G1 E.8 F2100
M204 S820
;TYPE:External perimeter
;WIDTH:0.683038
G1 F900
G1 X122.563 Y105.68 E.00287
;WIDTH:0.710992
G1 X122.53 Y105.536 E.00299
;WIDTH:0.739618
G1 X122.515 Y105.268 E.00566
;WIDTH:0.768244
G1 X122.501 Y105 E.00588
G1 X122.515 Y104.732 E.00588
;WIDTH:0.739618
G1 X122.53 Y104.464 E.00566
;WIDTH:0.710992
G1 X122.553 Y104.346 E.00244
;WIDTH:0.680631
G1 X122.576 Y104.228 E.00233
M204 S1000
;WIPE_START
G1 F5760
G1 X122.553 Y104.346 E-.04164
;WIPE_END
G1 E-.75836 F2100
G1 Z5.507 F7200
G1 X124.225 Y107.122
G1 Z4.907
G1 E.8 F2100
M204 S820
;WIDTH:0.419999
G1 F900
G1 X124.289 Y107.199 E.00118
;WIDTH:0.388296
G1 X124.352 Y107.275 E.00107
;WIDTH:0.387969
G1 X124.81 Y107.309 E.00498
G1 X125.345 Y107.305 E.00581
;WIDTH:0.379712
G1 X125.698 Y107.25 E.00379
;WIDTH:0.419999
G1 X125.775 Y107.122 E.00176
G1 X125.775 Y105.875 E.0147
G1 X126.453 Y105.875 E.00799
;WIDTH:0.463027
G1 X126.673 Y105.874 E.00287
;WIDTH:0.506056
G1 X126.892 Y105.873 E.00313
;WIDTH:0.549084
G1 X127.112 Y105.872 E.00342
;WIDTH:0.592112
G1 X127.331 Y105.871 E.00368
;WIDTH:0.624565
G1 X127.373 Y105.839 E.00094
;WIDTH:0.657018
G1 X127.414 Y105.807 E.00097
G1 X127.401 Y105.894 E.00164
;WIDTH:0.609614
G1 X127.388 Y105.982 E.00154
;WIDTH:0.562211
G1 X127.375 Y106.07 E.00142
;WIDTH:0.514807
G1 X127.362 Y106.158 E.00129
;WIDTH:0.467403
G1 X127.349 Y106.245 E.00116
;WIDTH:0.419999
G1 X127.212 Y106.495 E.00336
G1 X126.827 Y106.944 E.00697
G1 X126.388 Y107.279 E.00651
G1 X125.866 Y107.552 E.00694
;WIDTH:0.379712
G1 X125.351 Y107.669 E.00561
;WIDTH:0.387969
G1 X124.776 Y107.679 E.00624
G1 X124.211 Y107.586 E.00621
;WIDTH:0.388296
G1 X123.961 Y107.464 E.00302
;WIDTH:0.419999
G1 X123.711 Y107.343 E.00327
G1 X123.244 Y107.016 E.00672
G1 X122.889 Y106.634 E.00615
G1 X122.657 Y106.261 E.00518
;WIDTH:0.464352
G1 X122.636 Y106.182 E.00107
;WIDTH:0.508705
G1 X122.614 Y106.102 E.00119
;WIDTH:0.557498
G1 X122.608 Y106.009 E.00147
;WIDTH:0.606291
G1 X122.602 Y105.917 E.00159
;WIDTH:0.655084
G1 X122.596 Y105.824 E.00174
G1 X122.659 Y105.85 E.00127
;WIDTH:0.606291
G1 X122.723 Y105.876 E.00119
;WIDTH:0.557498
G1 X122.786 Y105.902 E.00108
;WIDTH:0.508705
G1 X122.832 Y105.888 E.00069
;WIDTH:0.464352
G1 X122.878 Y105.875 E.00063
;WIDTH:0.419999
G1 X124.225 Y105.875 E.01588
G1 X124.225 Y107.062 E.01399
M204 S1000
;WIPE_START
G1 F5760
G1 X124.225 Y107.122 E-.02078
G1 X124.289 Y107.199 E-.03468
;WIPE_END
G1 E-.74454 F2100
G1 Z5.507 F7200
G1 X123.149 Y103.714
G1 Z4.907
G1 E.8 F2100
M204 S820
;TYPE:Perimeter
;WIDTH:0.432404
G1 F900
G1 X123.452 Y103.363 E.00563
G1 X123.814 Y103.087 E.00553
G1 X123.814 Y103.714 E.00762
G1 X123.209 Y103.714 E.00735
M204 S1000
G1 X122.576 Y104.228 F7200
M204 S820
;TYPE:External perimeter
;WIDTH:0.65027
G1 F900
G1 X122.582 Y104.143 E.00158
;WIDTH:0.606623
G1 X122.588 Y104.059 E.00145
;WIDTH:0.562976
G1 X122.594 Y103.974 E.00136
;WIDTH:0.519328
G1 X122.6 Y103.89 E.00124
;WIDTH:0.475681
G1 X122.728 Y103.646 E.00369
;WIDTH:0.44784
G1 X122.856 Y103.402 E.00347
;WIDTH:0.419999
G1 X123.244 Y102.984 E.00672
G1 X123.711 Y102.657 E.00672
G1 X123.943 Y102.543 E.00305
;WIDTH:0.389423
G1 X124.176 Y102.43 E.00282
;WIDTH:0.358847
G1 X124.397 Y102.374 E.00228
;WIDTH:0.391666
G1 X125.093 Y102.315 E.00766
G1 X125.672 Y102.38 E.00639
;WIDTH:0.387617
G1 X125.927 Y102.491 E.00302
;WIDTH:0.419999
G1 X126.182 Y102.602 E.00328
G1 X126.663 Y102.907 E.00671
G1 X127.069 Y103.307 E.00672
G1 X127.368 Y103.764 E.00644
;WIDTH:0.467377
G1 X127.379 Y103.853 E.00118
;WIDTH:0.514754
G1 X127.389 Y103.943 E.00132
;WIDTH:0.562131
G1 X127.4 Y104.032 E.00143
;WIDTH:0.609509
G1 X127.411 Y104.121 E.00155
;WIDTH:0.656886
G1 X127.421 Y104.211 E.00169
G1 X127.361 Y104.194 E.00116
;WIDTH:0.609509
G1 X127.302 Y104.176 E.00107
;WIDTH:0.562131
G1 X127.242 Y104.159 E.00099
;WIDTH:0.514754
G1 X127.182 Y104.142 E.00091
;WIDTH:0.467377
G1 X127.122 Y104.125 E.00082
;WIDTH:0.419999
G1 X125.775 Y104.125 E.01588
G1 X125.775 Y102.878 E.0147
G1 X125.716 Y102.805 E.00111
;WIDTH:0.386642
G1 X125.657 Y102.731 E.00102
;WIDTH:0.356828
G1 X125.572 Y102.707 E.00088
;WIDTH:0.391666
G1 X125.067 Y102.689 E.00554
G1 X124.369 Y102.719 E.00766
;WIDTH:0.386337
G1 X124.297 Y102.799 E.00116
;WIDTH:0.419999
G1 X124.225 Y102.878 E.00126
G1 X124.225 Y104.125 E.0147
G1 X123.605 Y104.125 E.00731
;WIDTH:0.44784
G1 X123.199 Y104.119 E.00511
;WIDTH:0.475681
G1 X122.792 Y104.114 E.00546
;WIDTH:0.519328
G1 X122.738 Y104.142 E.00089
;WIDTH:0.562976
G1 X122.684 Y104.171 E.00098
;WIDTH:0.606623
G1 X122.63 Y104.199 E.00105
M204 S1000
;LAYER_CHANGE
;Z:4.97678
;HEIGHT:0.0700002
;BEFORE_LAYER_CHANGE
G92 E0.0
;4.97678


;WIPE_START
G1 F5760
G1 X122.576 Y104.228 E-.02123
G1 X122.582 Y104.143 E-.02951
;WIPE_END
G1 E-.74926 F2100
G1 Z4.977 F7200
;AFTER_LAYER_CHANGE
;4.97678
G1 Z5.577
G1 X132.234 Y97.794
G1 Z4.977
G1 E.8 F2100
M204 S820
;WIDTH:0.520059
G1 F900
G1 X132.368 Y98.083 E.00468
;WIDTH:0.497245
G1 X132.401 Y98.305 E.00315
;WIDTH:0.507509
G1 X132.422 Y98.89 E.00839
G1 X132.42 Y111.358 E.1787
;WIDTH:0.506252
G1 X132.419 Y111.383 E.00036
;WIDTH:0.507264
G1 X132.355 Y111.993 E.00879
;WIDTH:0.519407
G1 X132.181 Y112.251 E.00457
G1 X131.77 Y112.39 E.00637
;WIDTH:0.5075
G1 X131.254 Y112.422 E.00741
G1 X118.589 Y112.42 E.18152
;WIDTH:0.506222
G1 X118.083 Y112.365 E.00728
;WIDTH:0.520468
G1 X117.778 Y112.222 E.00496
G1 X117.653 Y112.005 E.00368
;WIDTH:0.508077
G1 X117.605 Y111.699 E.00444
;WIDTH:0.507489
G1 X117.578 Y111.145 E.00795
G1 X117.58 Y98.642 E.17919
;WIDTH:0.506252
G1 X117.581 Y98.617 E.00036
;WIDTH:0.507266
G1 X117.645 Y98.007 E.00879
;WIDTH:0.519409
G1 X117.819 Y97.749 E.00457
G1 X118.124 Y97.626 E.00483
;WIDTH:0.506268
G1 X118.582 Y97.58 E.00658
;WIDTH:0.5075
G1 X131.244 Y97.578 E.18148
G1 X131.88 Y97.62 E.00914
M73 P48 R7
M73 Q48 S7
;WIDTH:0.520059
G1 X132.18 Y97.767 E.00491
M204 S1000
G1 X131.867 Y98.143 F7200
M204 S820
G1 F900
G1 X131.923 Y98.317 E.00269
;WIDTH:0.507509
G1 X131.929 Y111.358 E.18691
;WIDTH:0.507264
G1 X131.899 Y111.802 E.00638
;WIDTH:0.518589
G1 X131.853 Y111.869 E.00119
G1 X131.643 Y111.925 E.00319
;WIDTH:0.5075
G1 X118.589 Y111.929 E.1871
;WIDTH:0.506222
G1 X118.212 Y111.902 E.0054
;WIDTH:0.50549
G1 X118.094 Y111.786 E.00236
;WIDTH:0.507489
G1 X118.07 Y111.145 E.00919
G1 X118.071 Y98.642 E.17919
;WIDTH:0.507266
G1 X118.101 Y98.198 E.00638
G1 X118.213 Y98.099 E.00214
;WIDTH:0.506268
G1 X118.582 Y98.071 E.00529
;WIDTH:0.5075
G1 X131.244 Y98.07 E.18148
G1 X131.755 Y98.087 E.00733
;WIDTH:0.520059
G1 X131.813 Y98.116 E.00095
M204 S1000
;WIPE_START
G1 F5760
G1 X131.867 Y98.143 E-.02091
G1 X131.923 Y98.317 E-.06331
;WIPE_END
G1 E-.71578 F2100
G1 Z5.577 F7200
G1 X126.184 Y103.716
G1 Z4.977
G1 E.8 F2100
M204 S820
;TYPE:Perimeter
;WIDTH:0.43282
G1 F900
G1 X126.184 Y103.087 E.00765
G1 X126.539 Y103.359 E.00544
G1 X126.848 Y103.716 E.00574
G1 X126.244 Y103.716 E.00734
M204 S1000
;WIPE_START
G1 F5760
G1 X126.184 Y103.716 E-.02078
G1 X126.184 Y103.087 E-.21786
G1 X126.539 Y103.359 E-.1549
G1 X126.848 Y103.716 E-.16353
G1 X126.244 Y103.716 E-.2092
;WIPE_END
G1 E-.03373 F2100
G1 Z5.577 F7200
G1 X127.421 Y104.212
G1 Z4.977
G1 E.8 F2100
M204 S820
;TYPE:External perimeter
;WIDTH:0.698251
G1 F900
G1 X127.447 Y104.437 E.0045
;WIDTH:0.734195
G1 X127.472 Y104.663 E.00476
;WIDTH:0.77014
G1 X127.497 Y104.888 E.00498
G1 X127.48 Y105.149 E.00575
;WIDTH:0.736264
G1 X127.464 Y105.409 E.00547
;WIDTH:0.702388
G1 X127.447 Y105.67 E.00523
;WIDTH:0.668512
G1 X127.414 Y105.806 E.00266
M204 S1000
;WIPE_START
G1 F5760
G1 X127.447 Y105.67 E-.04847
;WIPE_END
G1 E-.75153 F2100
G1 Z5.577 F7200
G1 X126.185 Y106.922
G1 Z4.977
G1 E.8 F2100
M204 S820
;TYPE:Perimeter
;WIDTH:0.435227
G1 F900
G1 X126.185 Y106.285 E.00779
G1 X126.854 Y106.285 E.00818
G1 X126.586 Y106.611 E.00516
G1 X126.232 Y106.885 E.00547
M204 S1000
;WIPE_START
G1 F5760
G1 X126.185 Y106.922 E-.02072
G1 X126.185 Y106.285 E-.22063
G1 X126.854 Y106.285 E-.23171
G1 X126.586 Y106.611 E-.14617
G1 X126.232 Y106.885 E-.15505
;WIPE_END
G1 E-.02572 F2100
G1 Z5.577 F7200
G1 X123.147 Y106.285
G1 Z4.977
G1 E.8 F2100
M204 S820
;WIDTH:0.434857
G1 F900
G1 X123.815 Y106.285 E.00816
G1 X123.815 Y106.916 E.00771
G1 X123.501 Y106.691 E.00472
G1 X123.186 Y106.33 E.00585
M204 S1000
;WIPE_START
G1 F5760
G1 X123.147 Y106.285 E-.02062
G1 X123.815 Y106.285 E-.23136
G1 X123.815 Y106.916 E-.21855
G1 X123.501 Y106.691 E-.13379
G1 X123.186 Y106.33 E-.16594
;WIPE_END
G1 E-.02974 F2100
G1 Z5.577 F7200
G1 X123.147 Y103.715
G1 Z4.977
G1 E.8 F2100
M204 S820
;WIDTH:0.434858
G1 F900
G1 X123.451 Y103.363 E.00568
G1 X123.815 Y103.084 E.0056
G1 X123.815 Y103.715 E.00771
G1 X123.207 Y103.715 E.00743
M204 S1000
G1 X122.728 Y104.28 F7200
M204 S820
;TYPE:External perimeter
;WIDTH:0.365459
G1 F900
G1 X122.705 Y104.464 E.00189
;WIDTH:0.394071
G1 X122.691 Y105 E.00591
G1 X122.714 Y105.373 E.00412
;WIDTH:0.365954
G1 X122.738 Y105.746 E.00382
;WIDTH:0.378918
G1 X122.809 Y105.809 E.00101
;WIDTH:0.419999
G1 X122.88 Y105.872 E.00112
G1 X124.228 Y105.872 E.01589
G1 X124.228 Y107.12 E.01471
G1 X124.29 Y107.197 E.00117
;WIDTH:0.389761
G1 X124.353 Y107.274 E.00109
;WIDTH:0.390375
G1 X124.809 Y107.308 E.005
G1 X125.57 Y107.29 E.00832
;WIDTH:0.375254
G1 X125.697 Y107.247 E.00141
;WIDTH:0.419999
G1 X125.772 Y107.12 E.00174
G1 X125.772 Y105.872 E.01471
G1 X126.452 Y105.872 E.00801
;WIDTH:0.463588
G1 X126.671 Y105.872 E.00286
;WIDTH:0.507177
G1 X126.89 Y105.872 E.00314
;WIDTH:0.550766
G1 X127.109 Y105.871 E.00341
;WIDTH:0.594355
G1 X127.328 Y105.871 E.00369
;WIDTH:0.628401
G1 X127.371 Y105.838 E.00097
;WIDTH:0.662446
G1 X127.414 Y105.806 E.00101
G1 X127.401 Y105.894 E.00168
;WIDTH:0.613957
G1 X127.388 Y105.983 E.00157
;WIDTH:0.565467
G1 X127.376 Y106.072 E.00144
;WIDTH:0.516978
G1 X127.363 Y106.16 E.0013
;WIDTH:0.468489
G1 X127.35 Y106.249 E.00119
;WIDTH:0.419999
G1 X127.213 Y106.498 E.00335
G1 X126.827 Y106.947 E.00698
G1 X126.388 Y107.282 E.00651
G1 X125.869 Y107.552 E.0069
;WIDTH:0.382231
G1 X125.35 Y107.671 E.00569
;WIDTH:0.390375
G1 X124.775 Y107.68 E.00628
G1 X124.209 Y107.587 E.00627
;WIDTH:0.389761
G1 X123.944 Y107.455 E.00323
;WIDTH:0.419999
G1 X123.678 Y107.323 E.0035
G1 X123.198 Y106.971 E.00702
G1 X122.829 Y106.557 E.00654
G1 X122.636 Y106.216 E.00462
;WIDTH:0.378918
G1 X122.443 Y105.874 E.00416
;WIDTH:0.365459
G1 X122.355 Y105.554 E.00338
;WIDTH:0.394071
G1 X122.313 Y104.98 E.00635
G1 X122.354 Y104.629 E.0039
;WIDTH:0.368918
G1 X122.395 Y104.278 E.00364
;WIDTH:0.371786
G1 X122.48 Y104.074 E.00229
;WIDTH:0.399806
G1 X122.565 Y103.869 E.00249
;WIDTH:0.419999
G1 X122.854 Y103.401 E.00648
G1 X123.242 Y102.982 E.00673
G1 X123.709 Y102.656 E.00671
G1 X123.943 Y102.542 E.00307
;WIDTH:0.390867
G1 X124.176 Y102.428 E.00284
;WIDTH:0.361735
G1 X124.399 Y102.372 E.00232
;WIDTH:0.394127
G1 X125.092 Y102.313 E.00767
G1 X125.671 Y102.379 E.00643
;WIDTH:0.388945
G1 X125.926 Y102.489 E.00302
;WIDTH:0.419999
G1 X126.182 Y102.599 E.00328
G1 X126.664 Y102.904 E.00672
G1 X127.07 Y103.304 E.00672
G1 X127.369 Y103.761 E.00644
;WIDTH:0.468461
G1 X127.38 Y103.851 E.0012
;WIDTH:0.516922
G1 X127.39 Y103.941 E.00132
;WIDTH:0.565383
G1 X127.4 Y104.032 E.00147
;WIDTH:0.613845
G1 X127.411 Y104.122 E.00158
;WIDTH:0.662306
G1 X127.421 Y104.212 E.00171
G1 X127.361 Y104.195 E.00117
;WIDTH:0.613845
G1 X127.301 Y104.178 E.00109
;WIDTH:0.565383
G1 X127.24 Y104.161 E.00101
;WIDTH:0.516922
G1 X127.18 Y104.145 E.00091
;WIDTH:0.468461
G1 X127.12 Y104.128 E.00082
;WIDTH:0.419999
G1 X125.772 Y104.128 E.01589
G1 X125.772 Y102.88 E.01471
G1 X125.714 Y102.806 E.00111
;WIDTH:0.388026
G1 X125.655 Y102.733 E.00102
;WIDTH:0.359495
G1 X125.57 Y102.708 E.00089
;WIDTH:0.394127
G1 X125.066 Y102.691 E.00556
G1 X124.371 Y102.721 E.00768
;WIDTH:0.387656
G1 X124.299 Y102.8 E.00116
;WIDTH:0.419999
G1 X124.228 Y102.88 E.00126
G1 X124.228 Y104.128 E.01471
G1 X122.808 Y104.152 E.01674
;WIDTH:0.399806
G1 X122.768 Y104.216 E.00085
;WIDTH:0.367608
G1 X122.76 Y104.229 E.00016
M204 S1000
;LAYER_CHANGE
;Z:5.04678
;HEIGHT:0.0699997
;BEFORE_LAYER_CHANGE
G92 E0.0
;5.04678


;WIPE_START
G1 F5760
G1 X122.728 Y104.28 E-.02085
G1 X122.705 Y104.464 E-.06423
;WIPE_END
G1 E-.71492 F2100
G1 Z5.047 F7200
;AFTER_LAYER_CHANGE
;5.04678
G1 Z5.647
G1 X132.16 Y97.777
G1 Z5.047
M73 P49 R7
M73 Q49 S7
G1 E.8 F2100
M204 S820
;WIDTH:0.507716
G1 F900
G1 X132.294 Y97.944 E.00307
;WIDTH:0.505925
G1 X132.39 Y98.431 E.00709
;WIDTH:0.50751
G1 X132.403 Y99.132 E.01005
G1 X132.4 Y111.28 E.17411
;WIDTH:0.505266
G1 X132.369 Y111.689 E.00585
;WIDTH:0.49932
G1 X132.312 Y111.994 E.00437
;WIDTH:0.510294
G1 X132.14 Y112.234 E.00426
G1 X131.721 Y112.368 E.00634
;WIDTH:0.507476
G1 X131.155 Y112.403 E.00813
G1 X118.862 Y112.403 E.17618
G1 X118.148 Y112.355 E.01026
;WIDTH:0.513333
G1 X117.811 Y112.203 E.00536
G1 X117.68 Y111.978 E.00378
;WIDTH:0.501107
G1 X117.631 Y111.678 E.0043
;WIDTH:0.507508
G1 X117.597 Y110.86 E.01173
G1 X117.6 Y98.72 E.174
;WIDTH:0.505267
G1 X117.661 Y98.094 E.00897
;WIDTH:0.511225
G1 X117.8 Y97.806 E.00462
G1 X118.126 Y97.663 E.00514
;WIDTH:0.505304
G1 X118.631 Y97.6 E.00726
;WIDTH:0.507504
G1 X131.107 Y97.597 E.17881
G1 X131.805 Y97.64 E.01002
;WIDTH:0.507716
G1 X132.104 Y97.755 E.00459
M204 S1000
G1 X131.836 Y98.159 F7200
M204 S820
G1 F900
G1 X131.902 Y98.335 E.0027
;WIDTH:0.50751
G1 X131.91 Y111.28 E.18554
;WIDTH:0.505266
G1 X131.879 Y111.778 E.00712
;WIDTH:0.499245
G1 X131.759 Y111.88 E.00222
;WIDTH:0.507476
G1 X131.149 Y111.911 E.00875
G1 X118.335 Y111.9 E.18365
;WIDTH:0.513333
G1 X118.157 Y111.838 E.00273
G1 X118.1 Y111.665 E.00264
;WIDTH:0.507508
G1 X118.09 Y98.72 E.18554
;WIDTH:0.505267
G1 X118.121 Y98.222 E.00712
;WIDTH:0.499243
G1 X118.227 Y98.125 E.00202
;WIDTH:0.505304
G1 X118.642 Y98.09 E.00594
;WIDTH:0.507504
G1 X131.665 Y98.1 E.18665
;WIDTH:0.507716
G1 X131.779 Y98.139 E.00173
M204 S1000
;WIPE_START
G1 F5760
G1 X131.836 Y98.159 E-.02092
G1 X131.902 Y98.335 E-.0651
;WIPE_END
G1 E-.71398 F2100
G1 Z5.647 F7200
G1 X126.183 Y103.085
G1 Z5.047
G1 E.8 F2100
M204 S820
;TYPE:Perimeter
;WIDTH:0.43526
G1 F900
G1 X126.54 Y103.358 E.0055
G1 X126.851 Y103.717 E.00581
G1 X126.183 Y103.717 E.00817
G1 X126.183 Y103.145 E.007
M204 S1000
;WIPE_START
G1 F5760
G1 X126.183 Y103.085 E-.02078
G1 X126.54 Y103.358 E-.15566
G1 X126.851 Y103.717 E-.16451
G1 X126.183 Y103.717 E-.23136
G1 X126.183 Y103.145 E-.19811
;WIPE_END
G1 E-.02958 F2100
G1 Z5.647 F7200
G1 X123.145 Y103.716
G1 Z5.047
G1 E.8 F2100
M204 S820
;WIDTH:0.437313
G1 F900
G1 X123.45 Y103.362 E.00574
G1 X123.816 Y103.082 E.00566
G1 X123.816 Y103.716 E.00779
G1 X123.205 Y103.716 E.00751
M204 S1000
;WIPE_START
G1 F5760
M73 P50 R7
G1 X123.145 Y103.716 E-.02078
G1 X123.45 Y103.362 E-.16184
M73 Q50 S7
G1 X123.816 Y103.082 E-.15961
G1 X123.816 Y103.716 E-.21959
G1 X123.205 Y103.716 E-.21162
;WIPE_END
G1 E-.02656 F2100
G1 Z5.647 F7200
G1 X123.816 Y106.284
G1 Z5.047
G1 E.8 F2100
M204 S820
;WIDTH:0.437312
G1 F900
G1 X123.816 Y106.918 E.00779
G1 X123.5 Y106.691 E.00478
G1 X123.145 Y106.284 E.00664
G1 X123.756 Y106.284 E.00751
M204 S1000
;WIPE_START
G1 F5760
G1 X123.816 Y106.284 E-.02078
G1 X123.816 Y106.918 E-.21959
G1 X123.5 Y106.691 E-.13476
G1 X123.145 Y106.284 E-.18705
G1 X123.756 Y106.284 E-.21162
;WIPE_END
G1 E-.0262 F2100
G1 Z5.647 F7200
G1 X126.857 Y106.284
G1 Z5.047
G1 E.8 F2100
M204 S820
;WIDTH:0.437718
G1 F900
G1 X126.586 Y106.613 E.00524
G1 X126.184 Y106.924 E.00625
G1 X126.184 Y106.284 E.00787
G1 X126.797 Y106.284 E.00754
M204 S1000
G1 X127.538 Y105.909 F7200
M204 S820
;TYPE:External perimeter
;WIDTH:0.381732
G1 F900
G1 X127.518 Y105.987 E.00086
;WIDTH:0.392026
G1 X127.366 Y106.244 E.00328
;WIDTH:0.419999
G1 X127.214 Y106.501 E.00352
G1 X126.827 Y106.95 E.00699
G1 X126.388 Y107.285 E.00651
G1 X125.872 Y107.553 E.00685
;WIDTH:0.384751
G1 X125.349 Y107.672 E.00577
;WIDTH:0.392783
G1 X124.774 Y107.681 E.00632
G1 X124.208 Y107.587 E.00631
;WIDTH:0.391228
G1 X123.942 Y107.456 E.00325
;WIDTH:0.419999
G1 X123.676 Y107.325 E.00349
G1 X123.196 Y106.972 E.00702
G1 X122.827 Y106.558 E.00654
G1 X122.634 Y106.216 E.00463
;WIDTH:0.380311
G1 X122.441 Y105.873 E.00418
;WIDTH:0.367912
G1 X122.354 Y105.554 E.0034
;WIDTH:0.396509
G1 X122.311 Y104.98 E.00639
G1 X122.362 Y104.409 E.00636
;WIDTH:0.400719
G1 X122.563 Y103.868 E.00648
;WIDTH:0.419999
G1 X122.852 Y103.399 E.00649
G1 X123.24 Y102.981 E.00672
G1 X123.707 Y102.654 E.00672
G1 X123.942 Y102.54 E.00308
;WIDTH:0.392311
G1 X124.176 Y102.427 E.00285
;WIDTH:0.364623
G1 X124.401 Y102.371 E.00236
;WIDTH:0.396587
G1 X125.091 Y102.312 E.00769
G1 X125.743 Y102.402 E.00731
;WIDTH:0.388118
G1 X125.988 Y102.515 E.00293
;WIDTH:0.419999
G1 X126.232 Y102.628 E.00317
G1 X126.706 Y102.942 E.0067
G1 X127.101 Y103.346 E.00666
G1 X127.393 Y103.802 E.00638
G1 X127.506 Y104.054 E.00325
;WIDTH:0.385291
G1 X127.619 Y104.306 E.00298
;WIDTH:0.394989
G1 X127.687 Y104.896 E.00657
G1 X127.661 Y105.43 E.00591
;WIDTH:0.381732
G1 X127.553 Y105.851 E.00464
M204 S1000
;WIPE_START
G1 F5760
G1 X127.538 Y105.909 E-.02075
G1 X127.518 Y105.987 E-.02789
;WIPE_END
G1 E-.75136 F2100
G1 Z5.647 F7200
G1 X122.729 Y104.282
G1 Z5.047
G1 E.8 F2100
M204 S820
;WIDTH:0.369446
G1 F900
G1 X122.77 Y104.218 E.00078
;WIDTH:0.400719
G1 X122.81 Y104.154 E.00085
;WIDTH:0.419999
G1 X124.23 Y104.13 E.01674
G1 X124.23 Y102.964 E.01374
G1 X124.23 Y102.883 E.00095
G1 X124.301 Y102.802 E.00127
;WIDTH:0.388974
G1 X124.373 Y102.722 E.00117
;WIDTH:0.396587
G1 X125.065 Y102.692 E.00769
G1 X125.567 Y102.709 E.00558
;WIDTH:0.362159
G1 X125.653 Y102.734 E.0009
;WIDTH:0.389411
G1 X125.712 Y102.808 E.00103
;WIDTH:0.419999
G1 X125.77 Y102.883 E.00112
G1 X125.77 Y104.13 E.0147
G1 X127.117 Y104.13 E.01588
G1 X127.198 Y104.215 E.00138
;WIDTH:0.381921
G1 X127.279 Y104.3 E.00125
;WIDTH:0.369416
G1 X127.293 Y104.593 E.00303
;WIDTH:0.394989
G1 X127.307 Y104.886 E.00324
G1 X127.295 Y105.277 E.00433
;WIDTH:0.369765
G1 X127.282 Y105.667 E.00403
;WIDTH:0.364052
G1 X127.242 Y105.789 E.0013
;WIDTH:0.392026
G1 X127.18 Y105.83 E.00082
;WIDTH:0.419999
G1 X127.117 Y105.87 E.00088
G1 X125.77 Y105.87 E.01588
G1 X125.77 Y107.117 E.0147
G1 X125.697 Y107.244 E.00173
;WIDTH:0.377698
G1 X125.567 Y107.289 E.00145
;WIDTH:0.392783
G1 X124.808 Y107.306 E.00835
G1 X124.354 Y107.272 E.00501
;WIDTH:0.391228
G1 X124.292 Y107.195 E.00108
;WIDTH:0.419999
G1 X124.23 Y107.117 E.00117
G1 X124.23 Y105.87 E.0147
G1 X122.883 Y105.87 E.01588
G1 X122.811 Y105.807 E.00113
;WIDTH:0.380311
G1 X122.739 Y105.745 E.00101
;WIDTH:0.368566
G1 X122.716 Y105.372 E.00385
;WIDTH:0.396509
G1 X122.692 Y105 E.00414
G1 X122.706 Y104.465 E.00594
;WIDTH:0.367912
G1 X122.722 Y104.341 E.00128
M204 S1000
;LAYER_CHANGE
;Z:5.11678
;HEIGHT:0.0700002
;BEFORE_LAYER_CHANGE
G92 E0.0
;5.11678


;WIPE_START
G1 F5760
G1 X122.729 Y104.282 E-.02058
G1 X122.77 Y104.218 E-.02633
;WIPE_END
G1 E-.75309 F2100
G1 Z5.117 F7200
;AFTER_LAYER_CHANGE
;5.11678
G1 Z5.717
G1 X132.13 Y97.805
G1 Z5.117
G1 E.8 F2100
M204 S820
;WIDTH:0.498258
G1 F900
G1 X132.272 Y97.984 E.00321
;WIDTH:0.496627
G1 X132.366 Y98.465 E.00687
;WIDTH:0.507295
G1 X132.384 Y99.382 E.01314
G1 X132.382 Y110.955 E.1658
;WIDTH:0.505956
G1 X132.342 Y111.691 E.01053
;WIDTH:0.500869
G1 X132.241 Y112.066 E.00549
G1 X132.062 Y112.242 E.00355
;WIDTH:0.500042
G1 X131.663 Y112.345 E.00582
;WIDTH:0.507507
G1 X130.953 Y112.385 E.01019
G1 X118.93 Y112.384 E.17232
;WIDTH:0.507067
G1 X118.334 Y112.346 E.00855
;WIDTH:0.49629
G1 X118.02 Y112.277 E.0045
;WIDTH:0.50385
G1 X117.812 Y112.138 E.00356
G1 X117.677 Y111.866 E.00432
;WIDTH:0.501098
G1 X117.625 Y111.367 E.0071
;WIDTH:0.507295
G1 X117.621 Y98.803 E.18
;WIDTH:0.503684
G1 X117.657 Y98.33 E.00675
;WIDTH:0.489777
G1 X117.722 Y98.026 E.0043
;WIDTH:0.500558
G1 X117.893 Y97.791 E.00411
G1 X118.298 Y97.661 E.00601
;WIDTH:0.506401
G1 X118.858 Y97.617 E.00803
;WIDTH:0.50707
G1 X131.063 Y97.616 E.17477
G1 X131.765 Y97.663 E.01008
;WIDTH:0.498258
G1 X132.074 Y97.783 E.00466
M204 S1000
G1 X131.813 Y98.18 F7200
M204 S820
G1 F900
G1 X131.88 Y98.354 E.00262
;WIDTH:0.507295
G1 X131.891 Y110.955 E.18053
;WIDTH:0.505956
G1 X131.887 Y111.487 E.0076
M73 P51 R7
M73 Q51 S7
;WIDTH:0.500869
G1 X131.842 Y111.79 E.00433
G1 X131.704 Y111.873 E.00228
;WIDTH:0.507507
G1 X130.953 Y111.892 E.01077
G1 X118.93 Y111.892 E.17232
;WIDTH:0.507067
G1 X118.354 Y111.88 E.00825
;WIDTH:0.50385
G1 X118.179 Y111.816 E.00265
G1 X118.119 Y111.646 E.00256
;WIDTH:0.507295
G1 X118.11 Y98.803 E.18399
;WIDTH:0.503684
G1 X118.121 Y98.354 E.00639
;WIDTH:0.50213
G1 X118.184 Y98.18 E.00262
G1 X118.354 Y98.121 E.00255
;WIDTH:0.506401
G1 X118.858 Y98.108 E.00721
;WIDTH:0.50707
G1 X131.646 Y98.12 E.18312
;WIDTH:0.498258
G1 X131.756 Y98.16 E.00165
M204 S1000
;WIPE_START
G1 F5760
G1 X131.813 Y98.18 E-.02092
G1 X131.88 Y98.354 E-.06458
;WIPE_END
G1 E-.7145 F2100
G1 Z5.717 F7200
G1 X126.853 Y103.719
G1 Z5.117
G1 E.8 F2100
M204 S820
;TYPE:Perimeter
;WIDTH:0.437699
G1 F900
G1 X126.181 Y103.719 E.00827
G1 X126.181 Y103.082 E.00784
G1 X126.541 Y103.357 E.00557
G1 X126.814 Y103.673 E.00514
M204 S1000
;WIPE_START
G1 F5760
G1 X126.853 Y103.719 E-.02089
G1 X126.181 Y103.719 E-.23275
G1 X126.181 Y103.082 E-.22063
G1 X126.541 Y103.357 E-.1569
G1 X126.814 Y103.673 E-.14464
;WIPE_END
G1 E-.02419 F2100
G1 Z5.717 F7200
G1 X123.818 Y103.718
G1 Z5.117
G1 E.8 F2100
M204 S820
;WIDTH:0.439769
G1 F900
G1 X123.143 Y103.718 E.00834
G1 X123.449 Y103.361 E.00581
G1 X123.818 Y103.08 E.00573
G1 X123.818 Y103.658 E.00714
M204 S1000
;WIPE_START
G1 F5760
G1 X123.818 Y103.718 E-.02078
G1 X123.143 Y103.718 E-.23379
G1 X123.449 Y103.361 E-.16285
G1 X123.818 Y103.08 E-.16064
G1 X123.818 Y103.658 E-.20019
;WIPE_END
G1 E-.02175 F2100
G1 Z5.717 F7200
G1 X123.818 Y106.282
G1 Z5.117
G1 E.8 F2100
M204 S820
;WIDTH:0.439767
G1 F900
G1 X123.818 Y106.92 E.00789
G1 X123.498 Y106.692 E.00486
G1 X123.143 Y106.282 E.0067
G1 X123.758 Y106.282 E.0076
M204 S1000
;WIPE_START
G1 F5760
G1 X123.818 Y106.282 E-.02078
G1 X123.818 Y106.92 E-.22097
G1 X123.498 Y106.692 E-.13609
G1 X123.143 Y106.282 E-.18784
G1 X123.758 Y106.282 E-.21301
;WIPE_END
G1 E-.02131 F2100
G1 Z5.717 F7200
G1 X126.859 Y106.283
G1 Z5.117
G1 E.8 F2100
M204 S820
;WIDTH:0.440208
G1 F900
G1 X126.586 Y106.615 E.00532
G1 X126.183 Y106.926 E.0063
G1 X126.183 Y106.283 E.00796
G1 X126.799 Y106.283 E.00762
M204 S1000
G1 X127.539 Y105.909 F7200
M204 S820
;TYPE:External perimeter
;WIDTH:0.384028
G1 F900
G1 X127.519 Y105.99 E.0009
;WIDTH:0.393257
G1 X127.367 Y106.247 E.00329
;WIDTH:0.419999
G1 X127.215 Y106.504 E.00352
G1 X126.828 Y106.953 E.00699
G1 X126.389 Y107.288 E.00651
G1 X125.875 Y107.553 E.00682
;WIDTH:0.387272
G1 X125.347 Y107.673 E.00587
;WIDTH:0.395191
G1 X124.772 Y107.682 E.00636
G1 X124.207 Y107.588 E.00634
;WIDTH:0.392698
G1 X123.941 Y107.457 E.00326
;WIDTH:0.419999
G1 X123.674 Y107.326 E.00351
G1 X123.194 Y106.974 E.00702
G1 X122.825 Y106.559 E.00655
G1 X122.632 Y106.216 E.00464
;WIDTH:0.381702
G1 X122.44 Y105.872 E.0042
;WIDTH:0.370363
G1 X122.353 Y105.554 E.00341
;WIDTH:0.398947
G1 X122.31 Y104.98 E.00643
G1 X122.361 Y104.409 E.00641
;WIDTH:0.401615
G1 X122.562 Y103.868 E.00649
;WIDTH:0.419999
G1 X122.85 Y103.398 E.0065
G1 X123.237 Y102.979 E.00672
G1 X123.705 Y102.652 E.00673
G1 X123.941 Y102.539 E.00308
;WIDTH:0.393755
G1 X124.176 Y102.426 E.00287
;WIDTH:0.36751
G1 X124.403 Y102.369 E.0024
;WIDTH:0.39905
G1 X125.09 Y102.311 E.00771
G1 X125.742 Y102.4 E.00735
;WIDTH:0.389492
G1 X125.989 Y102.514 E.00296
;WIDTH:0.419999
G1 X126.235 Y102.627 E.00319
G1 X126.707 Y102.939 E.00667
G1 X127.102 Y103.344 E.00667
G1 X127.395 Y103.8 E.00639
G1 X127.508 Y104.054 E.00328
;WIDTH:0.386691
G1 X127.62 Y104.308 E.003
;WIDTH:0.397397
G1 X127.688 Y104.894 E.00656
G1 X127.662 Y105.433 E.00601
;WIDTH:0.384028
G1 X127.554 Y105.851 E.00464
M204 S1000
;WIPE_START
G1 F5760
G1 X127.539 Y105.909 E-.02075
G1 X127.519 Y105.99 E-.0289
;WIPE_END
G1 E-.75035 F2100
G1 Z5.717 F7200
G1 X122.73 Y104.284
G1 Z5.117
G1 E.8 F2100
M204 S820
;WIDTH:0.371275
G1 F900
G1 X122.771 Y104.22 E.00079
;WIDTH:0.401615
G1 X122.812 Y104.156 E.00086
;WIDTH:0.419999
G1 X124.233 Y104.133 E.01675
G1 X124.233 Y102.885 E.01471
G1 X124.304 Y102.804 E.00127
;WIDTH:0.390294
G1 X124.375 Y102.723 E.00118
;WIDTH:0.39905
G1 X125.064 Y102.693 E.00771
G1 X125.565 Y102.71 E.0056
;WIDTH:0.364826
G1 X125.652 Y102.735 E.00092
;WIDTH:0.390795
G1 X125.71 Y102.81 E.00104
;WIDTH:0.419999
G1 X125.767 Y102.885 E.00111
G1 X125.767 Y104.133 E.01471
G1 X127.115 Y104.133 E.01589
G1 X127.192 Y104.204 E.00123
;WIDTH:0.382039
G1 X127.268 Y104.275 E.00111
;WIDTH:0.370738
G1 X127.287 Y104.579 E.00315
;WIDTH:0.397397
G1 X127.306 Y104.883 E.00339
G1 X127.299 Y105.385 E.00559
;WIDTH:0.384028
G1 X127.24 Y105.788 E.00437
;WIDTH:0.393257
G1 X127.178 Y105.828 E.00081
;WIDTH:0.419999
G1 X127.115 Y105.867 E.00087
G1 X125.767 Y105.867 E.01589
G1 X125.767 Y107.115 E.01471
G1 X125.696 Y107.242 E.00171
;WIDTH:0.38009
G1 X125.565 Y107.288 E.00148
;WIDTH:0.395191
G1 X124.807 Y107.305 E.00839
G1 X124.355 Y107.271 E.00502
;WIDTH:0.392698
G1 X124.294 Y107.193 E.00109
;WIDTH:0.419999
G1 X124.233 Y107.115 E.00117
G1 X124.233 Y105.867 E.01471
G1 X122.885 Y105.867 E.01589
G1 X122.813 Y105.839 E.00091
;WIDTH:0.391534
G1 X122.718 Y105.665 E.00217
;WIDTH:0.398947
G1 X122.693 Y105 E.00744
G1 X122.707 Y104.465 E.00598
;WIDTH:0.370364
G1 X122.723 Y104.343 E.00127
M204 S1000
;LAYER_CHANGE
;Z:5.18678
;HEIGHT:0.0700002
;BEFORE_LAYER_CHANGE
G92 E0.0
;5.18678


;WIPE_START
G1 F5760
G1 X122.73 Y104.284 E-.02058
G1 X122.771 Y104.22 E-.02633
;WIPE_END
G1 E-.75309 F2100
G1 Z5.187 F7200
;AFTER_LAYER_CHANGE
;5.18678
G1 Z5.787
G1 X132.067 Y97.808
G1 Z5.187
G1 E.8 F2100
M204 S820
;WIDTH:0.491476
G1 F900
G1 X132.248 Y98.02 E.00387
G1 X132.321 Y98.357 E.00478
;WIDTH:0.504294
G1 X132.361 Y99.137 E.01112
;WIDTH:0.504435
G1 X132.361 Y110.855 E.1669
G1 X132.314 Y111.726 E.01242
M73 P52 R7
M73 Q52 S7
;WIDTH:0.4929
G1 X132.204 Y112.058 E.00486
G1 X132.022 Y112.216 E.00335
;WIDTH:0.488697
G1 X131.672 Y112.307 E.00499
;WIDTH:0.506549
G1 X130.97 Y112.364 E.01007
;WIDTH:0.507495
G1 X119.221 Y112.366 E.16839
G1 X118.342 Y112.323 E.01261
;WIDTH:0.487649
G1 X117.901 Y112.166 E.00644
G1 X117.746 Y111.966 E.00348
G1 X117.679 Y111.643 E.00454
;WIDTH:0.504435
G1 X117.639 Y110.846 E.01137
;WIDTH:0.50569
G1 X117.637 Y99.536 E.1615
G1 X117.676 Y98.349 E.01696
;WIDTH:0.492605
G1 X117.775 Y97.976 E.00536
G1 X117.971 Y97.785 E.0038
;WIDTH:0.490055
G1 X118.352 Y97.682 E.00546
;WIDTH:0.506547
G1 X119.041 Y97.636 E.00988
G1 X131.011 Y97.637 E.17123
;WIDTH:0.505864
G1 X131.749 Y97.692 E.01057
;WIDTH:0.491231
G1 X132.011 Y97.788 E.00387
M204 S1000
G1 X131.785 Y98.195 F7200
M204 S820
;WIDTH:0.491213
G1 F900
G1 X131.858 Y98.357 E.00246
;WIDTH:0.504294
G1 X131.872 Y99.137 E.01111
;WIDTH:0.504435
G1 X131.867 Y111.427 E.17505
;WIDTH:0.49409
G1 X131.825 Y111.756 E.00462
;WIDTH:0.487528
G1 X131.71 Y111.839 E.00195
;WIDTH:0.506549
G1 X130.97 Y111.873 E.0106
;WIDTH:0.507495
G1 X118.64 Y111.868 E.17672
;WIDTH:0.4978
G1 X118.288 Y111.839 E.00496
;WIDTH:0.485618
G1 X118.162 Y111.732 E.00226
;WIDTH:0.504435
G1 X118.128 Y110.846 E.01263
;WIDTH:0.50569
G1 X118.131 Y98.72 E.17316
;WIDTH:0.498222
G1 X118.152 Y98.298 E.00594
;WIDTH:0.493443
G1 X118.202 Y98.205 E.00147
G1 X118.373 Y98.142 E.00254
;WIDTH:0.506547
G1 X119.041 Y98.127 E.00956
G1 X131.011 Y98.127 E.17123
;WIDTH:0.505864
G1 X131.627 Y98.14 E.0088
;WIDTH:0.491213
G1 X131.728 Y98.175 E.00148
M204 S1000
;WIPE_START
G1 F5760
G1 X131.785 Y98.195 E-.02092
G1 X131.858 Y98.357 E-.06154
;WIPE_END
G1 E-.71754 F2100
G1 Z5.787 F7200
G1 X126.855 Y103.72
G1 Z5.187
G1 E.8 F2100
M204 S820
;TYPE:Perimeter
;WIDTH:0.440138
G1 F900
G1 X126.18 Y103.72 E.00835
G1 X126.18 Y103.08 E.00792
G1 X126.541 Y103.356 E.00562
G1 X126.816 Y103.674 E.0052
M204 S1000
;WIPE_START
G1 F5760
G1 X126.855 Y103.72 E-.02089
G1 X126.18 Y103.72 E-.23379
G1 X126.18 Y103.08 E-.22167
G1 X126.541 Y103.356 E-.15739
G1 X126.816 Y103.674 E-.14561
;WIPE_END
G1 E-.02065 F2100
G1 Z5.787 F7200
G1 X123.141 Y103.719
G1 Z5.187
G1 E.8 F2100
M204 S820
;WIDTH:0.442224
G1 F900
G1 X123.449 Y103.36 E.00588
G1 X123.819 Y103.077 E.00579
G1 X123.819 Y103.719 E.00798
M73 P52 R6
G1 X123.201 Y103.719 E.00768
M204 S1000
;WIPE_START
G1 F5760
G1 X123.141 Y103.719 E-.02078
G1 X123.449 Y103.36 E-.16383
G1 X123.819 Y103.077 E-.16134
G1 X123.819 Y103.719 E-.22236
G1 X123.201 Y103.719 E-.21405
;WIPE_END
G1 E-.01764 F2100
G1 Z5.787 F7200
G1 X123.819 Y106.281
G1 Z5.187
M73 Q52 S6
G1 E.8 F2100
M204 S820
;WIDTH:0.442222
G1 F900
G1 X123.819 Y106.923 E.00798
G1 X123.497 Y106.692 E.00493
G1 X123.141 Y106.281 E.00676
G1 X123.759 Y106.281 E.00768
M204 S1000
;WIPE_START
G1 F5760
G1 X123.819 Y106.281 E-.02078
G1 X123.819 Y106.923 E-.22236
G1 X123.497 Y106.692 E-.13726
G1 X123.141 Y106.281 E-.18833
G1 X123.759 Y106.281 E-.21405
;WIPE_END
G1 E-.01722 F2100
M73 P53 R6
M73 Q53 S6
G1 Z5.787 F7200
G1 X126.862 Y106.281
G1 Z5.187
G1 E.8 F2100
M204 S820
;WIDTH:0.442699
G1 F900
G1 X126.586 Y106.617 E.00541
G1 X126.181 Y106.928 E.00636
G1 X126.181 Y106.281 E.00805
G1 X126.802 Y106.281 E.00773
M204 S1000
G1 X127.54 Y105.909 F7200
M204 S820
;TYPE:External perimeter
;WIDTH:0.386325
G1 F900
G1 X127.519 Y105.992 E.00093
;WIDTH:0.394467
G1 X127.367 Y106.25 E.00331
;WIDTH:0.419999
G1 X127.216 Y106.507 E.00351
G1 X126.828 Y106.956 E.00699
G1 X126.389 Y107.291 E.00651
G1 X125.878 Y107.553 E.00677
;WIDTH:0.389793
G1 X125.346 Y107.675 E.00595
;WIDTH:0.3976
G1 X124.771 Y107.683 E.0064
G1 X124.206 Y107.589 E.00638
;WIDTH:0.394172
G1 X123.939 Y107.458 E.00328
;WIDTH:0.419999
G1 X123.672 Y107.328 E.0035
G1 X123.192 Y106.975 E.00702
G1 X122.822 Y106.56 E.00655
G1 X122.537 Y106.095 E.00643
;WIDTH:0.392708
G1 X122.352 Y105.554 E.00628
;WIDTH:0.401385
G1 X122.309 Y104.979 E.00648
G1 X122.36 Y104.409 E.00643
;WIDTH:0.402493
G1 X122.56 Y103.867 E.00651
;WIDTH:0.419999
G1 X122.847 Y103.397 E.00649
G1 X123.235 Y102.978 E.00673
G1 X123.704 Y102.65 E.00675
G1 X124.177 Y102.425 E.00617
;WIDTH:0.370399
G1 X124.406 Y102.368 E.00244
;WIDTH:0.40151
G1 X125.089 Y102.31 E.00771
G1 X125.74 Y102.399 E.00739
;WIDTH:0.390866
G1 X125.989 Y102.513 E.003
;WIDTH:0.419999
G1 X126.238 Y102.626 E.00322
G1 X126.707 Y102.937 E.00663
G1 X127.103 Y103.341 E.00667
G1 X127.396 Y103.797 E.00639
G1 X127.509 Y104.054 E.00331
;WIDTH:0.388091
G1 X127.622 Y104.31 E.00304
;WIDTH:0.399807
G1 X127.689 Y104.891 E.00655
G1 X127.663 Y105.435 E.0061
;WIDTH:0.386325
G1 X127.555 Y105.851 E.00464
M204 S1000
;WIPE_START
G1 F5760
G1 X127.54 Y105.909 E-.02075
G1 X127.519 Y105.992 E-.02965
;WIPE_END
G1 E-.7496 F2100
G1 Z5.787 F7200
G1 X122.731 Y104.286
G1 Z5.187
G1 E.8 F2100
M204 S820
;WIDTH:0.373095
G1 F900
G1 X122.772 Y104.222 E.00079
;WIDTH:0.402493
G1 X122.813 Y104.159 E.00085
;WIDTH:0.419999
G1 X124.235 Y104.135 E.01676
G1 X124.235 Y102.965 E.01379
G1 X124.235 Y102.887 E.00092
G1 X124.306 Y102.806 E.00127
;WIDTH:0.391613
G1 X124.377 Y102.724 E.00119
;WIDTH:0.40151
G1 X125.063 Y102.694 E.00772
G1 X125.563 Y102.711 E.00563
;WIDTH:0.36749
G1 X125.65 Y102.736 E.00093
;WIDTH:0.392179
G1 X125.707 Y102.812 E.00104
;WIDTH:0.419999
G1 X125.765 Y102.887 E.00112
G1 X125.765 Y104.135 E.01471
G1 X127.113 Y104.135 E.01589
G1 X127.19 Y104.206 E.00123
;WIDTH:0.383392
G1 X127.267 Y104.277 E.00112
;WIDTH:0.373296
G1 X127.286 Y104.579 E.00316
;WIDTH:0.399807
G1 X127.305 Y104.881 E.00339
G1 X127.298 Y105.387 E.00567
;WIDTH:0.386325
G1 X127.263 Y105.732 E.00375
;WIDTH:0.383446
G1 X127.188 Y105.799 E.00108
;WIDTH:0.419999
G1 X127.113 Y105.865 E.00118
G1 X125.765 Y105.865 E.01589
G1 X125.765 Y107.113 E.01471
G1 X125.696 Y107.239 E.00169
;WIDTH:0.382426
G1 X125.563 Y107.287 E.00151
;WIDTH:0.3976
G1 X124.806 Y107.304 E.00843
G1 X124.356 Y107.269 E.00503
;WIDTH:0.394172
G1 X124.295 Y107.191 E.00109
;WIDTH:0.419999
G1 X124.235 Y107.113 E.00116
G1 X124.235 Y105.865 E.01471
G1 X122.887 Y105.865 E.01589
G1 X122.815 Y105.837 E.00091
;WIDTH:0.392708
G1 X122.719 Y105.663 E.00218
;WIDTH:0.401385
G1 X122.694 Y105 E.00746
G1 X122.709 Y104.465 E.00602
;WIDTH:0.372818
G1 X122.724 Y104.345 E.00126
M204 S1000
;LAYER_CHANGE
;Z:5.25678
;HEIGHT:0.0699997
;BEFORE_LAYER_CHANGE
G92 E0.0
;5.25678


;WIPE_START
G1 F5760
G1 X122.731 Y104.286 E-.02058
G1 X122.772 Y104.222 E-.02633
;WIPE_END
G1 E-.75309 F2100
G1 Z5.257 F7200
;AFTER_LAYER_CHANGE
;5.25678
G1 Z5.857
G1 X131.993 Y97.815
G1 Z5.257
G1 E.8 F2100
M204 S820
;WIDTH:0.480711
G1 F900
G1 X132.201 Y98.02 E.00396
G1 X132.283 Y98.313 E.00412
;WIDTH:0.496221
G1 X132.33 Y98.846 E.00749
;WIDTH:0.502011
G1 X132.339 Y99.63 E.01111
G1 X132.337 Y110.748 E.15757
;WIDTH:0.500751
G1 X132.321 Y111.375 E.00887
;WIDTH:0.490553
G1 X132.242 Y111.877 E.00703
;WIDTH:0.477212
G1 X132.061 Y112.142 E.00432
G1 X131.794 Y112.257 E.00391
;WIDTH:0.497131
G1 X131.233 Y112.331 E.00794
;WIDTH:0.507509
G1 X130.515 Y112.347 E.01029
G1 X119.164 Y112.345 E.16269
;WIDTH:0.506014
G1 X118.269 Y112.279 E.01282
;WIDTH:0.479619
G1 X117.946 Y112.139 E.00476
G1 X117.824 Y112.001 E.00249
;WIDTH:0.475179
G1 X117.733 Y111.787 E.00311
;WIDTH:0.495257
G1 X117.671 Y111.206 E.00817
;WIDTH:0.50201
G1 X117.667 Y98.974 E.17336
;WIDTH:0.498154
G1 X117.721 Y98.244 E.01029
;WIDTH:0.482316
G1 X117.869 Y97.921 E.00483
G1 X118.161 Y97.752 E.00459
;WIDTH:0.490209
G1 X118.599 Y97.679 E.00614
;WIDTH:0.50601
G1 X119.165 Y97.655 E.00809
;WIDTH:0.507246
G1 X130.593 Y97.653 E.16371
G1 X131.64 Y97.714 E.01502
;WIDTH:0.477226
G1 X131.937 Y97.796 E.00414
M204 S1000
G1 X131.801 Y98.261 F7200
M204 S820
;WIDTH:0.480711
G1 F900
G1 X131.836 Y98.392 E.00184
;WIDTH:0.502011
G1 X131.852 Y99.63 E.01755
G1 X131.851 Y110.748 E.15757
;WIDTH:0.500751
G1 X131.846 Y111.357 E.00861
;WIDTH:0.490553
G1 X131.814 Y111.712 E.00493
;WIDTH:0.475638
G1 X131.683 Y111.821 E.00228
;WIDTH:0.507509
G1 X130.515 Y111.855 E.01675
G1 X119.164 Y111.854 E.16269
;WIDTH:0.506014
G1 X118.392 Y111.837 E.01103
M73 P54 R6
M73 Q54 S6
;WIDTH:0.478667
G1 X118.227 Y111.771 E.0024
G1 X118.161 Y111.608 E.00237
;WIDTH:0.50201
G1 X118.15 Y98.974 E.17906
;WIDTH:0.498154
G1 X118.162 Y98.392 E.00818
;WIDTH:0.480658
G1 X118.222 Y98.232 E.00232
G1 X118.354 Y98.168 E.00199
;WIDTH:0.50601
G1 X119.165 Y98.146 E.01159
;WIDTH:0.507246
G1 X131.157 Y98.149 E.17179
;WIDTH:0.499362
G1 X131.681 Y98.176 E.0074
;WIDTH:0.480711
G1 X131.752 Y98.226 E.00118
M204 S1000
;WIPE_START
G1 F5760
G1 X131.801 Y98.261 E-.02086
G1 X131.836 Y98.392 E-.04696
;WIPE_END
G1 E-.73218 F2100
G1 Z5.857 F7200
G1 X126.857 Y103.721
G1 Z5.257
G1 E.8 F2100
M204 S820
;TYPE:Perimeter
;WIDTH:0.44258
G1 F900
G1 X126.179 Y103.721 E.00844
G1 X126.179 Y103.078 E.008
G1 X126.542 Y103.355 E.00568
G1 X126.818 Y103.676 E.00527
M204 S1000
;WIPE_START
G1 F5760
G1 X126.857 Y103.721 E-.02062
G1 X126.179 Y103.721 E-.23483
G1 X126.179 Y103.078 E-.22271
G1 X126.542 Y103.355 E-.15815
G1 X126.818 Y103.676 E-.14663
;WIPE_END
G1 E-.01706 F2100
G1 Z5.857 F7200
G1 X123.138 Y103.72
G1 Z5.257
G1 E.8 F2100
M204 S820
;WIDTH:0.444678
G1 F900
G1 X123.448 Y103.359 E.00595
G1 X123.82 Y103.075 E.00585
G1 X123.82 Y103.72 E.00807
G1 X123.198 Y103.72 E.00778
M204 S1000
;WIPE_START
G1 F5760
G1 X123.138 Y103.72 E-.02078
G1 X123.448 Y103.359 E-.16481
G1 X123.82 Y103.075 E-.1621
G1 X123.82 Y103.72 E-.2234
G1 X123.198 Y103.72 E-.21543
;WIPE_END
G1 E-.01348 F2100
G1 Z5.857 F7200
G1 X123.82 Y106.28
G1 Z5.257
G1 E.8 F2100
M204 S820
G1 F900
G1 X123.82 Y106.925 E.00807
G1 X123.496 Y106.693 E.00498
G1 X123.138 Y106.28 E.00683
G1 X123.76 Y106.28 E.00778
M204 S1000
;WIPE_START
G1 F5760
G1 X123.82 Y106.28 E-.02078
G1 X123.82 Y106.925 E-.2234
G1 X123.496 Y106.693 E-.13802
G1 X123.138 Y106.28 E-.1893
G1 X123.76 Y106.28 E-.21543
;WIPE_END
G1 E-.01307 F2100
G1 Z5.857 F7200
G1 X126.865 Y106.28
G1 Z5.257
G1 E.8 F2100
M204 S820
;WIDTH:0.445191
G1 F900
G1 X126.586 Y106.619 E.0055
G1 X126.18 Y106.931 E.00641
G1 X126.18 Y106.28 E.00815
G1 X126.805 Y106.28 E.00782
M204 S1000
G1 X127.542 Y105.909 F7200
M204 S820
;TYPE:External perimeter
;WIDTH:0.388622
G1 F900
G1 X127.519 Y105.995 E.00097
;WIDTH:0.419999
G1 X127.216 Y106.51 E.00704
G1 X126.787 Y106.992 E.00761
G1 X126.389 Y107.294 E.00589
G1 X125.882 Y107.554 E.00672
;WIDTH:0.392311
G1 X125.345 Y107.676 E.00605
;WIDTH:0.400006
G1 X124.77 Y107.684 E.00644
G1 X124.204 Y107.589 E.00643
;WIDTH:0.419999
G1 X123.67 Y107.33 E.00699
G1 X123.189 Y106.976 E.00704
G1 X122.82 Y106.561 E.00655
G1 X122.535 Y106.095 E.00644
;WIDTH:0.393872
G1 X122.351 Y105.554 E.0063
;WIDTH:0.403823
G1 X122.308 Y104.979 E.00652
G1 X122.359 Y104.408 E.00649
;WIDTH:0.403356
G1 X122.558 Y103.866 E.00653
;WIDTH:0.419999
G1 X122.845 Y103.396 E.00649
G1 X123.233 Y102.976 E.00674
G1 X123.702 Y102.648 E.00675
G1 X124.177 Y102.423 E.00619
;WIDTH:0.373288
G1 X124.408 Y102.366 E.00248
;WIDTH:0.403971
G1 X125.088 Y102.308 E.00773
G1 X125.739 Y102.397 E.00744
;WIDTH:0.39224
G1 X125.99 Y102.511 E.00303
;WIDTH:0.419999
G1 X126.242 Y102.626 E.00326
G1 X126.708 Y102.934 E.00658
G1 X127.104 Y103.339 E.00668
G1 X127.398 Y103.795 E.00639
G1 X127.511 Y104.054 E.00333
;WIDTH:0.38949
G1 X127.624 Y104.313 E.00308
;WIDTH:0.402214
G1 X127.691 Y104.889 E.00653
G1 X127.664 Y105.438 E.00619
;WIDTH:0.388622
G1 X127.557 Y105.851 E.00464
M204 S1000
;WIPE_START
G1 F5760
G1 X127.542 Y105.909 E-.02075
G1 X127.519 Y105.995 E-.03083
;WIPE_END
G1 E-.74842 F2100
G1 Z5.857 F7200
G1 X122.733 Y104.288
G1 Z5.257
G1 E.8 F2100
M204 S820
;WIDTH:0.374909
G1 F900
G1 X122.774 Y104.224 E.0008
;WIDTH:0.403356
G1 X122.815 Y104.161 E.00085
;WIDTH:0.419999
G1 X124.237 Y104.137 E.01676
G1 X124.237 Y102.966 E.0138
G1 X124.237 Y102.89 E.0009
G1 X124.308 Y102.808 E.00128
;WIDTH:0.392934
G1 X124.378 Y102.726 E.00119
;WIDTH:0.403971
G1 X125.062 Y102.695 E.00775
G1 X125.584 Y102.715 E.00591
;WIDTH:0.368526
G1 X125.648 Y102.737 E.0007
;WIDTH:0.393563
G1 X125.705 Y102.814 E.00106
;WIDTH:0.419999
G1 X125.763 Y102.89 E.00113
G1 X125.763 Y104.137 E.0147
G1 X127.11 Y104.137 E.01588
G1 X127.188 Y104.208 E.00124
;WIDTH:0.384746
G1 X127.266 Y104.279 E.00113
;WIDTH:0.375853
G1 X127.285 Y104.579 E.00316
;WIDTH:0.402214
G1 X127.304 Y104.879 E.00339
G1 X127.297 Y105.389 E.00575
;WIDTH:0.388622
G1 X127.262 Y105.731 E.00374
;WIDTH:0.384809
G1 X127.186 Y105.797 E.00108
;WIDTH:0.419999
G1 X127.11 Y105.863 E.00119
G1 X125.763 Y105.863 E.01588
G1 X125.763 Y107.11 E.0147
G1 X125.695 Y107.236 E.00169
;WIDTH:0.384702
G1 X125.56 Y107.286 E.00155
;WIDTH:0.400006
G1 X124.805 Y107.303 E.00846
G1 X124.357 Y107.268 E.00503
;WIDTH:0.419999
G1 X124.237 Y107.11 E.00234
G1 X124.237 Y105.863 E.0147
G1 X122.89 Y105.863 E.01588
G1 X122.817 Y105.835 E.00092
;WIDTH:0.393872
G1 X122.72 Y105.66 E.00221
;WIDTH:0.403823
G1 X122.696 Y105 E.00747
G1 X122.71 Y104.465 E.00606
;WIDTH:0.37527
G1 X122.725 Y104.347 E.00125
M204 S1000
;LAYER_CHANGE
;Z:5.32678
;HEIGHT:0.0700002
;BEFORE_LAYER_CHANGE
G92 E0.0
;5.32678


;WIPE_START
G1 F5760
G1 X122.733 Y104.288 E-.02062
G1 X122.774 Y104.224 E-.02633
;WIPE_END
G1 E-.75305 F2100
G1 Z5.327 F7200
;AFTER_LAYER_CHANGE
;5.32678
G1 Z5.927
G1 X131.997 Y97.87
G1 Z5.327
G1 E.8 F2100
M204 S820
;WIDTH:0.465238
G1 F900
G1 X132.177 Y98.078 E.0036
;WIDTH:0.465657
G1 X132.265 Y98.394 E.0043
;WIDTH:0.494623
G1 X132.309 Y99.195 E.0112
G1 X132.309 Y110.813 E.16216
G1 X132.263 Y111.627 E.01138
;WIDTH:0.466338
G1 X132.149 Y111.976 E.00482
G1 X131.924 Y112.171 E.00391
;WIDTH:0.463548
G1 X131.611 Y112.261 E.00425
;WIDTH:0.50381
G1 X130.742 Y112.323 E.01239
;WIDTH:0.506622
G1 X119.512 Y112.327 E.16067
G1 X118.888 Y112.311 E.00893
M73 P55 R6
M73 Q55 S6
;WIDTH:0.496346
G1 X118.381 Y112.262 E.00714
;WIDTH:0.467289
G1 X117.956 Y112.094 E.00602
G1 X117.823 Y111.922 E.00286
;WIDTH:0.465658
G1 X117.735 Y111.606 E.0043
;WIDTH:0.494624
G1 X117.691 Y110.805 E.0112
;WIDTH:0.495364
G1 X117.69 Y99.36 E.15999
G1 X117.754 Y98.273 E.01522
;WIDTH:0.466339
G1 X117.877 Y97.995 E.00399
G1 X118.094 Y97.823 E.00364
;WIDTH:0.459742
G1 X118.367 Y97.753 E.00365
;WIDTH:0.502588
G1 X119.14 Y97.679 E.01102
;WIDTH:0.50751
G1 X130.85 Y97.679 E.16784
;WIDTH:0.502554
G1 X131.632 Y97.742 E.01113
;WIDTH:0.46479
G1 X131.94 Y97.849 E.00427
M204 S1000
G1 X131.804 Y98.347 F7200
M204 S820
;WIDTH:0.494623
G1 F900
G1 X131.829 Y99.195 E.01184
G1 X131.822 Y111.418 E.1706
;WIDTH:0.480068
G1 X131.779 Y111.71 E.00399
;WIDTH:0.463574
G1 X131.655 Y111.801 E.00201
;WIDTH:0.50381
G1 X130.742 Y111.834 E.013
;WIDTH:0.506622
G1 X118.896 Y111.83 E.16948
;WIDTH:0.496346
G1 X118.363 Y111.803 E.00748
;WIDTH:0.465241
G1 X118.215 Y111.701 E.00236
;WIDTH:0.494624
G1 X118.171 Y110.805 E.01252
;WIDTH:0.495364
G1 X118.175 Y98.729 E.16881
;WIDTH:0.485809
G1 X118.205 Y98.326 E.00554
;WIDTH:0.460202
G1 X118.311 Y98.211 E.00203
;WIDTH:0.502588
G1 X119.148 Y98.167 E.01189
;WIDTH:0.50751
G1 X130.85 Y98.167 E.16772
;WIDTH:0.502554
G1 X131.393 Y98.177 E.00771
;WIDTH:0.482278
G1 X131.711 Y98.224 E.00437
;WIDTH:0.461245
G1 X131.768 Y98.3 E.00123
M204 S1000
;WIPE_START
G1 F5760
G1 X131.804 Y98.347 E-.02051
G1 X131.829 Y99.195 E-.29384
G1 X131.828 Y100.597 E-.48565
;WIPE_END
G1 Z5.927 F7200
G1 X126.86 Y103.722
G1 Z5.327
G1 E.8 F2100
M204 S820
;TYPE:Perimeter
;WIDTH:0.445022
G1 F900
G1 X126.178 Y103.722 E.00853
G1 X126.178 Y103.076 E.00808
G1 X126.393 Y103.211 E.00318
G1 X126.743 Y103.549 E.00609
G1 X126.826 Y103.673 E.00187
M204 S1000
;WIPE_START
G1 F5760
G1 X126.86 Y103.722 E-.02066
G1 X126.178 Y103.722 E-.23621
G1 X126.178 Y103.076 E-.22374
G1 X126.393 Y103.211 E-.08793
G1 X126.743 Y103.549 E-.16852
G1 X126.826 Y103.673 E-.05168
;WIPE_END
G1 E-.01126 F2100
G1 Z5.927 F7200
G1 X123.821 Y103.721
G1 Z5.327
G1 E.8 F2100
M204 S820
;WIDTH:0.447133
G1 F900
G1 X123.136 Y103.721 E.00861
G1 X123.447 Y103.359 E.006
G1 X123.821 Y103.073 E.00592
G1 X123.821 Y103.661 E.00739
M204 S1000
;WIPE_START
G1 F5760
G1 X123.821 Y103.721 E-.02078
G1 X123.136 Y103.721 E-.23725
G1 X123.447 Y103.359 E-.1653
G1 X123.821 Y103.073 E-.16307
G1 X123.821 Y103.661 E-.20366
;WIPE_END
G1 E-.00994 F2100
G1 Z5.927 F7200
G1 X123.821 Y106.279
G1 Z5.327
G1 E.8 F2100
M204 S820
G1 F900
G1 X123.821 Y106.927 E.00815
G1 X123.495 Y106.693 E.00505
G1 X123.136 Y106.279 E.00689
G1 X123.761 Y106.279 E.00786
M204 S1000
;WIPE_START
G1 F5760
G1 X123.821 Y106.279 E-.02078
G1 X123.821 Y106.927 E-.22444
G1 X123.495 Y106.693 E-.13899
G1 X123.136 Y106.279 E-.18979
G1 X123.761 Y106.279 E-.21647
;WIPE_END
G1 E-.00953 F2100
G1 Z5.927 F7200
G1 X126.867 Y106.279
G1 Z5.327
G1 E.8 F2100
M204 S820
;WIDTH:0.447684
G1 F900
G1 X126.586 Y106.62 E.00556
G1 X126.179 Y106.933 E.00646
G1 X126.179 Y106.279 E.00823
G1 X126.807 Y106.279 E.00791
M204 S1000
;WIPE_START
G1 F5760
G1 X126.867 Y106.279 E-.02078
G1 X126.586 Y106.62 E-.15304
G1 X126.179 Y106.933 E-.17783
G1 X126.179 Y106.279 E-.22652
G1 X126.807 Y106.279 E-.21751
;WIPE_END
G1 E-.00432 F2100
G1 Z5.927 F7200
G1 X122.734 Y104.29
G1 Z5.327
M73 P56 R6
M73 Q56 S6
G1 E.8 F2100
M204 S820
;TYPE:External perimeter
;WIDTH:0.376712
G1 F900
G1 X122.775 Y104.226 E.0008
;WIDTH:0.4042
G1 X122.817 Y104.163 E.00086
;WIDTH:0.419999
G1 X124.24 Y104.14 E.01677
G1 X124.24 Y102.892 E.01471
G1 X124.31 Y102.81 E.00127
;WIDTH:0.394255
G1 X124.38 Y102.727 E.0012
;WIDTH:0.406433
G1 X125.06 Y102.697 E.00775
G1 X125.582 Y102.716 E.00595
;WIDTH:0.37119
G1 X125.646 Y102.739 E.0007
;WIDTH:0.394948
G1 X125.703 Y102.815 E.00105
;WIDTH:0.419999
G1 X125.76 Y102.892 E.00113
G1 X125.76 Y104.14 E.01471
G1 X127.108 Y104.14 E.01589
G1 X127.186 Y104.21 E.00124
;WIDTH:0.3861
G1 X127.265 Y104.281 E.00115
;WIDTH:0.378413
G1 X127.284 Y104.579 E.00316
;WIDTH:0.404624
G1 X127.302 Y104.877 E.00339
G1 X127.296 Y105.391 E.00583
;WIDTH:0.390919
G1 X127.26 Y105.729 E.00372
;WIDTH:0.373673
G1 X127.233 Y105.786 E.00066
;WIDTH:0.419999
G1 X127.108 Y105.86 E.00171
G1 X125.76 Y105.86 E.01589
G1 X125.76 Y107.108 E.01471
G1 X125.695 Y107.233 E.00166
;WIDTH:0.386923
G1 X125.558 Y107.284 E.00158
;WIDTH:0.402415
G1 X124.804 Y107.301 E.0085
G1 X124.358 Y107.266 E.00504
;WIDTH:0.419999
G1 X124.24 Y107.108 E.00232
G1 X124.24 Y107.034 E.00087
G1 X124.24 Y105.86 E.01384
G1 X122.892 Y105.86 E.01589
G1 X122.818 Y105.833 E.00093
;WIDTH:0.395025
G1 X122.721 Y105.658 E.00221
;WIDTH:0.406261
G1 X122.697 Y105 E.0075
G1 X122.711 Y104.465 E.00609
;WIDTH:0.377721
G1 X122.726 Y104.349 E.00123
M204 S1000
;WIPE_START
G1 F5760
G1 X122.734 Y104.29 E-.02062
G1 X122.775 Y104.226 E-.02633
;WIPE_END
G1 E-.75305 F2100
G1 Z5.927 F7200
G1 X127.543 Y105.909
G1 Z5.327
G1 E.8 F2100
M204 S820
;WIDTH:0.390919
G1 F900
G1 X127.52 Y105.997 E.001
;WIDTH:0.419999
G1 X127.217 Y106.513 E.00705
G1 X126.789 Y106.994 E.00759
G1 X126.389 Y107.296 E.00591
G1 X125.885 Y107.554 E.00667
;WIDTH:0.394831
G1 X125.344 Y107.677 E.00613
;WIDTH:0.402415
G1 X124.769 Y107.685 E.00648
G1 X124.203 Y107.59 E.00647
;WIDTH:0.419999
G1 X123.668 Y107.331 E.00701
G1 X123.187 Y106.977 E.00704
G1 X122.818 Y106.562 E.00655
G1 X122.533 Y106.096 E.00644
;WIDTH:0.395025
G1 X122.349 Y105.554 E.00633
;WIDTH:0.406261
G1 X122.307 Y104.979 E.00656
G1 X122.358 Y104.408 E.00653
;WIDTH:0.4042
G1 X122.556 Y103.865 E.00655
;WIDTH:0.419999
G1 X122.843 Y103.395 E.00649
G1 X123.231 Y102.975 E.00674
G1 X123.7 Y102.647 E.00675
G1 X124.177 Y102.422 E.00622
;WIDTH:0.376179
G1 X124.41 Y102.365 E.00252
;WIDTH:0.406433
G1 X125.087 Y102.307 E.00774
G1 X125.738 Y102.396 E.00748
;WIDTH:0.393614
G1 X125.991 Y102.51 E.00306
;WIDTH:0.419999
G1 X126.245 Y102.625 E.00329
G1 X126.708 Y102.931 E.00654
G1 X127.105 Y103.336 E.00668
G1 X127.399 Y103.793 E.0064
G1 X127.512 Y104.054 E.00335
;WIDTH:0.39089
G1 X127.626 Y104.315 E.00312
;WIDTH:0.404624
G1 X127.692 Y104.887 E.00653
G1 X127.665 Y105.44 E.00628
;WIDTH:0.390919
G1 X127.558 Y105.851 E.00465
M204 S1000
;LAYER_CHANGE
;Z:5.39678
;HEIGHT:0.0700002
;BEFORE_LAYER_CHANGE
G92 E0.0
;5.39678


;WIPE_START
G1 F5760
G1 X127.543 Y105.909 E-.02075
G1 X127.52 Y105.997 E-.0315
;WIPE_END
G1 E-.74775 F2100
G1 Z5.397 F7200
;AFTER_LAYER_CHANGE
;5.39678
G1 Z5.997
G1 X131.901 Y97.874
G1 Z5.397
G1 E.8 F2100
M204 S820
;WIDTH:0.451955
G1 F900
G1 X132.122 Y98.07 E.00376
G1 X132.217 Y98.399 E.00435
;WIDTH:0.483018
G1 X132.273 Y98.928 E.00725
;WIDTH:0.488042
G1 X132.28 Y99.429 E.0069
G1 X132.277 Y110.818 E.15678
;WIDTH:0.48612
G1 X132.197 Y111.746 E.01277
;WIDTH:0.451172
G1 X132.091 Y111.965 E.00309
G1 X131.884 Y112.136 E.00341
;WIDTH:0.468903
G1 X131.456 Y112.251 E.00585
;WIDTH:0.500714
G1 X130.708 Y112.299 E.01059
;WIDTH:0.507508
G1 X119.458 Y112.303 E.16124
;WIDTH:0.503275
G1 X118.827 Y112.276 E.00897
;WIDTH:0.487737
G1 X118.205 Y112.181 E.00866
;WIDTH:0.449776
G1 X117.94 Y112.002 E.00405
;WIDTH:0.451457
G1 X117.785 Y111.692 E.0044
;WIDTH:0.479837
G1 X117.732 Y111.191 E.00682
;WIDTH:0.488041
G1 X117.725 Y99.015 E.16762
;WIDTH:0.484413
G1 X117.775 Y98.405 E.00836
;WIDTH:0.452041
G1 X117.854 Y98.112 E.00386
G1 X118.061 Y97.893 E.00383
;WIDTH:0.455609
G1 X118.409 Y97.769 E.00474
;WIDTH:0.502448
G1 X119.408 Y97.698 E.01421
;WIDTH:0.506423
G1 X130.722 Y97.701 E.1618
;WIDTH:0.5007
G1 X131.598 Y97.769 E.01242
;WIDTH:0.456832
G1 X131.849 Y97.847 E.00338
M204 S1000
G1 X131.787 Y98.429 F7200
M204 S820
;WIDTH:0.483018
G1 F900
G1 X131.805 Y98.933 E.00687
;WIDTH:0.488042
G1 X131.806 Y110.818 E.16361
;WIDTH:0.48612
G1 X131.792 Y111.567 E.01027
;WIDTH:0.457018
G1 X131.737 Y111.712 E.00199
;WIDTH:0.451172
G1 X131.571 Y111.789 E.00232
;WIDTH:0.500714
G1 X130.704 Y111.814 E.01226
;WIDTH:0.507508
G1 X119.458 Y111.815 E.16118
;WIDTH:0.503275
G1 X118.87 Y111.807 E.00836
;WIDTH:0.487737
G1 X118.353 Y111.773 E.00713
;WIDTH:0.449147
G1 X118.244 Y111.685 E.00177
;WIDTH:0.453468
G1 X118.21 Y111.571 E.00152
;WIDTH:0.488041
G1 X118.193 Y110.57 E.01378
G1 X118.194 Y99.016 E.15905
M73 P57 R6
M73 Q57 S6
;WIDTH:0.484413
G1 X118.211 Y98.429 E.00802
;WIDTH:0.451926
G1 X118.267 Y98.283 E.00199
;WIDTH:0.455609
G1 X118.43 Y98.209 E.0023
;WIDTH:0.502448
G1 X119.408 Y98.185 E.01388
;WIDTH:0.506423
G1 X130.707 Y98.186 E.16159
;WIDTH:0.5007
G1 X131.565 Y98.208 E.01213
;WIDTH:0.456832
G1 X131.734 Y98.285 E.00239
;WIDTH:0.449773
G1 X131.766 Y98.373 E.00118
M204 S1000
;WIPE_START
G1 F5760
G1 X131.787 Y98.429 E-.02071
G1 X131.805 Y98.933 E-.17467
;WIPE_END
G1 E-.60462 F2100
G1 Z5.997 F7200
G1 X126.176 Y103.724
G1 Z5.397
G1 E.8 F2100
M204 S820
;TYPE:Perimeter
;WIDTH:0.447465
G1 F900
G1 X126.176 Y103.074 E.00818
G1 X126.392 Y103.209 E.00321
G1 X126.743 Y103.547 E.00613
G1 X126.862 Y103.724 E.00268
G1 X126.236 Y103.724 E.00788
M204 S1000
;WIPE_START
G1 F5760
G1 X126.176 Y103.724 E-.02078
G1 X126.176 Y103.074 E-.22513
G1 X126.392 Y103.209 E-.08822
G1 X126.743 Y103.547 E-.16877
G1 X126.862 Y103.724 E-.07387
G1 X126.236 Y103.724 E-.21682
;WIPE_END
G1 E-.00641 F2100
G1 Z5.997 F7200
G1 X123.823 Y103.723
G1 Z5.397
G1 E.8 F2100
M204 S820
;WIDTH:0.449589
G1 F900
G1 X123.134 Y103.723 E.00871
G1 X123.446 Y103.358 E.00607
G1 X123.823 Y103.07 E.006
G1 X123.823 Y103.663 E.0075
M204 S1000
;WIPE_START
G1 F5760
G1 X123.823 Y103.723 E-.02078
G1 X123.134 Y103.723 E-.23864
G1 X123.446 Y103.358 E-.16631
G1 X123.823 Y103.07 E-.16432
G1 X123.823 Y103.663 E-.20539
;WIPE_END
G1 E-.00456 F2100
G1 Z5.997 F7200
G1 X123.823 Y106.277
G1 Z5.397
G1 E.8 F2100
M204 S820
G1 F900
G1 X123.823 Y106.93 E.00826
G1 X123.493 Y106.694 E.00513
G1 X123.134 Y106.277 E.00696
G1 X123.763 Y106.277 E.00795
M204 S1000
;WIPE_START
G1 F5760
G1 X123.823 Y106.277 E-.02078
G1 X123.823 Y106.93 E-.22617
G1 X123.493 Y106.694 E-.14052
G1 X123.134 Y106.277 E-.19058
G1 X123.763 Y106.277 E-.21786
;WIPE_END
G1 E-.00409 F2100
G1 Z5.997 F7200
G1 X126.87 Y106.278
G1 Z5.397
G1 E.8 F2100
M204 S820
;WIDTH:0.450178
G1 F900
G1 X126.586 Y106.622 E.00565
G1 X126.178 Y106.935 E.00651
G1 X126.178 Y106.278 E.00832
G1 X126.81 Y106.278 E.008
M204 S1000
G1 X127.544 Y105.909 F7200
M204 S820
;TYPE:External perimeter
;WIDTH:0.393216
G1 F900
G1 X127.52 Y105.999 E.00103
;WIDTH:0.419999
G1 X127.218 Y106.516 E.00706
G1 X126.79 Y106.996 E.00758
G1 X126.389 Y107.299 E.00592
G1 X125.888 Y107.554 E.00663
;WIDTH:0.39735
G1 X125.343 Y107.679 E.00622
;WIDTH:0.404821
G1 X124.768 Y107.687 E.00652
G1 X124.202 Y107.59 E.00651
;WIDTH:0.419999
G1 X123.666 Y107.333 E.00701
G1 X123.185 Y106.979 E.00704
G1 X122.815 Y106.563 E.00656
G1 X122.532 Y106.096 E.00644
;WIDTH:0.396168
G1 X122.348 Y105.554 E.00635
;WIDTH:0.408699
G1 X122.305 Y104.979 E.00661
G1 X122.356 Y104.408 E.00657
;WIDTH:0.405027
G1 X122.554 Y103.865 E.00656
;WIDTH:0.419999
G1 X122.841 Y103.394 E.0065
G1 X123.229 Y102.973 E.00675
G1 X123.698 Y102.645 E.00675
G1 X124.177 Y102.421 E.00623
;WIDTH:0.379069
G1 X124.412 Y102.363 E.00256
;WIDTH:0.408893
G1 X125.086 Y102.306 E.00775
G1 X125.737 Y102.394 E.00753
;WIDTH:0.394988
G1 X125.992 Y102.509 E.00309
;WIDTH:0.419999
G1 X126.248 Y102.624 E.00331
G1 X126.709 Y102.928 E.00651
G1 X127.106 Y103.333 E.00668
G1 X127.401 Y103.79 E.00641
G1 X127.514 Y104.054 E.00338
;WIDTH:0.392288
G1 X127.627 Y104.317 E.00314
;WIDTH:0.407031
G1 X127.693 Y104.885 E.00652
G1 X127.666 Y105.442 E.00636
;WIDTH:0.393216
G1 X127.559 Y105.851 E.00465
M204 S1000
;WIPE_START
G1 F5760
G1 X127.544 Y105.909 E-.02075
G1 X127.52 Y105.999 E-.03226
;WIPE_END
G1 E-.74699 F2100
G1 Z5.997 F7200
G1 X122.735 Y104.292
G1 Z5.397
G1 E.8 F2100
M204 S820
;WIDTH:0.378507
G1 F900
G1 X122.777 Y104.229 E.0008
;WIDTH:0.405027
G1 X122.818 Y104.165 E.00086
;WIDTH:0.419999
G1 X124.242 Y104.142 E.01679
G1 X124.242 Y102.895 E.0147
G1 X124.382 Y102.728 E.00257
;WIDTH:0.408893
G1 X125.059 Y102.698 E.00777
G1 X125.579 Y102.717 E.00596
;WIDTH:0.37385
G1 X125.644 Y102.74 E.00072
;WIDTH:0.419999
G1 X125.758 Y102.895 E.00227
G1 X125.758 Y104.142 E.0147
G1 X127.105 Y104.142 E.01588
G1 X127.184 Y104.213 E.00125
;WIDTH:0.387454
G1 X127.263 Y104.283 E.00114
;WIDTH:0.38097
G1 X127.282 Y104.579 E.00316
;WIDTH:0.407031
G1 X127.301 Y104.875 E.00338
G1 X127.294 Y105.393 E.00591
;WIDTH:0.393216
G1 X127.259 Y105.727 E.0037
;WIDTH:0.375988
G1 X127.231 Y105.785 E.00068
;WIDTH:0.419999
G1 X127.105 Y105.858 E.00172
G1 X125.758 Y105.858 E.01588
G1 X125.758 Y107.105 E.0147
G1 X125.694 Y107.23 E.00166
;WIDTH:0.389089
G1 X125.555 Y107.283 E.00162
;WIDTH:0.404821
G1 X124.803 Y107.3 E.00853
G1 X124.358 Y107.264 E.00506
;WIDTH:0.419999
G1 X124.242 Y107.105 E.00232
G1 X124.242 Y105.858 E.0147
G1 X122.895 Y105.858 E.01588
G1 X122.82 Y105.831 E.00094
;WIDTH:0.396168
G1 X122.735 Y105.708 E.00166
;WIDTH:0.380343
G1 X122.716 Y105.354 E.00377
;WIDTH:0.408699
G1 X122.698 Y105 E.00406
G1 X122.712 Y104.465 E.00613
;WIDTH:0.380174
G1 X122.727 Y104.351 E.00122
M204 S1000
;LAYER_CHANGE
;Z:5.46678
;HEIGHT:0.0699997
;BEFORE_LAYER_CHANGE
G92 E0.0
;5.46678


;WIPE_START
G1 F5760
G1 X122.735 Y104.292 E-.02062
G1 X122.777 Y104.229 E-.02622
;WIPE_END
G1 E-.75316 F2100
G1 Z5.467 F7200
;AFTER_LAYER_CHANGE
;5.46678
G1 Z6.067
G1 X131.978 Y97.996
G1 Z5.467
G1 E.8 F2100
M204 S820
;WIDTH:0.433936
G1 F900
G1 X131.984 Y97.999 E.00008
;WIDTH:0.432393
G1 X132.141 Y98.242 E.00351
;WIDTH:0.458411
G1 X132.217 Y98.603 E.00476
;WIDTH:0.476743
G1 X132.245 Y99.226 E.00838
G1 X132.245 Y110.779 E.15524
G1 X132.173 Y111.662 E.0119
;WIDTH:0.435211
G1 X132.032 Y111.942 E.00383
;WIDTH:0.430089
G1 X131.827 Y112.105 E.00316
;WIDTH:0.447875
G1 X131.545 Y112.199 E.00374
;WIDTH:0.486032
G1 X130.979 Y112.258 E.0078
;WIDTH:0.505743
G1 X129.799 Y112.288 E.01686
;WIDTH:0.50751
G1 X119.573 Y112.28 E.14657
;WIDTH:0.500229
G1 X118.973 Y112.254 E.00848
M73 P58 R6
M73 Q58 S6
;WIDTH:0.485568
G1 X118.691 Y112.215 E.0039
;WIDTH:0.459682
G1 X118.41 Y112.177 E.00367
;WIDTH:0.433796
G1 X118.172 Y112.111 E.00301
;WIDTH:0.432946
G1 X117.968 Y111.953 E.00314
;WIDTH:0.436081
G1 X117.846 Y111.727 E.00315
;WIDTH:0.458411
G1 X117.783 Y111.397 E.00434
;WIDTH:0.476743
G1 X117.755 Y110.781 E.00829
G1 X117.755 Y99.221 E.15534
G1 X117.772 Y98.747 E.00637
;WIDTH:0.465733
G1 X117.836 Y98.289 E.00607
;WIDTH:0.435574
G1 X117.978 Y98.039 E.00352
;WIDTH:0.433015
G1 X118.237 Y97.861 E.00382
;WIDTH:0.466529
G1 X118.662 Y97.772 E.00571
;WIDTH:0.494167
G1 X119.263 Y97.729 E.0084
;WIDTH:0.507511
G1 X120.682 Y97.709 E.02034
G1 X130.427 Y97.72 E.13967
;WIDTH:0.500176
G1 X131.003 Y97.744 E.00814
;WIDTH:0.486439
G1 X131.352 Y97.79 E.00483
;WIDTH:0.460188
G1 X131.701 Y97.836 E.00456
;WIDTH:0.433936
G1 X131.926 Y97.966 E.00317
M204 S1000
G1 X131.765 Y98.448 F7200
M204 S820
;WIDTH:0.476743
G1 F900
G1 X131.783 Y99.226 E.01046
G1 X131.783 Y110.779 E.15524
G1 X131.764 Y111.552 E.01039
;WIDTH:0.438473
G1 X131.702 Y111.696 E.00193
;WIDTH:0.447875
G1 X131.515 Y111.768 E.00252
;WIDTH:0.486032
G1 X130.971 Y111.788 E.00746
;WIDTH:0.505743
G1 X129.799 Y111.797 E.01674
;WIDTH:0.50751
G1 X119.576 Y111.795 E.14652
;WIDTH:0.500229
G1 X119.015 Y111.787 E.00792
;WIDTH:0.485568
G1 X118.732 Y111.774 E.00388
;WIDTH:0.459682
G1 X118.448 Y111.761 E.00368
;WIDTH:0.433796
G1 X118.304 Y111.702 E.0019
;WIDTH:0.440703
G1 X118.235 Y111.552 E.00205
;WIDTH:0.476743
G1 X118.217 Y110.774 E.01046
G1 X118.217 Y99.221 E.15524
;WIDTH:0.476655
G1 X118.236 Y98.448 E.01039
;WIDTH:0.438473
G1 X118.311 Y98.29 E.00216
;WIDTH:0.438754
G1 X118.448 Y98.236 E.00182
;WIDTH:0.466461
G1 X118.862 Y98.222 E.00544
;WIDTH:0.494167
G1 X119.277 Y98.208 E.00579
;WIDTH:0.507511
G1 X130.426 Y98.205 E.1598
;WIDTH:0.500176
G1 X130.963 Y98.212 E.00758
;WIDTH:0.486439
G1 X131.552 Y98.237 E.00809
;WIDTH:0.436755
G1 X131.696 Y98.298 E.00192
;WIDTH:0.440702
G1 X131.74 Y98.393 E.0013
M204 S1000
;WIPE_START
G1 F5760
G1 X131.765 Y98.448 E-.02093
G1 X131.783 Y99.226 E-.26954
G1 X131.783 Y100.697 E-.50953
;WIPE_END
G1 Z6.067 F7200
G1 X126.864 Y103.725
G1 Z5.467
G1 E.8 F2100
M204 S820
;TYPE:Perimeter
;WIDTH:0.449908
G1 F900
G1 X126.175 Y103.725 E.00872
G1 X126.175 Y103.071 E.00828
G1 X126.392 Y103.207 E.00324
G1 X126.743 Y103.545 E.00617
G1 X126.831 Y103.675 E.00199
M204 S1000
;WIPE_START
G1 F5760
G1 X126.864 Y103.725 E-.02075
G1 X126.175 Y103.725 E-.23864
G1 X126.175 Y103.071 E-.22652
G1 X126.392 Y103.207 E-.0887
G1 X126.743 Y103.545 E-.16877
G1 X126.831 Y103.675 E-.05437
;WIPE_END
G1 E-.00225 F2100
G1 Z6.067 F7200
G1 X123.824 Y103.724
G1 Z5.467
G1 E.8 F2100
M204 S820
;WIDTH:0.452044
G1 F900
G1 X123.132 Y103.724 E.0088
G1 X123.445 Y103.357 E.00613
G1 X123.824 Y103.068 E.00606
G1 X123.824 Y103.664 E.00758
M204 S1000
;WIPE_START
G1 F5760
G1 X123.824 Y103.724 E-.02078
G1 X123.132 Y103.724 E-.23968
G1 X123.445 Y103.357 E-.16706
G1 X123.824 Y103.068 E-.16508
G1 X123.824 Y103.664 E-.20643
;WIPE_END
G1 E-.00097 F2100
G1 Z6.067 F7200
G1 X123.824 Y106.276
G1 Z5.467
G1 E.8 F2100
M204 S820
;WIDTH:0.452043
G1 F900
G1 X123.824 Y106.932 E.00834
G1 X123.492 Y106.694 E.0052
G1 X123.132 Y106.276 E.00702
G1 X123.764 Y106.276 E.00804
M204 S1000
;WIPE_START
G1 F5760
G1 X123.824 Y106.276 E-.02078
G1 X123.824 Y106.932 E-.22721
G1 X123.492 Y106.694 E-.14148
G1 X123.132 Y106.276 E-.19107
G1 X123.764 Y106.276 E-.2189
;WIPE_END
G1 E-.00056 F2100
G1 Z6.067 F7200
G1 X126.873 Y106.277
G1 Z5.467
G1 E.8 F2100
M204 S820
;WIDTH:0.452671
G1 F900
G1 X126.586 Y106.624 E.00574
G1 X126.177 Y106.937 E.00656
G1 X126.177 Y106.277 E.00841
G1 X126.813 Y106.277 E.0081
M204 S1000
;WIPE_START
G1 F5760
G1 X126.873 Y106.277 E-.02078
G1 X126.586 Y106.624 E-.15597
G1 X126.177 Y106.937 E-.17838
G1 X126.177 Y106.277 E-.22859
G1 X126.801 Y106.277 E-.21628
;WIPE_END
G1 Z6.067 F7200
G1 X122.736 Y104.294
G1 Z5.467
G1 E.8 F2100
M204 S820
;TYPE:External perimeter
;WIDTH:0.380295
G1 F900
G1 X122.778 Y104.231 E.0008
;WIDTH:0.405842
G1 X122.82 Y104.168 E.00086
;WIDTH:0.419999
G1 X124.245 Y104.145 E.0168
G1 X124.245 Y102.897 E.01471
G1 X124.384 Y102.729 E.00257
;WIDTH:0.411354
G1 X125.058 Y102.699 E.00778
G1 X125.577 Y102.718 E.00599
;WIDTH:0.376512
G1 X125.642 Y102.741 E.00073
;WIDTH:0.419999
G1 X125.755 Y102.897 E.00227
G1 X125.755 Y104.145 E.01471
G1 X127.103 Y104.145 E.01589
G1 X127.183 Y104.215 E.00125
M73 P59 R6
M73 Q59 S6
;WIDTH:0.388808
G1 X127.262 Y104.285 E.00115
;WIDTH:0.383529
G1 X127.281 Y104.579 E.00316
;WIDTH:0.40944
G1 X127.3 Y104.872 E.00337
G1 X127.293 Y105.395 E.006
;WIDTH:0.395512
G1 X127.258 Y105.725 E.00367
;WIDTH:0.378262
G1 X127.229 Y105.784 E.00069
;WIDTH:0.419999
G1 X127.103 Y105.855 E.0017
G1 X125.755 Y105.855 E.01589
G1 X125.755 Y107.103 E.01471
G1 X125.694 Y107.227 E.00163
;WIDTH:0.391199
G1 X125.553 Y107.282 E.00166
;WIDTH:0.407229
G1 X124.803 Y107.299 E.00856
G1 X124.359 Y107.263 E.00508
;WIDTH:0.419999
G1 X124.245 Y107.103 E.00232
G1 X124.245 Y107.032 E.00084
G1 X124.245 Y105.855 E.01387
G1 X122.897 Y105.855 E.01589
G1 X122.822 Y105.828 E.00094
;WIDTH:0.397305
G1 X122.723 Y105.653 E.00224
;WIDTH:0.411138
G1 X122.699 Y105 E.00753
G1 X122.713 Y104.465 E.00617
;WIDTH:0.382626
G1 X122.728 Y104.353 E.00121
M204 S1000
;WIPE_START
G1 F5760
G1 X122.736 Y104.294 E-.02062
G1 X122.778 Y104.231 E-.02622
;WIPE_END
G1 E-.75316 F2100
G1 Z6.067 F7200
G1 X127.545 Y105.91
G1 Z5.467
G1 E.8 F2100
M204 S820
;WIDTH:0.395512
G1 F900
G1 X127.521 Y106.002 E.00105
;WIDTH:0.419999
G1 X127.219 Y106.519 E.00706
G1 X126.791 Y106.998 E.00757
G1 X126.389 Y107.302 E.00594
G1 X125.891 Y107.555 E.00658
;WIDTH:0.39987
G1 X125.341 Y107.68 E.00632
;WIDTH:0.407229
G1 X124.766 Y107.688 E.00656
G1 X124.201 Y107.591 E.00654
;WIDTH:0.419999
G1 X123.664 Y107.334 E.00702
G1 X123.183 Y106.98 E.00704
G1 X122.813 Y106.564 E.00656
G1 X122.53 Y106.096 E.00645
;WIDTH:0.397305
G1 X122.347 Y105.554 E.00636
;WIDTH:0.411138
G1 X122.304 Y104.979 E.00665
G1 X122.355 Y104.408 E.00661
;WIDTH:0.405842
G1 X122.553 Y103.864 E.00658
;WIDTH:0.419999
G1 X122.838 Y103.393 E.00649
G1 X123.227 Y102.972 E.00676
G1 X123.696 Y102.643 E.00675
G1 X124.177 Y102.42 E.00625
;WIDTH:0.381961
G1 X124.414 Y102.362 E.00261
;WIDTH:0.411354
G1 X125.069 Y102.302 E.00759
G1 X125.577 Y102.354 E.00589
;WIDTH:0.378143
G1 X125.793 Y102.415 E.00237
;WIDTH:0.419999
G1 X126.251 Y102.623 E.00593
G1 X126.709 Y102.926 E.00647
G1 X127.107 Y103.331 E.00669
G1 X127.402 Y103.788 E.00641
G1 X127.516 Y104.054 E.00341
;WIDTH:0.393689
G1 X127.629 Y104.319 E.00317
;WIDTH:0.40944
G1 X127.694 Y104.883 E.00652
G1 X127.667 Y105.445 E.00646
;WIDTH:0.395512
G1 X127.56 Y105.851 E.00465
M204 S1000
;LAYER_CHANGE
;Z:5.53678
;HEIGHT:0.0700002
;BEFORE_LAYER_CHANGE
G92 E0.0
;5.53678


;WIPE_START
G1 F5760
G1 X127.545 Y105.91 E-.02108
G1 X127.521 Y106.002 E-.03293
;WIPE_END
G1 E-.74599 F2100
G1 Z5.537 F7200
;AFTER_LAYER_CHANGE
;5.53678
G1 Z6.137
G1 X131.969 Y98.072
G1 Z5.537
G1 E.8 F2100
M204 S820
;WIDTH:0.413938
G1 F900
G1 X131.976 Y98.078 E.00011
;WIDTH:0.409137
G1 X132.1 Y98.307 E.00299
;WIDTH:0.455068
G1 X132.193 Y98.826 E.00675
;WIDTH:0.463667
G1 X132.206 Y99.338 E.00669
G1 X132.206 Y110.654 E.14775
G1 X132.168 Y111.428 E.01012
;WIDTH:0.438209
G1 X132.06 Y111.81 E.00489
;WIDTH:0.412198
G1 X131.821 Y112.06 E.004
;WIDTH:0.451415
G1 X131.358 Y112.187 E.0061
;WIDTH:0.489804
G1 X130.588 Y112.245 E.01067
;WIDTH:0.505062
G1 X129.577 Y112.268 E.01442
;WIDTH:0.50751
G1 X119.888 Y112.259 E.13887
;WIDTH:0.499077
G1 X118.645 Y112.188 E.01754
;WIDTH:0.452365
G1 X118.21 Y112.07 E.00574
;WIDTH:0.413118
G1 X118.037 Y111.945 E.00247
;WIDTH:0.414601
G1 X117.887 Y111.684 E.0035
;WIDTH:0.455249
G1 X117.807 Y111.169 E.00668
;WIDTH:0.463666
G1 X117.794 Y110.662 E.00662
G1 X117.796 Y99.201 E.14964
;WIDTH:0.462458
G1 X117.847 Y98.484 E.00936
;WIDTH:0.428695
G1 X117.969 Y98.148 E.0043
;WIDTH:0.413196
G1 X118.102 Y97.996 E.00234
;WIDTH:0.428392
G1 X118.377 Y97.866 E.00366
;WIDTH:0.463058
G1 X118.785 Y97.795 E.0054
;WIDTH:0.491829
G1 X119.49 Y97.752 E.0098
;WIDTH:0.50751
G1 X121.171 Y97.728 E.0241
G1 X129.16 Y97.73 E.1145
;WIDTH:0.50645
G1 X130.689 Y97.76 E.02187
M73 P59 R5
M73 Q59 S5
;WIDTH:0.486359
G1 X131.24 Y97.799 E.00758
;WIDTH:0.463339
G1 X131.762 Y97.914 E.00697
;WIDTH:0.413938
G1 X131.921 Y98.036 E.00233
M204 S1000
G1 X131.726 Y98.424 F7200
M204 S820
;WIDTH:0.436339
G1 F900
G1 X131.742 Y98.881 E.00561
;WIDTH:0.463667
G1 X131.758 Y99.338 E.00597
G1 X131.745 Y111.413 E.15766
;WIDTH:0.438209
G1 X131.699 Y111.644 E.0029
;WIDTH:0.419587
G1 X131.533 Y111.736 E.00223
;WIDTH:0.454696
G1 X131.057 Y111.753 E.00609
;WIDTH:0.489804
G1 X130.58 Y111.771 E.0066
;WIDTH:0.505062
G1 X129.576 Y111.778 E.01432
;WIDTH:0.50751
G1 X119.891 Y111.775 E.13881
;WIDTH:0.499077
G1 X119.089 Y111.765 E.0113
;WIDTH:0.478279
G1 X118.778 Y111.75 E.0042
;WIDTH:0.448918
G1 X118.467 Y111.736 E.00393
;WIDTH:0.419557
G1 X118.369 Y111.706 E.00121
;WIDTH:0.413748
G1 X118.271 Y111.572 E.00193
;WIDTH:0.463666
G1 X118.242 Y110.663 E.01187
G1 X118.243 Y99.201 E.14966
;WIDTH:0.462458
G1 X118.26 Y98.504 E.00908
M73 P60 R5
M73 Q60 S5
;WIDTH:0.428695
G1 X118.328 Y98.326 E.00229
G1 X118.467 Y98.26 E.00185
;WIDTH:0.460306
G1 X118.984 Y98.244 E.0067
;WIDTH:0.491829
G1 X119.502 Y98.228 E.00719
;WIDTH:0.50751
G1 X129.16 Y98.221 E.13843
;WIDTH:0.50645
G1 X130.683 Y98.231 E.02178
;WIDTH:0.486359
G1 X131.195 Y98.243 E.00703
;WIDTH:0.463339
G1 X131.62 Y98.287 E.00557
;WIDTH:0.41427
G1 X131.689 Y98.377 E.00132
M204 S1000
;WIPE_START
G1 F5760
G1 X131.726 Y98.424 E-.02072
G1 X131.742 Y98.881 E-.15838
;WIPE_END
G1 E-.6209 F2100
G1 Z6.137 F7200
G1 X126.866 Y103.726
G1 Z5.537
G1 E.8 F2100
M204 S820
;TYPE:Perimeter
;WIDTH:0.452354
G1 F900
G1 X126.174 Y103.726 E.00881
G1 X126.174 Y103.069 E.00836
G1 X126.392 Y103.206 E.00328
G1 X126.742 Y103.543 E.00618
G1 X126.833 Y103.676 E.00205
M204 S1000
;WIPE_START
G1 F5760
G1 X126.866 Y103.726 E-.02075
G1 X126.174 Y103.726 E-.23968
G1 X126.174 Y103.069 E-.22755
G1 X126.392 Y103.206 E-.08918
G1 X126.742 Y103.543 E-.16828
G1 X126.831 Y103.673 E-.05456
;WIPE_END
G1 Z6.137 F7200
G1 X123.825 Y103.725
G1 Z5.537
G1 E.8 F2100
M204 S820
;WIDTH:0.4545
G1 F900
G1 X123.13 Y103.725 E.00889
G1 X123.444 Y103.356 E.0062
G1 X123.825 Y103.065 E.00613
G1 X123.825 Y103.665 E.00767
M204 S1000
;WIPE_START
G1 F5760
G1 X123.825 Y103.725 E-.02078
G1 X123.13 Y103.725 E-.24072
G1 X123.444 Y103.356 E-.16781
G1 X123.825 Y103.065 E-.16605
G1 X123.825 Y103.656 E-.20464
;WIPE_END
G1 Z6.137 F7200
G1 X123.825 Y106.275
G1 Z5.537
G1 E.8 F2100
M204 S820
;WIDTH:0.454498
G1 F900
G1 X123.825 Y106.935 E.00844
G1 X123.491 Y106.695 E.00526
G1 X123.13 Y106.275 E.00708
G1 X123.765 Y106.275 E.00812
M204 S1000
;WIPE_START
G1 F5760
G1 X123.825 Y106.275 E-.02078
G1 X123.825 Y106.935 E-.22859
G1 X123.491 Y106.695 E-.14245
G1 X123.13 Y106.275 E-.19182
G1 X123.755 Y106.275 E-.21636
;WIPE_END
G1 Z6.137 F7200
G1 X126.876 Y106.275
G1 Z5.537
G1 E.8 F2100
M204 S820
;WIDTH:0.455166
G1 F900
G1 X126.586 Y106.626 E.00583
G1 X126.175 Y106.939 E.00662
G1 X126.175 Y106.275 E.00851
G1 X126.816 Y106.275 E.00821
M204 S1000
;WIPE_START
G1 F5760
G1 X126.876 Y106.275 E-.02078
G1 X126.586 Y106.626 E-.1577
G1 X126.175 Y106.939 E-.17893
G1 X126.175 Y106.275 E-.22998
G1 X126.789 Y106.275 E-.21261
;WIPE_END
G1 Z6.137 F7200
G1 X122.737 Y104.296
G1 Z5.537
G1 E.8 F2100
M204 S820
;TYPE:External perimeter
;WIDTH:0.406634
G1 F900
G1 X122.822 Y104.17 E.00173
;WIDTH:0.419999
G1 X124.247 Y104.147 E.0168
G1 X124.247 Y102.9 E.0147
G1 X124.386 Y102.731 E.00258
;WIDTH:0.413816
G1 X125.057 Y102.7 E.0078
G1 X125.575 Y102.719 E.00602
;WIDTH:0.379171
G1 X125.641 Y102.742 E.00074
;WIDTH:0.419999
G1 X125.753 Y102.9 E.00228
G1 X125.753 Y104.147 E.0147
G1 X127.1 Y104.147 E.01588
G1 X127.181 Y104.217 E.00126
;WIDTH:0.390161
G1 X127.261 Y104.287 E.00116
;WIDTH:0.386086
G1 X127.28 Y104.578 E.00315
;WIDTH:0.411849
G1 X127.299 Y104.87 E.00338
G1 X127.292 Y105.397 E.00609
;WIDTH:0.397809
G1 X127.257 Y105.724 E.00366
;WIDTH:0.380501
G1 X127.226 Y105.783 E.00071
;WIDTH:0.419999
G1 X127.1 Y105.853 E.0017
G1 X125.753 Y105.853 E.01588
G1 X125.753 Y107.1 E.0147
G1 X125.693 Y107.225 E.00163
;WIDTH:0.393251
G1 X125.55 Y107.281 E.00169
;WIDTH:0.409637
G1 X124.802 Y107.298 E.00859
G1 X124.36 Y107.261 E.00509
;WIDTH:0.419999
G1 X124.247 Y107.1 E.00232
G1 X124.247 Y107.032 E.0008
G1 X124.247 Y105.853 E.0139
G1 X122.9 Y105.853 E.01588
G1 X122.823 Y105.826 E.00096
;WIDTH:0.398426
G1 X122.724 Y105.65 E.00225
;WIDTH:0.413576
G1 X122.7 Y105 E.00754
G1 X122.715 Y104.466 E.0062
;WIDTH:0.385079
G1 X122.729 Y104.355 E.0012
M204 S1000
;WIPE_START
G1 F5760
G1 X122.737 Y104.296 E-.02062
G1 X122.822 Y104.17 E-.05264
;WIPE_END
G1 E-.72674 F2100
G1 Z6.137 F7200
G1 X127.546 Y105.909
G1 Z5.537
G1 E.8 F2100
M204 S820
;WIDTH:0.397809
G1 F900
G1 X127.521 Y106.004 E.00109
;WIDTH:0.419999
G1 X127.248 Y106.488 E.00655
G1 X126.882 Y106.93 E.00676
G1 X126.432 Y107.284 E.00675
G1 X125.894 Y107.555 E.0071
;WIDTH:0.402389
G1 X125.34 Y107.681 E.0064
;WIDTH:0.409637
G1 X124.765 Y107.689 E.0066
G1 X124.199 Y107.592 E.00659
;WIDTH:0.419999
G1 X123.662 Y107.336 E.00701
G1 X123.181 Y106.981 E.00705
G1 X122.811 Y106.565 E.00656
G1 X122.528 Y106.097 E.00645
;WIDTH:0.398426
G1 X122.346 Y105.554 E.00639
;WIDTH:0.413576
G1 X122.303 Y104.979 E.00669
G1 X122.354 Y104.407 E.00666
;WIDTH:0.406634
G1 X122.551 Y103.863 E.00659
;WIDTH:0.419999
G1 X122.836 Y103.392 E.00649
G1 X123.225 Y102.971 E.00676
G1 X123.695 Y102.641 E.00677
G1 X124.177 Y102.418 E.00626
;WIDTH:0.384852
G1 X124.416 Y102.36 E.00265
;WIDTH:0.413816
G1 X125.068 Y102.301 E.0076
G1 X125.575 Y102.353 E.00592
;WIDTH:0.380804
G1 X125.793 Y102.414 E.00241
;WIDTH:0.419999
G1 X126.254 Y102.622 E.00596
G1 X126.71 Y102.923 E.00644
G1 X127.108 Y103.328 E.00669
G1 X127.404 Y103.786 E.00643
G1 X127.631 Y104.321 E.00685
;WIDTH:0.411849
G1 X127.695 Y104.881 E.00651
G1 X127.668 Y105.447 E.00654
;WIDTH:0.397809
G1 X127.561 Y105.851 E.00466
M204 S1000
;LAYER_CHANGE
;Z:5.60678
;HEIGHT:0.0700002
;BEFORE_LAYER_CHANGE
G92 E0.0
;5.60678


;WIPE_START
G1 F5760
G1 X127.546 Y105.909 E-.02075
G1 X127.521 Y106.004 E-.03402
;WIPE_END
G1 E-.74523 F2100
G1 Z5.607 F7200
;AFTER_LAYER_CHANGE
;5.60678
G1 Z6.207
G1 X131.904 Y98.097
G1 Z5.607
G1 E.8 F2100
M204 S820
;WIDTH:0.39852
G1 F900
G1 X131.917 Y98.105 E.00017
;WIDTH:0.402612
G1 X132.075 Y98.399 E.00376
;WIDTH:0.433827
G1 X132.142 Y98.792 E.00486
;WIDTH:0.447055
G1 X132.163 Y99.304 E.00644
G1 X132.162 Y110.785 E.14435
;WIDTH:0.446551
G1 X132.115 Y111.434 E.00817
;WIDTH:0.416075
G1 X132.003 Y111.778 E.00422
;WIDTH:0.38988
G1 X131.769 Y112.02 E.00367
;WIDTH:0.415059
G1 X131.531 Y112.085 E.00287
;WIDTH:0.440238
G1 X131.293 Y112.151 E.00306
;WIDTH:0.480147
G1 X130.581 Y112.212 E.00967
;WIDTH:0.505009
G1 X129.116 Y112.25 E.0209
;WIDTH:0.507509
G1 X120.225 Y112.239 E.12743
;WIDTH:0.498151
G1 X119.404 Y112.211 E.01155
;WIDTH:0.480227
G1 X118.805 Y112.164 E.00813
;WIDTH:0.451534
G1 X118.551 Y112.104 E.00332
;WIDTH:0.421646
G1 X118.296 Y112.045 E.0031
;WIDTH:0.391758
G1 X118.1 Y111.918 E.00256
;WIDTH:0.397564
G1 X117.939 Y111.664 E.00335
M73 P61 R5
M73 Q61 S5
;WIDTH:0.425465
G1 X117.87 Y111.339 E.00397
;WIDTH:0.446664
G1 X117.838 Y110.795 E.00685
G1 X117.838 Y99.215 E.14547
;WIDTH:0.446551
G1 X117.885 Y98.566 E.00817
;WIDTH:0.416077
G1 X118.004 Y98.208 E.0044
;WIDTH:0.389352
G1 X118.152 Y98.038 E.00246
;WIDTH:0.414825
G1 X118.435 Y97.905 E.00364
;WIDTH:0.458378
G1 X118.933 Y97.821 E.00652
;WIDTH:0.482636
G1 X119.499 Y97.784 E.00772
;WIDTH:0.498162
G1 X120.221 Y97.761 E.01016
;WIDTH:0.506544
G1 X121.356 Y97.748 E.01624
;WIDTH:0.50703
G1 X129.779 Y97.761 E.12061
;WIDTH:0.498157
G1 X130.59 Y97.788 E.01141
;WIDTH:0.480184
G1 X131.091 Y97.824 E.0068
;WIDTH:0.458283
G1 X131.365 Y97.875 E.0036
;WIDTH:0.428402
G1 X131.639 Y97.926 E.00335
;WIDTH:0.39852
G1 X131.854 Y98.065 E.00286
M204 S1000
G1 X131.679 Y98.403 F7200
M204 S820
;WIDTH:0.407962
G1 F900
G1 X131.701 Y98.603 E.0023
;WIDTH:0.433827
G1 X131.724 Y98.803 E.00245
;WIDTH:0.447055
G1 X131.73 Y110.785 E.15065
;WIDTH:0.446551
G1 X131.715 Y111.415 E.00791
;WIDTH:0.416075
G1 X131.671 Y111.615 E.00239
;WIDTH:0.399328
G1 X131.515 Y111.707 E.00203
;WIDTH:0.439738
G1 X131.044 Y111.727 E.00583
;WIDTH:0.480147
G1 X130.573 Y111.747 E.00638
;WIDTH:0.505009
G1 X129.116 Y111.76 E.02078
;WIDTH:0.507509
G1 X120.228 Y111.756 E.12739
;WIDTH:0.498151
G1 X119.427 Y111.747 E.01126
;WIDTH:0.480227
G1 X118.855 Y111.733 E.00775
;WIDTH:0.451534
G1 X118.629 Y111.708 E.00289
;WIDTH:0.42023
G1 X118.403 Y111.682 E.00268
;WIDTH:0.397564
G1 X118.296 Y111.544 E.00194
;WIDTH:0.446664
G1 X118.27 Y110.787 E.00951
G1 X118.27 Y99.215 E.14537
;WIDTH:0.446551
G1 X118.285 Y98.585 E.00791
;WIDTH:0.416077
G1 X118.332 Y98.38 E.00245
;WIDTH:0.406845
G1 X118.485 Y98.29 E.00202
;WIDTH:0.444741
G1 X119 Y98.271 E.00644
;WIDTH:0.482636
G1 X119.514 Y98.252 E.007
;WIDTH:0.498162
G1 X120.228 Y98.244 E.01004
;WIDTH:0.506544
G1 X121.356 Y98.24 E.01614
;WIDTH:0.50703
G1 X129.772 Y98.244 E.12051
;WIDTH:0.498157
G1 X130.575 Y98.253 E.01129
;WIDTH:0.480184
G1 X130.98 Y98.266 E.00549
;WIDTH:0.454183
G1 X131.386 Y98.279 E.00519
;WIDTH:0.428181
G1 X131.561 Y98.301 E.00212
;WIDTH:0.396331
G1 X131.634 Y98.364 E.00107
M204 S1000
;WIPE_START
G1 F5760
G1 X131.679 Y98.403 E-.02062
G1 X131.701 Y98.603 E-.06969
;WIPE_END
G1 E-.70969 F2100
G1 Z6.207 F7200
G1 X126.173 Y103.067
G1 Z5.607
G1 E.8 F2100
M204 S820
;TYPE:Perimeter
;WIDTH:0.454798
G1 F900
G1 X126.392 Y103.204 E.00331
G1 X126.742 Y103.541 E.00622
G1 X126.869 Y103.727 E.00288
G1 X126.173 Y103.727 E.00891
G1 X126.173 Y103.127 E.00768
M204 S1000
;WIPE_START
G1 F5760
G1 X126.173 Y103.067 E-.02078
G1 X126.392 Y103.204 E-.08947
G1 X126.742 Y103.541 E-.16828
G1 X126.869 Y103.727 E-.07801
G1 X126.173 Y103.727 E-.24106
G1 X126.173 Y103.143 E-.2024
;WIPE_END
G1 Z6.207 F7200
G1 X123.826 Y103.726
G1 Z5.607
G1 E.8 F2100
M204 S820
;WIDTH:0.456954
G1 F900
G1 X123.128 Y103.726 E.00898
G1 X123.443 Y103.355 E.00626
G1 X123.826 Y103.063 E.00619
G1 X123.826 Y103.666 E.00776
M204 S1000
;WIPE_START
G1 F5760
G1 X123.826 Y103.726 E-.02078
G1 X123.128 Y103.726 E-.24176
G1 X123.443 Y103.355 E-.16857
G1 X123.826 Y103.063 E-.16681
G1 X123.826 Y103.647 E-.20208
;WIPE_END
G1 Z6.207 F7200
G1 X123.826 Y106.274
G1 Z5.607
G1 E.8 F2100
M204 S820
;WIDTH:0.456955
G1 F900
G1 X123.826 Y106.937 E.00853
G1 X123.49 Y106.695 E.00533
G1 X123.128 Y106.274 E.00714
G1 X123.766 Y106.274 E.00821
M204 S1000
;WIPE_START
G1 F5760
G1 X123.826 Y106.274 E-.02078
G1 X123.826 Y106.937 E-.22963
G1 X123.49 Y106.695 E-.14342
G1 X123.128 Y106.274 E-.19231
G1 X123.746 Y106.274 E-.21386
;WIPE_END
G1 Z6.207 F7200
G1 X126.878 Y106.274
G1 Z5.607
G1 E.8 F2100
M204 S820
;WIDTH:0.457661
G1 F900
G1 X126.586 Y106.628 E.00591
G1 X126.174 Y106.941 E.00667
G1 X126.174 Y106.274 E.00859
G1 X126.818 Y106.274 E.0083
M204 S1000
;WIPE_START
G1 F5760
G1 X126.878 Y106.274 E-.02078
G1 X126.586 Y106.628 E-.15894
G1 X126.174 Y106.941 E-.17921
G1 X126.174 Y106.274 E-.23102
G1 X126.781 Y106.274 E-.21005
;WIPE_END
G1 Z6.207 F7200
G1 X122.738 Y104.298
G1 Z5.607
G1 E.8 F2100
M204 S820
;TYPE:External perimeter
;WIDTH:0.407413
G1 F900
G1 X122.824 Y104.172 E.00174
;WIDTH:0.419999
G1 X124.25 Y104.15 E.01681
G1 X124.25 Y102.902 E.01471
G1 X124.388 Y102.732 E.00258
;WIDTH:0.416277
G1 X125.056 Y102.702 E.00781
G1 X125.572 Y102.72 E.00603
;WIDTH:0.38183
G1 X125.639 Y102.743 E.00076
;WIDTH:0.419999
G1 X125.75 Y102.902 E.00229
G1 X125.75 Y104.15 E.01471
G1 X127.098 Y104.15 E.01589
G1 X127.179 Y104.219 E.00125
;WIDTH:0.391515
G1 X127.26 Y104.289 E.00117
;WIDTH:0.388644
G1 X127.279 Y104.578 E.00315
;WIDTH:0.414257
G1 X127.297 Y104.868 E.00338
G1 X127.29 Y105.399 E.00617
;WIDTH:0.400106
G1 X127.255 Y105.722 E.00364
;WIDTH:0.382707
G1 X127.224 Y105.782 E.00072
;WIDTH:0.419999
G1 X127.098 Y105.85 E.00169
G1 X125.75 Y105.85 E.01589
G1 X125.75 Y107.098 E.01471
G1 X125.692 Y107.222 E.00161
M73 P62 R5
M73 Q62 S5
;WIDTH:0.395244
G1 X125.548 Y107.28 E.00172
;WIDTH:0.412046
G1 X124.801 Y107.296 E.00863
G1 X124.361 Y107.26 E.0051
;WIDTH:0.419999
G1 X124.25 Y107.098 E.00231
G1 X124.25 Y107.031 E.00079
G1 X124.25 Y105.85 E.01392
G1 X122.902 Y105.85 E.01589
G1 X122.825 Y105.824 E.00096
;WIDTH:0.399536
G1 X122.725 Y105.648 E.00227
;WIDTH:0.416014
G1 X122.702 Y105 E.00757
G1 X122.716 Y104.466 E.00623
;WIDTH:0.387533
G1 X122.73 Y104.357 E.00119
M204 S1000
;WIPE_START
G1 F5760
G1 X122.738 Y104.298 E-.02062
G1 X122.824 Y104.172 E-.05284
;WIPE_END
G1 E-.72654 F2100
G1 Z6.207 F7200
G1 X127.547 Y105.91
G1 Z5.607
G1 E.8 F2100
M204 S820
;WIDTH:0.400106
G1 F900
G1 X127.522 Y106.007 E.00112
;WIDTH:0.419999
G1 X127.221 Y106.525 E.00706
G1 X126.794 Y107.003 E.00755
G1 X126.389 Y107.308 E.00598
G1 X125.897 Y107.556 E.00649
;WIDTH:0.404909
G1 X125.339 Y107.683 E.00649
;WIDTH:0.412046
G1 X124.764 Y107.69 E.00664
G1 X124.198 Y107.592 E.00664
;WIDTH:0.419999
G1 X123.66 Y107.338 E.00701
G1 X123.178 Y106.982 E.00706
G1 X122.808 Y106.566 E.00656
G1 X122.526 Y106.097 E.00645
;WIDTH:0.399536
G1 X122.344 Y105.554 E.00641
;WIDTH:0.416014
G1 X122.302 Y104.979 E.00673
G1 X122.353 Y104.407 E.0067
;WIDTH:0.407413
G1 X122.549 Y103.862 E.00661
;WIDTH:0.419999
G1 X122.834 Y103.391 E.00649
G1 X123.223 Y102.969 E.00676
G1 X123.693 Y102.639 E.00677
G1 X124.178 Y102.417 E.00629
;WIDTH:0.387746
G1 X124.418 Y102.359 E.00268
;WIDTH:0.416277
G1 X125.067 Y102.3 E.00761
G1 X125.572 Y102.351 E.00593
;WIDTH:0.383464
G1 X125.792 Y102.412 E.00245
;WIDTH:0.419999
G1 X126.257 Y102.621 E.00601
G1 X126.71 Y102.92 E.0064
G1 X127.109 Y103.326 E.00671
G1 X127.405 Y103.783 E.00642
G1 X127.633 Y104.324 E.00692
;WIDTH:0.414257
G1 X127.696 Y104.878 E.00648
G1 X127.669 Y105.45 E.00665
;WIDTH:0.400106
G1 X127.563 Y105.852 E.00466
M204 S1000
;LAYER_CHANGE
;Z:5.67678
;HEIGHT:0.0699997
;BEFORE_LAYER_CHANGE
G92 E0.0
;5.67678


;WIPE_START
G1 F5760
G1 X127.547 Y105.91 E-.02084
G1 X127.522 Y106.007 E-.03469
;WIPE_END
G1 E-.74447 F2100
G1 Z5.677 F7200
;AFTER_LAYER_CHANGE
;5.67678
G1 Z6.277
G1 X131.202 Y98.76
G1 Z5.677
G1 E.8 F2100
;TYPE:Overhang perimeter
;WIDTH:0.389872
;HEIGHT:0.389872
G1 F1800
G1 X131.237 Y98.933 E.00876
G1 X131.262 Y99.433 E.02485
G1 X131.262 Y110.606 E.55455
G1 X131.201 Y111.226 E.03092
G1 X131.054 Y111.278 E.00774
G1 X130.784 Y111.307 E.01348
M204 S820
;TYPE:Perimeter
;WIDTH:0.449999
;HEIGHT:0.07
G1 F1054
G1 X130.282 Y111.362 E.00639
G1 X128.7 Y111.417 E.02004
G1 X122.397 Y111.423 E.07979
G1 X120.608 Y111.402 E.02265
G1 X119.206 Y111.307 E.01779
M204 S1000
;TYPE:Overhang perimeter
;WIDTH:0.389872
;HEIGHT:0.389872
G1 F1800
G1 X118.81 Y111.239 E.01994
G1 X118.741 Y110.742 E.0249
G1 X118.738 Y99.393 E.56328
G1 X118.798 Y98.775 E.03082
G1 X119.142 Y98.693 E.01755
M204 S820
;TYPE:Perimeter
;WIDTH:0.449999
;HEIGHT:0.07
G1 F1054
G1 X119.711 Y98.639 E.00724
G1 X121.394 Y98.582 E.02132
G1 X127.665 Y98.577 E.07938
G1 X129.779 Y98.613 E.02676
G1 X130.819 Y98.693 E.0132
M204 S1000
;TYPE:Overhang perimeter
;WIDTH:0.389872
;HEIGHT:0.389872
G1 F1800
G1 X131.143 Y98.749 E.01632
G1 X131.439 Y98.384 F7200
M204 S820
;TYPE:Perimeter
;WIDTH:0.449999
;HEIGHT:0.07
G1 F1054
G1 X131.577 Y98.519 E.00244
G1 X131.672 Y98.911 E.00511
G1 X131.697 Y99.433 E.00662
G1 X131.697 Y110.308 E.13767
G1 X131.681 Y110.998 E.00874
G1 X131.605 Y111.426 E.0055
G1 X131.467 Y111.594 E.00275
G1 X131.151 Y111.705 E.00424
G1 X130.313 Y111.796 E.01067
G1 X128.708 Y111.852 E.02033
G1 X122.395 Y111.858 E.07992
G1 X120.588 Y111.837 E.02288
G1 X119.245 Y111.754 E.01703
G1 X118.744 Y111.677 E.00642
G1 X118.472 Y111.55 E.0038
G1 X118.356 Y111.239 E.0042
G1 X118.306 Y110.758 E.00612
G1 X118.303 Y99.677 E.14027
G1 X118.317 Y99.043 E.00803
G1 X118.378 Y98.661 E.0049
G1 X118.48 Y98.442 E.00306
G1 X118.981 Y98.271 E.0067
G1 X119.683 Y98.204 E.00893
G1 X121.387 Y98.147 E.02158
G1 X127.669 Y98.142 E.07952
G1 X129.797 Y98.178 E.02694
G1 X130.568 Y98.228 E.00978
G1 X131.097 Y98.286 E.00674
G1 X131.382 Y98.368 E.00375
M204 S1000
G1 X131.643 Y98.028 F7200
M204 S820
;TYPE:External perimeter
;WIDTH:0.419999
G1 F1054
G1 X131.828 Y98.155 E.00264
G1 X132.008 Y98.444 E.00401
G1 X132.091 Y98.889 E.00534
G1 X132.117 Y99.433 E.00642
G1 X132.117 Y110.308 E.12817
G1 X132.101 Y111.015 E.00833
G1 X132.029 Y111.448 E.00517
G1 X131.921 Y111.74 E.00367
G1 X131.693 Y111.96 E.00373
G1 X131.244 Y112.117 E.00561
G1 X130.343 Y112.215 E.01068
G1 X128.715 Y112.272 E.0192
G1 X122.393 Y112.278 E.07451
G1 X120.617 Y112.258 E.02093
M73 P63 R5
M73 Q63 S5
G1 X119.705 Y112.217 E.01076
G1 X119.205 Y112.172 E.00592
G1 X118.529 Y112.059 E.00808
G1 X118.194 Y111.877 E.00449
G1 X118.053 Y111.695 E.00271
G1 X117.953 Y111.359 E.00413
G1 X117.886 Y110.773 E.00695
G1 X117.883 Y99.678 E.13076
G1 X117.899 Y98.985 E.00817
G1 X117.992 Y98.45 E.0064
G1 X118.16 Y98.156 E.00399
G1 X118.357 Y98.011 E.00288
G1 X118.903 Y97.857 E.00669
G1 X119.656 Y97.785 E.00892
G1 X121.379 Y97.727 E.02032
G1 X127.672 Y97.722 E.07417
G1 X129.814 Y97.758 E.02525
G1 X130.595 Y97.809 E.00922
G1 X131.154 Y97.87 E.00663
G1 X131.567 Y97.975 E.00502
G1 X131.594 Y97.994 E.00039
M204 S1000
;WIPE_START
G1 F5760
G1 X131.643 Y98.028 E-.02066
G1 X131.828 Y98.155 E-.07772
G1 X132.008 Y98.444 E-.11792
G1 X132.091 Y98.889 E-.15679
G1 X132.117 Y99.433 E-.18863
G1 X132.117 Y100.121 E-.23828
;WIPE_END
G1 Z6.277 F7200
G1 X119.074 Y98.833
G1 Z5.677
G1 E.8 F2100
;TYPE:Bridge infill
;WIDTH:0.405823
;HEIGHT:0.389872
G1 F1800
G1 X119.088 Y110.962 E.65226
G1 X119.533 Y111.011 E.02408
G1 X119.53 Y98.986 E.64667
G1 X119.986 Y98.958 E.02457
G1 X119.989 Y111.045 E.65
G1 X120.445 Y111.066 E.02455
G1 X120.442 Y98.943 E.65194
G1 X120.898 Y98.927 E.02454
G1 X120.901 Y111.078 E.65345
G1 X121.356 Y111.083 E.02447
G1 X121.353 Y98.912 E.65452
G1 X121.809 Y98.91 E.02452
G1 X121.812 Y111.088 E.6549
G1 X122.268 Y111.093 E.02452
G1 X122.265 Y98.91 E.65517
G1 X122.721 Y98.909 E.02452
G1 X122.724 Y111.094 E.65527
G1 X123.18 Y111.094 E.02452
G1 X123.177 Y98.909 E.65527
G1 X123.633 Y98.909 E.02452
G1 X123.636 Y111.093 E.65522
G1 X124.091 Y111.093 E.02447
G1 X124.088 Y98.909 E.65522
G1 X124.544 Y98.908 E.02452
G1 X124.547 Y111.092 E.65522
G1 X125.003 Y111.092 E.02452
G1 X125 Y98.908 E.65522
G1 X125.456 Y98.908 E.02452
G1 X125.459 Y111.092 E.65522
G1 X125.915 Y111.091 E.02452
M73 P64 R5
M73 Q64 S5
G1 X125.912 Y98.907 E.65522
G1 X126.367 Y98.907 E.02447
G1 X126.371 Y111.091 E.65522
G1 X126.826 Y111.09 E.02447
G1 X126.823 Y98.907 E.65517
G1 X127.279 Y98.906 E.02452
G1 X127.282 Y111.09 E.65522
G1 X127.738 Y111.089 E.02452
G1 X127.735 Y98.907 E.65511
G1 X128.191 Y98.915 E.02453
G1 X128.194 Y111.089 E.65468
G1 X128.65 Y111.088 E.02452
G1 X128.647 Y98.922 E.65425
G1 X129.102 Y98.93 E.02447
G1 X129.105 Y111.074 E.65307
G1 X129.561 Y111.058 E.02454
G1 X129.558 Y98.938 E.65178
G1 X130.014 Y98.957 E.02454
G1 X130.017 Y111.042 E.6499
G1 X130.473 Y111.01 E.02458
G1 X130.47 Y98.987 E.64656
G1 X130.912 Y99.031 E.02389
G1 X130.926 Y99.278 E.0133
G1 X130.929 Y111.158 E.63887
;LAYER_CHANGE
;Z:5.74678
;HEIGHT:0.0700002
;BEFORE_LAYER_CHANGE
G92 E0.0
;5.74678


;WIPE_START
G1 F5760
G1 X130.928 Y108.848 E-.8
;WIPE_END
G1 Z5.747 F7200
;AFTER_LAYER_CHANGE
;5.74678
G1 Z6.347
G1 X131.071 Y98.795
G1 Z5.747
G1 E.8 F2100
M204 S820
;TYPE:Perimeter
;WIDTH:0.449999
G1 F1550
G1 X131.137 Y98.86 E.00117
G1 X131.192 Y99.394 E.0068
G1 X131.191 Y110.558 E.14132
G1 X131.121 Y111.173 E.00784
G1 X130.969 Y111.23 E.00206
G1 X130.442 Y111.302 E.00673
G1 X129.578 Y111.361 E.01096
G1 X128.887 Y111.385 E.00875
G1 X123.21 Y111.404 E.07187
G1 X121.998 Y111.4 E.01534
G1 X120.41 Y111.359 E.02011
G1 X119.124 Y111.25 E.01634
G1 X118.865 Y111.173 E.00342
G1 X118.81 Y110.757 E.00531
G1 X118.808 Y100.354 E.13169
G1 X118.81 Y99.356 E.01263
G1 X118.885 Y98.807 E.00701
G1 X119.045 Y98.765 E.00209
G1 X119.553 Y98.698 E.00649
G1 X120.446 Y98.638 E.01133
G1 X121.996 Y98.6 E.01963
G1 X128.004 Y98.6 E.07606
G1 X129.59 Y98.641 E.02008
G1 X130.471 Y98.701 E.01118
G1 X131.012 Y98.786 E.00693
M204 S1000
G1 X131.364 Y98.457 F7200
M204 S820
G1 F1550
G1 X131.493 Y98.577 E.00223
G1 X131.587 Y98.873 E.00393
G1 X131.627 Y99.394 E.00661
G1 X131.628 Y110.545 E.14116
G1 X131.583 Y111.169 E.00792
G1 X131.443 Y111.49 E.00443
G1 X131.076 Y111.655 E.00509
G1 X130.486 Y111.735 E.00754
G1 X129.601 Y111.795 E.01123
G1 X128.896 Y111.82 E.00893
G1 X123.21 Y111.839 E.07198
G1 X121.992 Y111.835 E.01542
M73 P65 R5
M73 Q65 S5
G1 X120.472 Y111.797 E.01925
G1 X119.477 Y111.731 E.01262
G1 X118.846 Y111.633 E.00808
G1 X118.557 Y111.499 E.00403
G1 X118.447 Y111.295 E.00293
G1 X118.375 Y110.779 E.0066
G1 X118.373 Y100.354 E.13197
G1 X118.377 Y99.321 E.01308
G1 X118.442 Y98.76 E.00715
G1 X118.573 Y98.478 E.00394
G1 X118.98 Y98.332 E.00547
G1 X119.511 Y98.265 E.00678
G1 X120.426 Y98.204 E.01161
G1 X121.991 Y98.165 E.01982
G1 X128.009 Y98.165 E.07618
G1 X129.574 Y98.204 E.01982
G1 X130.49 Y98.265 E.01162
G1 X131.018 Y98.334 E.00674
G1 X131.307 Y98.437 E.00388
M204 S1000
G1 X131.612 Y98.115 F7200
M204 S820
;TYPE:External perimeter
;WIDTH:0.419999
G1 F1500
G1 X131.737 Y98.185 E.00169
G1 X131.921 Y98.462 E.00392
G1 X132.018 Y98.872 E.00497
G1 X132.047 Y99.394 E.00616
G1 X132.048 Y110.56 E.1316
G1 X131.998 Y111.254 E.0082
G1 X131.854 Y111.672 E.00521
G1 X131.634 Y111.895 E.00369
G1 X131.179 Y112.064 E.00572
G1 X130.528 Y112.153 E.00774
G1 X129.622 Y112.215 E.0107
G1 X128.904 Y112.24 E.00847
G1 X121.986 Y112.255 E.08153
G1 X120.352 Y112.212 E.01926
G1 X119.187 Y112.119 E.01377
G1 X118.6 Y112.005 E.00705
G1 X118.263 Y111.815 E.00456
G1 X118.078 Y111.535 E.00396
G1 X118.024 Y111.337 E.00242
G1 X117.955 Y110.801 E.00637
G1 X117.953 Y99.35 E.13496
G1 X118.002 Y98.747 E.00713
G1 X118.147 Y98.323 E.00528
G1 X118.234 Y98.227 E.00153
G1 X118.476 Y98.053 E.00351
G1 X118.899 Y97.919 E.00523
G1 X119.47 Y97.847 E.00678
G1 X120.407 Y97.784 E.01107
G1 X121.986 Y97.745 E.01862
G1 X128.014 Y97.745 E.07105
G1 X129.538 Y97.783 E.01797
G1 X130.694 Y97.867 E.01366
G1 X131.4 Y97.995 E.00846
G1 X131.56 Y98.085 E.00216
M204 S1000
;WIPE_START
G1 F5760
G1 X131.612 Y98.115 E-.02079
G1 X131.737 Y98.185 E-.04962
G1 X131.921 Y98.462 E-.11518
G1 X132.018 Y98.872 E-.14593
G1 X132.047 Y99.394 E-.18108
G1 X132.047 Y100.224 E-.2874
;WIPE_END
G1 Z6.347 F7200
G1 X119.299 Y99.121
G1 Z5.747
G1 E.8 F2100
M204 S2000
;TYPE:Solid infill
;WIDTH:0.58208
G1 F1550
G1 X119.249 Y99.07 E.00118
G1 X119.18 Y99.089 E.00118
G1 X119.162 Y99.157 E.00116
G1 X119.212 Y99.207 E.00117
G1 X119.281 Y99.189 E.00118
;WIDTH:0.449999
G1 X119.134 Y99.944 E.00974
G1 X120.089 Y98.989 E.0171
G1 X120.736 Y98.958 E.0082
G1 X119.135 Y100.559 E.02866
G1 X119.135 Y101.174 E.00779
G1 X121.366 Y98.942 E.03995
G1 X121.997 Y98.927 E.00799
G1 X119.135 Y101.789 E.05124
G1 X119.135 Y102.404 E.00779
G1 X122.612 Y98.927 E.06225
G1 X123.227 Y98.927 E.00779
G1 X119.135 Y103.019 E.07326
G1 X119.135 Y103.634 E.00779
G1 X123.842 Y98.927 E.08427
G1 X124.458 Y98.927 E.0078
G1 X119.135 Y104.249 E.09529
G1 X119.135 Y104.864 E.00779
G1 X125.073 Y98.927 E.1063
G1 X125.688 Y98.927 E.00779
G1 X119.135 Y105.479 E.11731
G1 X119.136 Y106.094 E.00779
G1 X126.303 Y98.927 E.12831
G1 X126.918 Y98.927 E.00779
G1 X119.136 Y106.709 E.13932
G1 X119.136 Y107.324 E.00779
G1 X127.533 Y98.927 E.15033
G1 X128.144 Y98.931 E.00773
G1 X119.136 Y107.939 E.16127
G1 X119.136 Y108.554 E.00779
G1 X128.745 Y98.945 E.17202
G1 X129.346 Y98.96 E.00761
M73 P66 R5
M73 Q66 S5
G1 X119.136 Y109.169 E.18278
G1 X119.136 Y109.784 E.00779
G1 X129.93 Y98.991 E.19323
G1 X130.501 Y99.035 E.00725
G1 X119.136 Y110.399 E.20345
G1 X119.008 Y111.057 E.00849
;WIDTH:0.355022
G1 X118.977 Y110.821 E.00236
;WIDTH:0.402511
G1 X119.101 Y110.873 E.00152
;WIDTH:0.449999
G1 X119.225 Y110.926 E.00171
G1 X130.859 Y99.292 E.20828
G1 X130.922 Y99.15 E.00197
;WIDTH:0.402511
G1 X130.984 Y99.007 E.00176
;WIDTH:0.355022
G1 X130.943 Y99.018 E.00042
G1 X130.924 Y98.947 E.00073
G1 X130.995 Y98.966 E.00073
M204 S1000
G1 X130.866 Y99.9 F7200
M204 S2000
;WIDTH:0.449999
G1 F1550
G1 X119.776 Y110.99 E.19854
G1 X120.353 Y111.028 E.00732
M73 P66 R4
G1 X130.866 Y100.515 E.18821
G1 X130.866 Y101.13 E.00779
M73 Q66 S4
G1 X120.949 Y111.048 E.17755
G1 X121.549 Y111.062 E.0076
G1 X130.866 Y101.745 E.1668
G1 X130.866 Y102.36 E.00779
G1 X122.153 Y111.074 E.15599
G1 X122.765 Y111.076 E.00775
G1 X130.866 Y102.976 E.14502
G1 X130.866 Y103.591 E.00779
G1 X123.379 Y111.078 E.13404
G1 X123.997 Y111.075 E.00782
G1 X130.866 Y104.206 E.12297
G1 X130.866 Y104.821 E.00779
G1 X124.614 Y111.073 E.11193
G1 X125.231 Y111.071 E.00781
G1 X130.866 Y105.436 E.10088
G1 X130.866 Y106.051 E.00779
G1 X125.848 Y111.069 E.08983
G1 X126.466 Y111.067 E.00782
G1 X130.866 Y106.666 E.07878
G1 X130.866 Y107.281 E.00779
G1 X127.083 Y111.065 E.06773
G1 X127.7 Y111.063 E.00781
G1 X130.866 Y107.896 E.05669
G1 X130.867 Y108.512 E.0078
M73 Q67 S4
G1 X128.318 Y111.06 E.04562
M73 P67 R4
G1 X128.937 Y111.057 E.00784
G1 X130.867 Y109.127 E.03455
G1 X130.867 Y109.742 E.00779
G1 X129.574 Y111.034 E.02314
G1 X130.234 Y110.989 E.00837
G1 X130.867 Y110.357 E.01132
M204 S1000
;LAYER_CHANGE
;Z:5.81678
;HEIGHT:0.0699997
;BEFORE_LAYER_CHANGE
G92 E0.0
;5.81678


;WIPE_START
G1 F5760
G1 X130.234 Y110.989 E-.30981
G1 X129.574 Y111.034 E-.22912
G1 X130.107 Y110.501 E-.26107
;WIPE_END
G1 Z5.817 F7200
;AFTER_LAYER_CHANGE
;5.81678
G1 Z6.417
G1 X131.019 Y98.858
G1 Z5.817
G1 E.8 F2100
M204 S820
;TYPE:Perimeter
G1 F1528
G1 X131.052 Y98.926 E.00096
G1 X131.114 Y99.452 E.0067
G1 X131.112 Y110.589 E.14098
G1 X131.051 Y111.094 E.00644
G1 X131.016 Y111.134 E.00067
G1 X130.38 Y111.254 E.00819
G1 X129.095 Y111.342 E.0163
G1 X127.855 Y111.374 E.0157
G1 X125.933 Y111.384 E.02433
G1 X122.761 Y111.381 E.04015
G1 X121.26 Y111.354 E.019
G1 X120.285 Y111.309 E.01236
G1 X119.604 Y111.251 E.00865
G1 X118.961 Y111.133 E.00828
G1 X118.887 Y110.655 E.00612
G1 X118.886 Y99.386 E.14265
G1 X118.961 Y98.867 E.00664
G1 X119.103 Y98.822 E.00189
G1 X119.611 Y98.748 E.0065
G1 X120.447 Y98.681 E.01062
G1 X121.677 Y98.634 E.01558
G1 X127.239 Y98.619 E.07041
G1 X128.706 Y98.644 E.01857
G1 X129.68 Y98.688 E.01234
G1 X130.488 Y98.764 E.01027
G1 X130.96 Y98.848 E.00607
M204 S1000
G1 X131.162 Y98.449 F7200
M204 S820
G1 F1528
G1 X131.404 Y98.616 E.00372
G1 X131.484 Y98.871 E.00338
G1 X131.549 Y99.452 E.0074
G1 X131.547 Y110.589 E.14098
G1 X131.482 Y111.151 E.00716
G1 X131.355 Y111.456 E.00418
G1 X130.92 Y111.613 E.00585
G1 X130.423 Y111.687 E.00636
G1 X129.116 Y111.777 E.01658
G1 X127.862 Y111.809 E.01588
G1 X122.757 Y111.816 E.06462
G1 X121.24 Y111.789 E.01921
G1 X120.249 Y111.743 E.01256
G1 X119.541 Y111.681 E.009
G1 X118.951 Y111.586 E.00756
G1 X118.636 Y111.439 E.0044
G1 X118.542 Y111.25 E.00267
G1 X118.452 Y110.675 E.00737
G1 X118.451 Y99.559 E.14072
G1 X118.482 Y99.009 E.00697
G1 X118.567 Y98.662 E.00452
G1 X118.69 Y98.524 E.00234
G1 X119.005 Y98.396 E.0043
G1 X119.562 Y98.315 E.00713
G1 X120.421 Y98.246 E.01091
G1 X121.668 Y98.199 E.0158
G1 X127.243 Y98.184 E.07057
G1 X128.72 Y98.21 E.0187
G1 X129.71 Y98.254 E.01254
G1 X130.529 Y98.331 E.01041
G1 X131.104 Y98.435 E.0074
M204 S1000
G1 X131.297 Y98.059 F7200
M204 S820
;TYPE:External perimeter
;WIDTH:0.419999
G1 F1500
G1 X131.487 Y98.126 E.00237
G1 X131.75 Y98.362 E.00416
G1 X131.825 Y98.527 E.00214
G1 X131.9 Y98.818 E.00354
G1 X131.969 Y99.452 E.00752
G1 X131.967 Y110.689 E.13244
G1 X131.879 Y111.352 E.00788
G1 X131.714 Y111.689 E.00442
G1 X131.508 Y111.855 E.00312
G1 X131.035 Y112.017 E.00589
G1 X130.464 Y112.105 E.00681
G1 X129.135 Y112.196 E.0157
G1 X127.868 Y112.228 E.01494
G1 X125.935 Y112.239 E.02278
G1 X122.753 Y112.236 E.0375
G1 X121.313 Y112.211 E.01697
G1 X120.214 Y112.161 E.01297
G1 X119.279 Y112.068 E.01107
G1 X118.699 Y111.947 E.00698
G1 X118.336 Y111.743 E.00491
G1 X118.18 Y111.518 E.00323
G1 X118.099 Y111.226 E.00357
G1 X118.032 Y110.694 E.00632
G1 X118.031 Y99.559 E.13124
G1 X118.064 Y98.973 E.00692
G1 X118.181 Y98.481 E.00596
G1 X118.335 Y98.257 E.0032
G1 X118.582 Y98.091 E.00351
G1 X118.91 Y97.986 E.00406
G1 X119.515 Y97.898 E.00721
G1 X120.397 Y97.827 E.01043
G1 X121.658 Y97.779 E.01487
G1 X127.247 Y97.764 E.06587
G1 X128.733 Y97.79 E.01752
G1 X129.739 Y97.835 E.01187
G1 X130.569 Y97.913 E.00983
G1 X131.141 Y98.004 E.00683
G1 X131.24 Y98.039 E.00124
M204 S1000
;WIPE_START
G1 F5760
G1 X131.297 Y98.059 E-.02092
G1 X131.487 Y98.126 E-.06978
G1 X131.75 Y98.362 E-.12239
G1 X131.825 Y98.527 E-.06278
G1 X131.9 Y98.818 E-.10408
G1 X131.969 Y99.452 E-.22089
G1 X131.969 Y100.027 E-.19916
;WIPE_END
G1 Z6.417 F7200
G1 X119.282 Y110.73
G1 Z5.817
G1 E.8 F2100
M204 S2000
;TYPE:Solid infill
;WIDTH:0.587988
G1 F1528
G1 X119.231 Y110.781 E.0012
G1 X119.25 Y110.85 E.00119
G1 X119.319 Y110.869 E.00119
G1 X119.369 Y110.818 E.00119
G1 X119.351 Y110.749 E.00119
;WIDTH:0.449999
G1 X119.214 Y110 E.00964
G1 X120.187 Y110.974 E.01743
G1 X120.837 Y111.009 E.00824
G1 X119.213 Y109.385 E.02907
G1 X119.213 Y108.77 E.00779
G1 X121.476 Y111.032 E.0405
G1 X122.102 Y111.043 E.00793
G1 X119.213 Y108.155 E.05171
G1 X119.213 Y107.539 E.0078
G1 X122.728 Y111.054 E.06293
G1 X123.344 Y111.055 E.0078
G1 X119.213 Y106.924 E.07396
G1 X119.213 Y106.309 E.00779
M73 P68 R4
M73 Q68 S4
G1 X123.96 Y111.056 E.08498
G1 X124.576 Y111.057 E.0078
G1 X119.213 Y105.694 E.09601
G1 X119.213 Y105.079 E.00779
G1 X125.192 Y111.057 E.10703
G1 X125.808 Y111.058 E.0078
G1 X119.213 Y104.463 E.11807
G1 X119.213 Y103.848 E.00779
G1 X126.42 Y111.055 E.12902
G1 X127.032 Y111.052 E.00775
G1 X119.213 Y103.233 E.13998
G1 X119.213 Y102.618 E.00779
G1 X127.644 Y111.049 E.15094
G1 X128.248 Y111.037 E.00765
G1 X119.213 Y102.003 E.16174
G1 X119.213 Y101.387 E.0078
G1 X128.848 Y111.022 E.17249
G1 X129.433 Y110.992 E.00742
G1 X119.213 Y100.772 E.18296
G1 X119.213 Y100.157 E.00779
G1 X130.008 Y110.952 E.19326
M204 S1000
G1 X130.901 Y110.936 F7200
M204 S2000
;WIDTH:0.355022
G1 F1528
G1 X130.912 Y110.977 E.00042
G1 X130.841 Y110.996 E.00073
G1 X130.86 Y110.925 E.00073
;WIDTH:0.402511
G1 X130.715 Y110.912 E.00164
;WIDTH:0.449999
G1 X130.571 Y110.9 E.00183
G1 X119.213 Y99.542 E.20334
G1 X119.108 Y98.979 E.00725
;WIDTH:0.355022
G1 X119.089 Y99.05 E.00073
G1 X119.161 Y99.031 E.00074
G1 X119.15 Y98.99 E.00042
;WIDTH:0.402511
G1 X119.273 Y99.05 E.00154
;WIDTH:0.449999
G1 X119.396 Y99.11 E.00173
G1 X130.786 Y110.5 E.20391
G1 X130.786 Y109.885 E.00779
G1 X119.949 Y99.048 E.19401
G1 X120.521 Y99.004 E.00726
G1 X130.786 Y109.27 E.18378
G1 X130.786 Y108.655 E.00779
G1 X121.113 Y98.982 E.17317
G1 X121.707 Y98.96 E.00752
G1 X130.787 Y108.04 E.16255
G1 X130.787 Y107.425 E.00779
M73 P69 R4
M73 Q69 S4
G1 X122.318 Y98.957 E.15161
G1 X122.93 Y98.953 E.00775
G1 X130.787 Y106.81 E.14066
G1 X130.787 Y106.195 E.00779
G1 X123.542 Y98.95 E.1297
G1 X124.154 Y98.947 E.00775
G1 X130.787 Y105.58 E.11875
G1 X130.787 Y104.965 E.00779
G1 X124.766 Y98.943 E.1078
G1 X125.379 Y98.942 E.00776
G1 X130.787 Y104.349 E.09681
G1 X130.787 Y103.734 E.00779
G1 X125.996 Y98.943 E.08577
G1 X126.612 Y98.944 E.0078
G1 X130.787 Y103.119 E.07474
G1 X130.787 Y102.504 E.00779
G1 X127.228 Y98.945 E.06371
G1 X127.854 Y98.956 E.00793
G1 X130.787 Y101.889 E.05251
G1 X130.787 Y101.274 E.00779
G1 X128.48 Y98.967 E.0413
G1 X129.118 Y98.989 E.00808
G1 X130.787 Y100.659 E.02989
G1 X130.788 Y100.044 E.00779
G1 X129.768 Y99.024 E.01826
G1 X130.447 Y99.088 E.00863
G1 X130.788 Y99.429 E.0061
M204 S1000
;LAYER_CHANGE
;Z:5.88678
;HEIGHT:0.0700002
;BEFORE_LAYER_CHANGE
G92 E0.0
;5.88678


;WIPE_START
G1 F5760
G1 X130.447 Y99.088 E-.16703
G1 X129.768 Y99.024 E-.23622
G1 X130.578 Y99.834 E-.39675
;WIPE_END
G1 Z5.887 F7200
;AFTER_LAYER_CHANGE
;5.88678
G1 X130.853 Y98.907
G1 E.8 F2100
M204 S820
;TYPE:Perimeter
G1 F1533
G1 X130.936 Y98.925 E.00108
G1 X130.981 Y99.086 E.00212
G1 X131.022 Y99.634 E.00696
G1 X131.022 Y110.07 E.13211
G1 X131.019 Y110.432 E.00458
G1 X130.945 Y111.055 E.00794
G1 X130.821 Y111.109 E.00171
G1 X129.974 Y111.235 E.01084
G1 X128.597 Y111.323 E.01747
G1 X127.002 Y111.355 E.0202
G1 X125 Y111.363 E.02534
G1 X122.998 Y111.355 E.02534
G1 X121.355 Y111.321 E.0208
G1 X120.416 Y111.268 E.01191
G1 X119.203 Y111.121 E.01547
G1 X119.053 Y111.059 E.00205
G1 X118.982 Y110.564 E.00633
G1 X118.978 Y100.325 E.12962
G1 X118.981 Y99.568 E.00958
G1 X119.061 Y98.926 E.00819
G1 X119.498 Y98.826 E.00567
G1 X120.454 Y98.728 E.01217
G1 X121.398 Y98.677 E.01197
G1 X122.997 Y98.645 E.02025
G1 X127.672 Y98.653 E.05918
G1 X128.599 Y98.677 E.01174
G1 X129.546 Y98.728 E.01201
G1 X130.489 Y98.825 E.012
G1 X130.794 Y98.893 E.00396
M204 S1000
G1 X130.949 Y98.489 F7200
M204 S820
G1 F1533
G1 X131.158 Y98.542 E.00273
G1 X131.324 Y98.714 E.00303
G1 X131.415 Y99.052 E.00443
G1 X131.457 Y99.634 E.00739
G1 X131.457 Y110.416 E.13649
G1 X131.408 Y111.035 E.00786
G1 X131.288 Y111.351 E.00428
G1 X130.943 Y111.531 E.00493
G1 X130.02 Y111.668 E.01181
G1 X128.615 Y111.758 E.01782
G1 X127.007 Y111.79 E.02036
G1 X125 Y111.798 E.02541
G1 X122.993 Y111.79 E.02541
G1 X121.382 Y111.758 E.0204
G1 X120.42 Y111.706 E.0122
G1 X119.524 Y111.614 E.0114
G1 X119.013 Y111.518 E.00658
G1 X118.735 Y111.372 E.00397
G1 X118.608 Y111.093 E.00388
G1 X118.547 Y110.586 E.00646
G1 X118.543 Y99.583 E.13929
G1 X118.592 Y98.965 E.00785
G1 X118.737 Y98.619 E.00475
G1 X118.928 Y98.51 E.00278
G1 X119.432 Y98.395 E.00654
G1 X120.42 Y98.294 E.01257
G1 X121.382 Y98.242 E.0122
G1 X122.992 Y98.21 E.02038
G1 X127.643 Y98.218 E.05888
G1 X128.658 Y98.244 E.01285
G1 X129.628 Y98.299 E.0123
G1 X130.614 Y98.403 E.01255
G1 X130.89 Y98.474 E.00361
M204 S1000
G1 X131.048 Y98.078 F7200
M204 S820
;TYPE:External perimeter
;WIDTH:0.419999
G1 F1500
G1 X131.229 Y98.122 E.0022
G1 X131.527 Y98.284 E.004
G1 X131.702 Y98.518 E.00344
G1 X131.833 Y99.019 E.0061
G1 X131.877 Y99.634 E.00727
G1 X131.877 Y110.433 E.12728
G1 X131.834 Y110.978 E.00644
M73 P70 R4
M73 Q70 S4
G1 X131.712 Y111.464 E.00591
G1 X131.484 Y111.752 E.00433
G1 X131.061 Y111.938 E.00545
G1 X130.065 Y112.086 E.01187
G1 X128.633 Y112.178 E.01691
G1 X127.013 Y112.21 E.0191
G1 X122.987 Y112.21 E.04745
G1 X121.309 Y112.175 E.01978
G1 X120.329 Y112.119 E.01157
G1 X119.31 Y112.01 E.01208
G1 X118.666 Y111.842 E.00784
G1 X118.42 Y111.662 E.00359
G1 X118.331 Y111.517 E.00201
G1 X118.177 Y111.116 E.00506
G1 X118.127 Y110.606 E.00604
G1 X118.123 Y99.567 E.1301
G1 X118.168 Y99.005 E.00664
G1 X118.287 Y98.539 E.00567
G1 X118.505 Y98.266 E.00412
G1 X118.85 Y98.086 E.00459
G1 X119.368 Y97.98 E.00623
G1 X120.387 Y97.876 E.01207
G1 X121.366 Y97.822 E.01156
G1 X122.987 Y97.79 E.01911
G1 X127.646 Y97.798 E.05491
G1 X128.681 Y97.825 E.0122
G1 X129.671 Y97.882 E.01169
G1 X130.69 Y97.99 E.01208
G1 X130.99 Y98.064 E.00364
M204 S1000
;WIPE_START
G1 F5760
G1 X131.048 Y98.078 E-.02067
G1 X131.229 Y98.122 E-.06452
G1 X131.527 Y98.284 E-.11748
G1 X131.702 Y98.518 E-.1012
G1 X131.833 Y99.019 E-.17936
G1 X131.877 Y99.634 E-.21355
G1 X131.877 Y99.932 E-.10322
;WIPE_END
G1 Z6.487 F7200
G1 X125.414 Y103.014
G1 Z5.887
G1 E.8 F2100
M204 S2000
;TYPE:Solid infill
;WIDTH:0.449999
G1 F1533
G1 X124.577 Y103.014 E.0106
G1 X124.564 Y104.14 E.01425
G1 X124.5 Y104.293 E.0021
G1 X124.337 Y104.441 E.00279
G1 X123.027 Y104.464 E.01659
G1 X123.014 Y105.523 E.01341
G1 X124.24 Y105.536 E.01552
G1 X124.397 Y105.603 E.00216
G1 X124.541 Y105.763 E.00272
G1 X124.586 Y106.986 E.01549
G1 X125.423 Y106.986 E.0106
G1 X125.436 Y105.86 E.01425
G1 X125.5 Y105.707 E.0021
G1 X125.663 Y105.559 E.00279
G1 X126.979 Y105.529 E.01666
G1 X126.986 Y104.477 E.01332
G1 X125.76 Y104.464 E.01552
G1 X125.603 Y104.397 E.00216
G1 X125.459 Y104.237 E.00272
G1 X125.425 Y103.231 E.01274
M204 S1000
;WIPE_START
G1 F5760
G1 X125.459 Y104.237 E-.34863
G1 X125.603 Y104.397 E-.07456
G1 X125.76 Y104.464 E-.05912
G1 X126.677 Y104.474 E-.31769
;WIPE_END
G1 Z6.487 F7200
G1 X124.24 Y105
G1 Z5.887
G1 E.8 F2100
M204 S2000
;WIDTH:0.651956
G1 F1533
G1 X123.55 Y105 E.01279
M204 S1000
;WIPE_START
G1 F5760
G1 X124.24 Y105 E-.23898
;WIPE_END
G1 E-.56102 F2100
G1 Z6.487 F7200
G1 X125 Y104.197
G1 Z5.887
G1 E.8 F2100
M204 S2000
;WIDTH:0.456946
G1 F1533
G1 X124.931 Y104.432 E.00315
;WIDTH:0.452264
G1 X124.701 Y104.708 E.00457
;WIDTH:0.49039
G1 X124.609 Y104.766 E.0015
;WIDTH:0.530781
G1 X124.516 Y104.825 E.00165
;WIDTH:0.571172
G1 X124.424 Y104.883 E.00176
;WIDTH:0.611563
G1 X124.332 Y104.942 E.0019
;WIDTH:0.651954
G1 X124.24 Y105 E.00202
G1 X124.332 Y105.058 E.00202
;WIDTH:0.611563
G1 X124.424 Y105.117 E.0019
;WIDTH:0.571172
G1 X124.516 Y105.175 E.00176
;WIDTH:0.530781
G1 X124.609 Y105.234 E.00165
;WIDTH:0.49039
G1 X124.701 Y105.292 E.0015
;WIDTH:0.450357
G1 X124.93 Y105.569 E.00455
;WIDTH:0.451954
G1 X125 Y105.86 E.00381
G1 X125.07 Y105.569 E.00381
;WIDTH:0.450357
G1 X125.299 Y105.292 E.00455
;WIDTH:0.491542
G1 X125.378 Y105.234 E.00136
;WIDTH:0.533084
G1 X125.457 Y105.175 E.00149
;WIDTH:0.574627
G1 X125.536 Y105.117 E.0016
;WIDTH:0.616169
G1 X125.615 Y105.058 E.00173
;WIDTH:0.657712
G1 X125.695 Y105 E.00185
G1 X125.615 Y104.941 E.00186
;WIDTH:0.616169
G1 X125.535 Y104.882 E.00174
;WIDTH:0.574627
G1 X125.455 Y104.823 E.00162
;WIDTH:0.533084
G1 X125.375 Y104.764 E.0015
;WIDTH:0.491542
G1 X125.296 Y104.704 E.00138
;WIDTH:0.452264
G1 X125.069 Y104.432 E.00451
;WIDTH:0.45279
G1 X125.061 Y104.405 E.00036
;WIDTH:0.456946
G1 X125 Y104.197 E.00279
G1 X125 Y103.45 E.00961
M204 S1000
;WIPE_START
G1 F5760
G1 X125 Y104.197 E-.25873
G1 X125.061 Y104.405 E-.07508
;WIPE_END
G1 E-.46619 F2100
G1 Z6.487 F7200
G1 X125.695 Y105
G1 Z5.887
G1 E.8 F2100
M204 S2000
;WIDTH:0.657712
G1 F1533
G1 X126.45 Y105 E.01412
M204 S1000
;WIPE_START
G1 F5760
G1 X125.695 Y105 E-.2615
;WIPE_END
G1 E-.5385 F2100
G1 Z6.487 F7200
G1 X125 Y105.86
G1 Z5.887
G1 E.8 F2100
M204 S2000
;WIDTH:0.451956
G1 F1533
G1 X125 Y106.55 E.00877
M204 S1000
G1 X124.812 Y107.407 F7200
M204 S2000
;TYPE:Internal infill
;WIDTH:0.45
G1 F1533
G1 X125.597 Y107.407 E.00994
G1 X125.857 Y107.147 E.00465
G1 X125.857 Y105.957 E.01506
G1 X125.957 Y105.957 E.00127
G1 X126.832 Y106.832 E.01566
G1 X127.3 Y106.196 E.01
G1 X127.56 Y105.413 E.01044
G1 X127.56 Y104.588 E.01044
G1 X127.301 Y103.805 E.01044
G1 X126.996 Y103.345 E.00699
G1 X126.832 Y103.168 E.00305
G1 X125.957 Y104.043 E.01566
G1 X125.857 Y104.043 E.00127
G1 X125.857 Y102.853 E.01506
G1 X125.597 Y102.593 E.00465
G1 X124.403 Y102.593 E.01511
G1 X124.143 Y102.853 E.00465
G1 X124.143 Y104.043 E.01506
G1 X124.043 Y104.043 E.00127
G1 X123.169 Y103.169 E.01565
G1 X122.919 Y103.454 E.0048
G1 X122.639 Y103.929 E.00698
G1 X122.466 Y104.452 E.00697
G1 X122.407 Y105 E.00698
G1 X122.466 Y105.548 E.00698
G1 X122.639 Y106.071 E.00697
G1 X122.919 Y106.546 E.00698
G1 X123.169 Y106.831 E.0048
G1 X124.043 Y105.957 E.01565
G1 X122.853 Y105.957 E.01506
G1 X122.593 Y105.697 E.00465
G1 X122.593 Y104.812 E.0112
M204 S1000
;WIPE_START
G1 F5760
G1 X122.593 Y105.697 E-.30652
G1 X122.853 Y105.957 E-.12735
G1 X123.91 Y105.957 E-.36613
;WIPE_END
G1 Z6.487 F7200
G1 X119.481 Y99.231
G1 Z5.887
G1 E.8 F2100
M204 S2000
;TYPE:Solid infill
;WIDTH:0.59195
G1 F1533
G1 X119.43 Y99.18 E.00121
G1 X119.36 Y99.198 E.00121
G1 X119.341 Y99.268 E.00122
G1 X119.392 Y99.319 E.00121
G1 X119.462 Y99.3 E.00122
M204 S1000
G1 X120.305 Y99.071 F7200
M204 S2000
;WIDTH:0.449999
G1 F1533
G1 X119.232 Y100.149 E.01925
;WIDTH:0.402511
G1 X119.16 Y100.227 E.0012
;WIDTH:0.355022
G1 X119.089 Y100.208 E.00073
G1 X119.108 Y100.279 E.00073
G1 X119.149 Y100.268 E.00042
;WIDTH:0.449999
G1 X119.305 Y100.686 E.00565
G1 X120.964 Y99.027 E.0297
G1 X121.607 Y98.999 E.00815
G1 X119.305 Y101.301 E.04121
G1 X119.305 Y101.916 E.00779
G1 X122.235 Y98.986 E.05245
G1 X122.863 Y98.974 E.00795
G1 X119.305 Y102.531 E.06369
G1 X119.305 Y103.146 E.00779
G1 X123.482 Y98.97 E.07477
G1 X124.099 Y98.968 E.00781
G1 X119.306 Y103.761 E.08581
G1 X119.306 Y104.376 E.00779
G1 X124.716 Y98.966 E.09685
G1 X125.333 Y98.964 E.00781
G1 X119.306 Y104.991 E.1079
G1 X119.306 Y105.606 E.00779
G1 X125.943 Y98.97 E.11881
G1 X126.55 Y98.977 E.00768
G1 X119.306 Y106.221 E.12969
G1 X119.258 Y106.39 E.00222
M73 P71 R4
M73 Q71 S4
;WIDTH:0.402511
G1 X119.209 Y106.559 E.00198
;WIDTH:0.355022
G1 X119.168 Y106.57 E.00042
G1 X119.149 Y106.498 E.00074
G1 X119.22 Y106.518 E.00073
M204 S1000
;WIPE_START
G1 F5760
G1 X119.149 Y106.498 E-.02555
G1 X119.168 Y106.57 E-.02579
G1 X119.209 Y106.559 E-.0147
;WIPE_END
G1 E-.73396 F2100
G1 Z6.487 F7200
G1 X122.31 Y104.119
G1 Z5.887
G1 E.8 F2100
M204 S2000
G1 F1533
G1 X122.394 Y103.748 E.00376
G1 X122.384 Y103.665 E.00083
G1 X122.693 Y103.268 E.00498
G1 X123.107 Y102.837 E.00591
G1 X123.664 Y102.383 E.00711
;WIDTH:0.402511
G1 X123.817 Y102.277 E.0021
;WIDTH:0.449999
G1 X123.971 Y102.171 E.00237
G1 X127.158 Y98.985 E.05705
G1 X127.765 Y98.992 E.00768
G1 X124.762 Y101.996 E.05377
G1 X125.363 Y102.01 E.00761
G1 X128.373 Y99 E.05389
G1 X128.965 Y99.023 E.0075
G1 X125.87 Y102.118 E.05541
G1 X126.315 Y102.288 E.00603
G1 X129.547 Y99.056 E.05786
G1 X130.105 Y99.113 E.0071
G1 X126.701 Y102.517 E.06094
G1 X127.044 Y102.789 E.00554
G1 X130.649 Y99.185 E.06453
G1 X130.696 Y99.753 E.00721
G1 X127.343 Y103.106 E.06003
G1 X127.593 Y103.471 E.0056
G1 X130.696 Y100.368 E.05555
G1 X130.696 Y100.983 E.00779
G1 X127.798 Y103.881 E.05188
G1 X127.94 Y104.354 E.00625
G1 X130.696 Y101.598 E.04934
G1 X130.696 Y102.214 E.0078
G1 X128.01 Y104.899 E.04808
M204 S1000
;WIPE_START
G1 F5760
G1 X129.643 Y103.266 E-.8
;WIPE_END
G1 Z6.487 F7200
G1 X127.779 Y105.875
G1 Z5.887
G1 E.8 F2100
M204 S2000
;WIDTH:0.355022
G1 F1533
G1 X127.755 Y105.696 E.00179
;WIDTH:0.402511
G1 X127.856 Y105.632 E.00135
;WIDTH:0.449999
G1 X127.957 Y105.568 E.00151
G1 X130.696 Y102.829 E.04903
G1 X130.696 Y103.444 E.00779
G1 X127.567 Y106.572 E.05601
G1 X127.434 Y106.726 E.00258
;WIDTH:0.420766
G1 X127.301 Y106.88 E.0024
;WIDTH:0.391532
G1 X126.874 Y107.308 E.00662
M204 S1000
;WIPE_START
G1 F5760
G1 X127.301 Y106.88 E-.2094
;WIPE_END
G1 E-.5906 F2100
G1 Z6.487 F7200
G1 X122.17 Y103.973
G1 Z5.887
G1 E.8 F2100
M204 S2000
;WIDTH:0.449999
G1 F1533
G1 X119.307 Y106.836 E.05125
G1 X119.307 Y107.451 E.00779
G1 X121.999 Y104.759 E.04819
G1 X122.01 Y105.363 E.00765
G1 X119.307 Y108.066 E.04839
G1 X119.307 Y108.681 E.00779
G1 X122.118 Y105.87 E.05032
G1 X122.29 Y106.313 E.00602
G1 X119.307 Y109.296 E.0534
G1 X119.308 Y109.911 E.00779
G1 X122.517 Y106.702 E.05745
G1 X122.787 Y107.046 E.00554
G1 X119.308 Y110.526 E.06229
G1 X119.281 Y110.734 E.00266
;WIDTH:0.402511
G1 X119.254 Y110.942 E.00237
;WIDTH:0.355022
G1 X119.213 Y110.953 E.00042
G1 X119.194 Y110.882 E.00073
G1 X119.265 Y110.901 E.00073
;WIDTH:0.449999
G1 X119.593 Y110.856 E.00419
G1 X123.108 Y107.341 E.06293
G1 X123.47 Y107.593 E.00558
G1 X120.151 Y110.913 E.05943
G1 X120.719 Y110.96 E.00721
G1 X123.882 Y107.797 E.05663
G1 X124.354 Y107.941 E.00625
G1 X121.303 Y110.991 E.05461
G1 X121.902 Y111.007 E.00759
G1 X124.901 Y108.008 E.05369
G1 X125.64 Y107.758 E.00988
;WIDTH:0.355022
G1 X125.873 Y107.777 E.00231
;WIDTH:0.402511
G1 X125.721 Y107.866 E.00199
;WIDTH:0.449999
G1 X125.569 Y107.956 E.00224
G1 X122.505 Y111.019 E.05484
M204 S1000
G1 X123.445 Y111.189 F7200
M204 S2000
;WIDTH:0.355022
G1 F1533
G1 X123.404 Y111.2 E.00042
G1 X123.385 Y111.128 E.00074
G1 X123.456 Y111.148 E.00073
;WIDTH:0.402511
G1 X123.283 Y111.088 E.00206
;WIDTH:0.449999
G1 X123.11 Y111.029 E.00231
G1 X126.566 Y107.573 E.06187
M204 S1000
;WIPE_START
G1 F5760
G1 X124.933 Y109.206 E-.8
;WIPE_END
G1 Z6.487 F7200
G1 X123.723 Y111.032
G1 Z5.887
G1 E.8 F2100
M204 S2000
G1 F1533
G1 X130.696 Y104.059 E.12483
G1 X130.696 Y104.674 E.00779
G1 X124.336 Y111.034 E.11386
G1 X124.948 Y111.037 E.00775
G1 X130.696 Y105.289 E.1029
G1 X130.696 Y105.904 E.00779
M73 P72 R4
M73 Q72 S4
G1 X125.566 Y111.035 E.09185
G1 X126.183 Y111.032 E.00781
G1 X130.696 Y106.52 E.08078
G1 X130.696 Y107.135 E.00779
G1 X126.801 Y111.03 E.06973
G1 X127.425 Y111.02 E.0079
G1 X130.696 Y107.75 E.05855
G1 X130.696 Y108.365 E.00779
G1 X128.053 Y111.008 E.04732
G1 X128.685 Y110.991 E.008
G1 X130.696 Y108.98 E.036
G1 X130.696 Y109.595 E.00779
G1 X129.342 Y110.949 E.02424
G1 X130.005 Y110.901 E.00841
G1 X130.696 Y110.211 E.01236
M204 S1000
;LAYER_CHANGE
;Z:5.95678
;HEIGHT:0.0700002
;BEFORE_LAYER_CHANGE
G92 E0.0
;5.95678


;WIPE_START
G1 F5760
G1 X130.005 Y110.901 E-.33822
G1 X129.342 Y110.949 E-.23023
G1 X129.815 Y110.476 E-.23155
;WIPE_END
G1 Z5.957 F7200
;AFTER_LAYER_CHANGE
;5.95678
G1 Z6.557
G1 X130.682 Y98.957
G1 Z5.957
G1 E.8 F2100
M204 S820
;TYPE:Perimeter
G1 F1081
G1 X130.813 Y98.988 E.0017
G1 X130.867 Y99.163 E.00232
G1 X130.909 Y99.678 E.00654
G1 X130.907 Y110.526 E.13732
G1 X130.823 Y111.003 E.00613
G1 X130.384 Y111.117 E.00574
G1 X129.881 Y111.183 E.00642
G1 X128.698 Y111.277 E.01502
G1 X127.86 Y111.308 E.01062
G1 X126.002 Y111.334 E.02352
G1 X123.496 Y111.331 E.03172
G1 X122.033 Y111.305 E.01852
G1 X121.151 Y111.268 E.01118
G1 X120.094 Y111.179 E.01343
G1 X119.206 Y111.02 E.01142
G1 X119.162 Y110.951 E.00104
G1 X119.094 Y110.552 E.00512
G1 X119.093 Y99.474 E.14024
G1 X119.178 Y98.995 E.00616
G1 X119.272 Y98.957 E.00128
G1 X120.465 Y98.78 E.01527
G1 X122.007 Y98.696 E.01955
G1 X125.241 Y98.664 E.04094
G1 X127.002 Y98.675 E.02229
G1 X128.709 Y98.724 E.02162
G1 X129.587 Y98.784 E.01114
G1 X130.341 Y98.876 E.00962
G1 X130.623 Y98.943 E.00367
M204 S1000
G1 X130.782 Y98.537 F7200
M204 S820
G1 F1081
G1 X131.004 Y98.595 E.0029
G1 X131.163 Y98.721 E.00257
G1 X131.309 Y99.122 E.0054
G1 X131.344 Y99.678 E.00705
G1 X131.342 Y110.045 E.13124
G1 X131.301 Y110.929 E.0112
G1 X131.165 Y111.286 E.00484
G1 X130.946 Y111.432 E.00333
G1 X130.43 Y111.552 E.00671
G1 X129.925 Y111.616 E.00644
G1 X128.724 Y111.711 E.01525
G1 X127.871 Y111.743 E.01081
G1 X126.005 Y111.769 E.02362
G1 X123.492 Y111.766 E.03181
G1 X122.025 Y111.74 E.01857
G1 X121.116 Y111.701 E.01152
G1 X120.031 Y111.609 E.01378
G1 X119.154 Y111.458 E.01127
G1 X118.879 Y111.327 E.00386
G1 X118.743 Y111.097 E.00338
G1 X118.659 Y110.58 E.00663
G1 X118.658 Y99.507 E.14017
G1 X118.699 Y99.071 E.00554
G1 X118.859 Y98.683 E.00531
G1 X119.158 Y98.534 E.00423
G1 X120.421 Y98.347 E.01616
G1 X121.99 Y98.261 E.01989
G1 X123.199 Y98.237 E.01531
G1 X127.009 Y98.24 E.04823
G1 X128.676 Y98.288 E.02111
G1 X129.679 Y98.357 E.01273
G1 X130.475 Y98.457 E.01016
G1 X130.724 Y98.522 E.00326
M204 S1000
G1 X130.888 Y98.132 F7200
M204 S820
;TYPE:External perimeter
;WIDTH:0.419999
G1 F1081
G1 X131.14 Y98.198 E.00307
G1 X131.434 Y98.373 E.00403
G1 X131.587 Y98.597 E.0032
G1 X131.725 Y99.045 E.00552
G1 X131.764 Y99.678 E.00747
G1 X131.762 Y110.045 E.12218
G1 X131.726 Y110.905 E.01014
G1 X131.649 Y111.225 E.00388
G1 X131.488 Y111.566 E.00444
G1 X131.341 Y111.684 E.00222
G1 X131.027 Y111.853 E.0042
G1 X130.501 Y111.966 E.00634
G1 X129.969 Y112.034 E.00632
G1 X128.748 Y112.13 E.01443
G1 X127.882 Y112.163 E.01021
G1 X126.007 Y112.189 E.0221
G1 X123.488 Y112.186 E.02969
M73 P73 R4
M73 Q73 S4
G1 X121.144 Y112.125 E.02764
G1 X120.034 Y112.034 E.01313
G1 X119.483 Y111.954 E.00656
G1 X118.844 Y111.804 E.00774
G1 X118.569 Y111.626 E.00386
G1 X118.321 Y111.153 E.00629
G1 X118.239 Y110.607 E.00651
G1 X118.238 Y99.428 E.13175
G1 X118.318 Y98.882 E.0065
M73 P73 R3
G1 X118.474 Y98.508 E.00478
G1 X118.643 Y98.32 E.00298
G1 X119.047 Y98.126 E.00528
G1 X120.379 Y97.929 E.01587
G1 X121.975 Y97.841 E.01884
M73 Q73 S3
G1 X123.194 Y97.817 E.01437
G1 X127.017 Y97.82 E.04506
G1 X128.688 Y97.868 E.0197
G1 X129.73 Y97.94 E.01231
G1 X130.559 Y98.046 E.00985
G1 X130.83 Y98.117 E.0033
M204 S1000
;WIPE_START
G1 F5760
G1 X130.888 Y98.132 E-.02075
G1 X131.14 Y98.198 E-.09023
G1 X131.434 Y98.373 E-.1185
G1 X131.587 Y98.597 E-.09395
G1 X131.725 Y99.045 E-.16236
G1 X131.764 Y99.678 E-.21966
G1 X131.764 Y99.951 E-.09455
;WIPE_END
G1 Z6.557 F7200
G1 X127.864 Y99.693
G1 Z5.957
G1 E.8 F2100
M204 S2000
;TYPE:Internal infill
;WIDTH:0.45
G1 F1081
G1 X127.864 Y102.136 E.03093
G1 X122.136 Y107.864 E.10255
G1 X122.136 Y102.136 E.07251
G1 X127.864 Y107.864 E.10255
G1 X127.864 Y110.307 E.03093
M204 S1000
;WIPE_START
G1 F5760
G1 X127.864 Y107.998 E-.8
;WIPE_END
G1 Z6.557 F7200
G1 X119.419 Y100.255
G1 Z5.957
G1 E.8 F2100
M204 S2000
;TYPE:Solid infill
;WIDTH:0.449999
G1 F1081
G1 X119.42 Y110.532 E.1301
G1 X119.472 Y110.758 E.00294
G1 X120.167 Y110.86 E.00889
G1 X121.216 Y110.946 E.01332
G1 X121.563 Y110.955 E.00439
;WIDTH:0.497901
G1 X121.644 Y110.933 E.00118
;WIDTH:0.545803
G1 X121.725 Y110.911 E.0013
;WIDTH:0.593706
G1 X121.806 Y110.889 E.00141
;WIDTH:0.641608
G1 X121.887 Y110.867 E.00153
;WIDTH:0.68951
G1 X121.968 Y110.845 E.00165
G1 X121.93 Y110.802 E.00113
;WIDTH:0.647402
G1 X121.893 Y110.758 E.00106
;WIDTH:0.605294
G1 X121.855 Y110.714 E.001
;WIDTH:0.563186
G1 X121.817 Y110.671 E.00092
;WIDTH:0.521078
G1 X121.766 Y110.541 E.00206
;WIDTH:0.485539
G1 X121.715 Y110.411 E.00191
;WIDTH:0.449999
G1 X121.715 Y99.6 E.13686
G1 X121.766 Y99.461 E.00187
;WIDTH:0.448662
G1 X121.862 Y99.369 E.00168
;WIDTH:0.417743
G1 X122.051 Y99.306 E.00233
;WIDTH:0.423964
G1 X122.108 Y99.274 E.00078
;WIDTH:0.466992
G1 X122.166 Y99.242 E.00087
;WIDTH:0.51002
G1 X122.223 Y99.209 E.00095
;WIDTH:0.553048
G1 X122.28 Y99.177 E.00102
;WIDTH:0.596076
G1 X122.338 Y99.145 E.00112
;WIDTH:0.639104
G1 X122.395 Y99.113 E.00119
G1 X122.317 Y99.091 E.00147
;WIDTH:0.593316
G1 X122.239 Y99.07 E.00136
;WIDTH:0.547527
G1 X122.162 Y99.048 E.00124
;WIDTH:0.501739
G1 X122.084 Y99.027 E.00114
;WIDTH:0.45595
G1 X122.006 Y99.005 E.00104
;WIDTH:0.410162
G1 X121.928 Y98.984 E.00093
;WIDTH:0.407186
G1 X121.541 Y99.026 E.00444
;WIDTH:0.449999
G1 X121.154 Y99.069 E.00493
G1 X120.498 Y99.105 E.00832
G1 X119.45 Y99.26 E.01341
G1 X119.426 Y100.038 E.00985
G1 X119.854 Y99.64 E.0074
G1 X119.855 Y110.375 E.13589
G1 X120.509 Y110.452 E.00834
G1 X121.301 Y110.513 E.01006
G1 X121.28 Y109.742 E.00976
G1 X121.28 Y99.6 E.12839
G1 X121.317 Y99.496 E.0014
G1 X120.542 Y99.538 E.00983
G1 X120.069 Y99.608 E.00605
M204 S1000
;WIPE_START
G1 F5760
G1 X120.542 Y99.538 E-.16561
G1 X121.317 Y99.496 E-.26882
G1 X121.28 Y99.6 E-.03823
G1 X121.28 Y100.545 E-.32734
;WIPE_END
G1 Z6.557 F7200
G1 X120.32 Y109.524
G1 Z5.957
G1 E.8 F2100
M204 S2000
;WIDTH:0.510235
G1 F1081
G1 X120.319 Y100.041 E.13667
G1 X120.815 Y99.989 E.00719
G1 X120.815 Y109.742 E.14056
;WIDTH:0.509679
G1 X120.815 Y110.01 E.00386
M73 Q74 S3
G1 X120.32 Y109.97 E.00715
G1 X120.32 Y109.742 E.00328
M73 P74 R3
M204 S1000
;WIPE_START
G1 F5760
G1 X120.32 Y109.97 E-.07897
G1 X120.815 Y110.01 E-.172
G1 X120.815 Y109.742 E-.09282
;WIPE_END
G1 E-.45621 F2100
G1 Z6.557 F7200
G1 X121.968 Y110.845
G1 Z5.957
G1 E.8 F2100
M204 S2000
;WIDTH:0.68951
G1 F1081
G1 X122.315 Y110.874 E.00684
;WIDTH:0.651031
G1 X122.662 Y110.902 E.00644
;WIDTH:0.612551
G1 X123.009 Y110.93 E.00605
;WIDTH:0.574072
G1 X123.506 Y110.954 E.0081
;WIDTH:0.551446
G1 X125.001 Y110.975 E.02334
;WIDTH:0.51381
G1 X125.012 Y110.975 E.00016
;WIDTH:0.532592
G1 X126.004 Y110.966 E.01494
;WIDTH:0.557356
G1 X126.692 Y110.944 E.01086
;WIDTH:0.591407
G1 X127.062 Y110.922 E.00622
;WIDTH:0.625459
G1 X127.431 Y110.9 E.00657
;WIDTH:0.65951
G1 X127.8 Y110.878 E.00693
;WIDTH:0.702784
G1 X128.057 Y110.848 E.00518
M204 S1000
;WIPE_START
G1 F5760
G1 X127.8 Y110.878 E-.08962
;WIPE_END
G1 E-.71038 F2100
G1 Z6.557 F7200
G1 X128.72 Y100.251
G1 Z5.957
G1 E.8 F2100
M204 S2000
;WIDTH:0.449999
G1 F1081
G1 X128.72 Y110.411 E.12862
G1 X128.708 Y110.512 E.00129
G1 X129.79 Y110.427 E.01374
G1 X130.146 Y110.367 E.00457
G1 X130.144 Y99.619 E.13606
G1 X129.515 Y99.542 E.00802
G1 X128.708 Y99.487 E.01024
G1 X128.717 Y100.034 E.00693
M204 S1000
;WIPE_START
G1 F5760
G1 X128.708 Y99.487 E-.18948
G1 X129.515 Y99.542 E-.28016
G1 X130.144 Y99.619 E-.21948
G1 X130.144 Y99.939 E-.11088
;WIPE_END
G1 Z6.557 F7200
G1 X128.25 Y99.095
G1 Z5.957
G1 E.8 F2100
M204 S2000
;WIDTH:0.56651
G1 F1081
G1 X128.311 Y99.078 E.00102
;WIDTH:0.527673
G1 X128.372 Y99.06 E.00095
;WIDTH:0.488836
G1 X128.434 Y99.042 E.00089
;WIDTH:0.449999
G1 X129.587 Y99.112 E.01462
G1 X130.325 Y99.203 E.00941
G1 X130.555 Y99.25 E.00297
G1 X130.582 Y99.661 E.00521
G1 X130.581 Y110.024 E.13118
G1 X130.55 Y110.74 E.00907
G1 X129.523 Y110.884 E.01313
G1 X128.443 Y110.96 E.01371
;WIDTH:0.491973
G1 X128.379 Y110.941 E.00093
;WIDTH:0.533947
G1 X128.315 Y110.922 E.00101
;WIDTH:0.575922
G1 X128.25 Y110.904 E.0011
;WIDTH:0.617896
G1 X128.186 Y110.885 E.00117
;WIDTH:0.65987
G1 X128.122 Y110.866 E.00125
;WIDTH:0.701844
G1 X128.058 Y110.848 E.00133
G1 X128.091 Y110.805 E.00108
;WIDTH:0.660906
G1 X128.124 Y110.762 E.00102
;WIDTH:0.619969
G1 X128.157 Y110.719 E.00095
;WIDTH:0.579031
G1 X128.189 Y110.676 E.00088
;WIDTH:0.538093
G1 X128.237 Y110.543 E.00215
;WIDTH:0.494046
G1 X128.285 Y110.411 E.00196
;WIDTH:0.449999
G1 X128.285 Y99.594 E.13693
;WIDTH:0.49208
G1 X128.233 Y99.46 E.002
;WIDTH:0.534161
G1 X128.181 Y99.325 E.00219
;WIDTH:0.57535
G1 X128.146 Y99.283 E.00089
;WIDTH:0.616539
G1 X128.111 Y99.24 E.00097
;WIDTH:0.657727
G1 X128.076 Y99.198 E.00102
;WIDTH:0.698916
G1 X128.041 Y99.155 E.0011
G1 X127.756 Y99.127 E.0057
;WIDTH:0.658478
G1 X127.471 Y99.099 E.00536
;WIDTH:0.61804
G1 X127.077 Y99.076 E.00693
;WIDTH:0.588998
G1 X126.684 Y99.054 E.00658
;WIDTH:0.559956
G1 X125.268 Y99.027 E.02246
;WIDTH:0.522634
G1 X125.192 Y99.026 E.00112
;WIDTH:0.522232
G1 X124.003 Y99.039 E.01755
;WIDTH:0.522428
G1 X123.994 Y99.039 E.00013
;WIDTH:0.549966
G1 X123.305 Y99.059 E.01073
;WIDTH:0.594535
G1 X122.85 Y99.086 E.00769
;WIDTH:0.639104
G1 X122.395 Y99.113 E.00828
M204 S1000
;WIPE_START
G1 F5760
G1 X122.85 Y99.086 E-.15787
;WIPE_END
G1 E-.64213 F2100
G1 Z6.557 F7200
G1 X129.186 Y100.034
G1 Z5.957
G1 E.8 F2100
M204 S2000
;WIDTH:0.510995
G1 F1081
G1 X129.186 Y99.986 E.00069
G1 X129.682 Y100.031 E.00719
G1 X129.681 Y109.74 E.14014
;WIDTH:0.510341
G1 X129.681 Y109.969 E.0033
G1 X129.186 Y110.008 E.00716
;WIDTH:0.510995
G1 X129.186 Y100.251 E.14083
M204 S1000
;LAYER_CHANGE
;Z:6.02678
;HEIGHT:0.0699997
;BEFORE_LAYER_CHANGE
G92 E0.0
;6.02678


;WIPE_START
G1 F5760
G1 X129.186 Y102.561 E-.8
;WIPE_END
G1 Z6.027 F7200
;AFTER_LAYER_CHANGE
;6.02678
G1 Z6.627
G1 X130.545 Y99.016
G1 Z6.027
G1 E.8 F2100
M204 S820
;TYPE:Perimeter
;WIDTH:0.449999
G1 F1134
G1 X130.637 Y99.037 E.00119
G1 X130.709 Y99.168 E.00189
G1 X130.765 Y99.675 E.00646
G1 X130.761 Y110.439 E.13626
G1 X130.678 Y110.944 E.00648
G1 X130.431 Y111.021 E.00328
G1 X129.617 Y111.149 E.01043
G1 X128.232 Y111.252 E.01758
G1 X127.004 Y111.29 E.01555
G1 X125.502 Y111.306 E.01901
G1 X123.496 Y111.297 E.02539
G1 X122.142 Y111.267 E.01714
G1 X121.299 Y111.226 E.01068
G1 X120.388 Y111.15 E.01157
G1 X119.743 Y111.048 E.00827
G1 X119.329 Y110.945 E.0054
G1 X119.239 Y110.498 E.00577
G1 X119.236 Y99.59 E.13808
G1 X119.315 Y99.079 E.00655
G1 X119.46 Y99.003 E.00207
G1 X119.977 Y98.906 E.00666
G1 X120.878 Y98.803 E.01148
G1 X121.761 Y98.748 E.0112
G1 X122.995 Y98.71 E.01563
M73 Q75 S3
G1 X125.062 Y98.693 E.02617
M73 P75 R3
G1 X127.005 Y98.71 E.0246
G1 X128.28 Y98.751 E.01615
G1 X129.168 Y98.808 E.01126
G1 X130.145 Y98.929 E.01246
G1 X130.487 Y99.004 E.00443
M204 S1000
G1 X130.638 Y98.594 F7200
M204 S820
G1 F1134
G1 X130.78 Y98.626 E.00184
G1 X131.014 Y98.772 E.00349
G1 X131.165 Y99.174 E.00544
G1 X131.2 Y99.675 E.00636
G1 X131.199 Y109.861 E.12894
G1 X131.176 Y110.696 E.01057
G1 X131.088 Y111.091 E.00512
G1 X130.97 Y111.28 E.00282
G1 X130.53 Y111.446 E.00595
G1 X129.667 Y111.582 E.01106
G1 X128.255 Y111.687 E.01792
G1 X127.013 Y111.725 E.01573
G1 X125.504 Y111.741 E.0191
G1 X123.49 Y111.732 E.0255
G1 X122.172 Y111.703 E.01669
G1 X121.224 Y111.657 E.01201
G1 X120.274 Y111.572 E.01207
G1 X119.192 Y111.371 E.01393
G1 X119.007 Y111.237 E.00289
G1 X118.882 Y110.99 E.0035
G1 X118.804 Y110.526 E.00596
G1 X118.801 Y99.768 E.13619
G1 X118.829 Y99.248 E.00659
G1 X118.894 Y98.969 E.00363
G1 X119.02 Y98.737 E.00334
G1 X119.348 Y98.581 E.0046
G1 X119.913 Y98.475 E.00728
G1 X120.84 Y98.37 E.01181
G1 X121.741 Y98.313 E.01143
G1 X122.986 Y98.275 E.01577
G1 X125.062 Y98.258 E.02628
G1 X127.014 Y98.275 E.02471
G1 X128.21 Y98.312 E.01515
G1 X129.217 Y98.376 E.01277
G1 X130.225 Y98.501 E.01286
G1 X130.579 Y98.581 E.00459
M204 S1000
G1 X130.759 Y98.189 F7200
M204 S820
;TYPE:External perimeter
;WIDTH:0.419999
G1 F1134
G1 X131.056 Y98.277 E.00365
G1 X131.219 Y98.4 E.00241
G1 X131.401 Y98.597 E.00316
G1 X131.58 Y99.097 E.00626
G1 X131.62 Y99.675 E.00683
G1 X131.613 Y110.512 E.12772
G1 X131.547 Y111.019 E.00603
G1 X131.375 Y111.461 E.00559
G1 X131.158 Y111.659 E.00346
G1 X130.625 Y111.856 E.0067
G1 X129.715 Y111.999 E.01086
G1 X128.277 Y112.106 E.01699
G1 X127.022 Y112.145 E.0148
G1 X125.505 Y112.161 E.01788
G1 X123.485 Y112.152 E.02381
G1 X122.162 Y112.123 E.0156
G1 X121.189 Y112.075 E.01148
G1 X120.209 Y111.987 E.0116
G1 X119.136 Y111.791 E.01286
G1 X118.794 Y111.631 E.00445
G1 X118.583 Y111.39 E.00378
G1 X118.488 Y111.135 E.00321
G1 X118.384 Y110.553 E.00697
G1 X118.381 Y99.768 E.12711
G1 X118.41 Y99.212 E.00656
G1 X118.531 Y98.715 E.00603
G1 X118.713 Y98.44 E.00389
G1 X118.843 Y98.348 E.00188
G1 X119.24 Y98.174 E.00511
G1 X119.85 Y98.06 E.00731
G1 X120.803 Y97.951 E.01131
G1 X121.722 Y97.894 E.01085
G1 X122.978 Y97.855 E.01481
G1 X125.063 Y97.838 E.02457
G1 X127.022 Y97.855 E.02309
G1 X128.278 Y97.894 E.01481
G1 X129.197 Y97.951 E.01085
G1 X130.089 Y98.053 E.01058
G1 X130.624 Y98.149 E.00641
G1 X130.701 Y98.172 E.00095
M204 S1000
;WIPE_START
G1 F5760
G1 X130.759 Y98.189 E-.02093
G1 X131.056 Y98.277 E-.10729
G1 X131.219 Y98.4 E-.07073
G1 X131.401 Y98.597 E-.09289
G1 X131.58 Y99.097 E-.18394
G1 X131.62 Y99.675 E-.20067
G1 X131.62 Y100.032 E-.12355
;WIPE_END
G1 Z6.627 F7200
G1 X127.375 Y100.182
G1 Z6.027
G1 E.8 F2100
M204 S2000
;TYPE:Internal infill
;WIDTH:0.45
G1 F1134
G1 X127.375 Y102.625 E.03093
G1 X122.625 Y107.375 E.08504
G1 X122.625 Y102.625 E.06013
G1 X127.375 Y107.375 E.08504
G1 X127.375 Y109.818 E.03093
M204 S1000
;WIPE_START
G1 F5760
G1 X127.375 Y107.508 E-.8
;WIPE_END
G1 Z6.627 F7200
G1 X121.785 Y99.509
G1 Z6.027
G1 E.8 F2100
M204 S2000
;TYPE:Solid infill
;WIDTH:0.449999
G1 F1134
G1 X120.945 Y99.562 E.01065
G1 X119.997 Y99.677 E.01209
G1 X120 Y110.312 E.13463
G1 X120.505 Y110.396 E.00648
G1 X121.82 Y110.489 E.01669
G1 X121.769 Y110.352 E.00185
G1 X121.769 Y99.726 E.13451
M204 S1000
;WIPE_START
G1 F5760
M73 P76 R3
M73 Q76 S3
G1 X121.769 Y102.036 E-.8
;WIPE_END
G1 Z6.627 F7200
G1 X124.891 Y99.229
G1 Z6.027
G1 E.8 F2100
M204 S2000
;WIDTH:0.298556
G1 F1134
G1 X124.506 Y99.232 E.00318
;WIDTH:0.3158
G1 X123.522 Y99.266 E.00862
;WIDTH:0.345552
G1 X123.024 Y99.313 E.00481
;WIDTH:0.384329
G1 X122.689 Y99.362 E.00364
;WIDTH:0.423106
G1 X122.354 Y99.412 E.00402
;WIDTH:0.449999
G1 X122.256 Y99.506 E.00172
G1 X122.204 Y99.647 E.0019
G1 X122.204 Y110.352 E.13551
G1 X122.256 Y110.494 E.00191
G1 X122.337 Y110.571 E.00141
;WIDTH:0.429096
G1 X122.409 Y110.601 E.00094
;WIDTH:0.400755
G1 X122.482 Y110.631 E.00089
;WIDTH:0.372414
G1 X123.513 Y110.728 E.01077
;WIDTH:0.322563
G1 X124.019 Y110.756 E.00454
;WIDTH:0.305144
G1 X125.498 Y110.769 E.01249
;WIDTH:0.300297
G1 X125.506 Y110.769 E.00007
;WIDTH:0.34561
G1 X126.974 Y110.687 E.01415
;WIDTH:0.386838
G1 X127.311 Y110.638 E.00368
;WIDTH:0.428066
G1 X127.648 Y110.589 E.00409
;WIDTH:0.449999
G1 X127.744 Y110.494 E.00171
G1 X127.796 Y110.352 E.00191
G1 X127.796 Y100.316 E.12705
G1 X127.79 Y99.596 E.00911
G1 X127.642 Y99.407 E.00304
;WIDTH:0.426347
G1 X127.576 Y99.387 E.00083
;WIDTH:0.398406
G1 X127.51 Y99.367 E.00077
;WIDTH:0.370464
G1 X127.032 Y99.319 E.00497
;WIDTH:0.344566
G1 X126.553 Y99.27 E.00462
;WIDTH:0.318667
G1 X125.174 Y99.228 E.01219
;WIDTH:0.298512
G1 X125.168 Y99.228 E.00005
;WIDTH:0.298855
G1 X125.108 Y99.228 E.0005
G1 X125.172 Y98.945 E.0024
;WIDTH:0.298452
G1 X124.51 Y98.949 E.00546
;WIDTH:0.3158
G1 X123.514 Y98.965 E.00872
;WIDTH:0.345552
G1 X123.002 Y98.984 E.00493
;WIDTH:0.371142
G1 X122.459 Y99.013 E.00564
;WIDTH:0.410571
G1 X122.121 Y99.044 E.00391
;WIDTH:0.449999
G1 X120.937 Y99.126 E.01502
G1 X120.047 Y99.226 E.01134
G1 X119.599 Y99.31 E.00577
G1 X119.562 Y99.769 E.00583
G1 X119.566 Y110.476 E.13554
G1 X119.596 Y110.685 E.00267
G1 X120.428 Y110.826 E.01068
G1 X122.366 Y110.963 E.02459
;WIDTH:0.411726
G1 X122.692 Y110.99 E.00378
;WIDTH:0.373454
G1 X123.019 Y111.018 E.00342
;WIDTH:0.335181
G1 X123.998 Y111.045 E.00913
;WIDTH:0.305482
G1 X124.016 Y111.046 E.00015
;WIDTH:0.305144
G1 X125.503 Y111.054 E.01256
;WIDTH:0.316524
G1 X126.487 Y111.036 E.00864
;WIDTH:0.34561
G1 X126.997 Y111.016 E.00491
;WIDTH:0.371481
G1 X127.541 Y110.986 E.00565
;WIDTH:0.41074
G1 X127.874 Y110.957 E.00385
;WIDTH:0.449999
G1 X129.215 Y110.852 E.01703
G1 X130.405 Y110.67 E.01524
G1 X130.435 Y110.415 E.00325
G1 X130.438 Y109.842 E.00725
G1 X130.438 Y99.659 E.12891
G1 X130.412 Y99.313 E.00439
G1 X129.267 Y99.148 E.01464
G1 X127.811 Y99.049 E.01847
;WIDTH:0.426347
G1 X127.406 Y99.016 E.00486
;WIDTH:0.385309
G1 X127.002 Y98.983 E.00437
;WIDTH:0.34427
G1 X126.56 Y98.967 E.00424
;WIDTH:0.318667
G1 X125.39 Y98.948 E.01034
M204 S1000
;WIPE_START
G1 F5760
G1 X126.56 Y98.967 E-.40529
;WIPE_END
G1 E-.39471 F2100
G1 Z6.627 F7200
G1 X128.215 Y99.509
G1 Z6.027
G1 E.8 F2100
M204 S2000
;WIDTH:0.449999
G1 F1134
G1 X128.231 Y100.316 E.01022
G1 X128.231 Y110.352 E.12705
G1 X128.214 Y110.49 E.00176
G1 X129.52 Y110.393 E.01658
G1 X130.003 Y110.303 E.00622
G1 X130.003 Y99.677 E.13451
G1 X129.218 Y99.58 E.01001
G1 X128.432 Y99.523 E.00998
G1 X128.666 Y99.973 E.00642
G1 X128.666 Y110.02 E.12718
G1 X129.568 Y109.941 E.01146
G1 X129.568 Y100.058 E.12511
G1 X128.883 Y99.987 E.00872
G1 X129.117 Y100.461 E.00669
;WIDTH:0.48232
G1 X129.117 Y109.535 E.1234
M204 S1000
;WIPE_START
G1 F5760
G1 X129.117 Y107.225 E-.8
;WIPE_END
G1 Z6.627 F7200
G1 X121.334 Y100.191
G1 Z6.027
G1 E.8 F2100
M204 S2000
;WIDTH:0.449999
G1 F1134
G1 X121.334 Y110.029 E.12454
G1 X120.435 Y109.945 E.01143
M73 P77 R3
M73 Q77 S3
G1 X120.432 Y100.058 E.12516
G1 X121.334 Y99.973 E.01147
G1 X120.883 Y100.46 E.0084
;WIDTH:0.481306
G1 X120.885 Y109.54 E.12322
M204 S1000
;LAYER_CHANGE
;Z:6.09678
;HEIGHT:0.0700002
;BEFORE_LAYER_CHANGE
G92 E0.0
;6.09678


;WIPE_START
G1 F5760
G1 X120.885 Y107.23 E-.8
;WIPE_END
G1 Z6.097 F7200
;AFTER_LAYER_CHANGE
;6.09678
G1 Z6.697
G1 X130.496 Y99.117
G1 Z6.097
G1 E.8 F2100
M204 S820
;TYPE:Perimeter
;WIDTH:0.449999
G1 F1159
G1 X130.546 Y99.538 E.00537
G1 X130.547 Y110.057 E.13316
G1 X130.541 Y110.584 E.00667
G1 X130.49 Y110.89 E.00393
G1 X130.232 Y110.965 E.0034
G1 X129.673 Y111.068 E.0072
G1 X128.637 Y111.177 E.01319
G1 X127.562 Y111.233 E.01363
G1 X126.073 Y111.266 E.01885
G1 X124.503 Y111.27 E.01987
G1 X122.188 Y111.222 E.02931
G1 X121.255 Y111.168 E.01183
G1 X120.291 Y111.061 E.01228
G1 X119.498 Y110.881 E.01029
G1 X119.46 Y110.66 E.00284
G1 X119.454 Y99.973 E.13529
G1 X119.49 Y99.172 E.01015
G1 X119.548 Y99.099 E.00118
G1 X120.342 Y98.93 E.01028
G1 X121.303 Y98.827 E.01223
G1 X122.438 Y98.767 E.01439
G1 X123.927 Y98.734 E.01885
G1 X125.413 Y98.729 E.01881
G1 X127.913 Y98.782 E.03165
G1 X128.746 Y98.832 E.01056
G1 X129.71 Y98.939 E.01228
G1 X130.437 Y99.103 E.00943
M204 S1000
G1 X130.785 Y98.779 F7200
M204 S820
G1 F1159
G1 X130.792 Y98.782 E.0001
G1 X130.92 Y99.007 E.00328
G1 X130.981 Y99.538 E.00677
G1 X130.973 Y110.685 E.14111
G1 X130.892 Y111.07 E.00498
G1 X130.785 Y111.231 E.00245
G1 X130.332 Y111.389 E.00607
G1 X129.735 Y111.499 E.00768
G1 X128.672 Y111.611 E.01353
G1 X127.578 Y111.668 E.01387
G1 X126.078 Y111.701 E.01899
G1 X124.499 Y111.705 E.01999
G1 X122.121 Y111.655 E.03011
G1 X121.269 Y111.607 E.0108
G1 X120.265 Y111.499 E.01278
G1 X119.672 Y111.389 E.00763
G1 X119.192 Y111.208 E.00649
G1 X119.108 Y111.08 E.00194
G1 X119.025 Y110.69 E.00505
G1 X119.02 Y99.973 E.13567
G1 X119.057 Y99.129 E.01069
G1 X119.159 Y98.829 E.00401
G1 X119.411 Y98.683 E.00369
G1 X120.274 Y98.5 E.01117
G1 X121.268 Y98.393 E.01266
G1 X122.422 Y98.332 E.01463
G1 X123.922 Y98.299 E.01899
G1 X125.417 Y98.294 E.01893
G1 X127.879 Y98.345 E.03117
G1 X128.731 Y98.393 E.0108
G1 X129.735 Y98.501 E.01278
G1 X130.328 Y98.611 E.00763
G1 X130.729 Y98.759 E.00541
M204 S1000
G1 X130.958 Y98.406 F7200
M204 S820
;TYPE:External perimeter
;WIDTH:0.419999
G1 F1159
G1 X131.086 Y98.47 E.00169
G1 X131.283 Y98.75 E.00403
G1 X131.341 Y98.948 E.00243
G1 X131.4 Y99.538 E.00699
G1 X131.393 Y110.695 E.1315
G1 X131.313 Y111.122 E.00512
G1 X131.171 Y111.444 E.00415
G1 X130.933 Y111.627 E.00354
G1 X130.429 Y111.798 E.00627
G1 X129.795 Y111.915 E.0076
G1 X128.704 Y112.03 E.01293
G1 X127.594 Y112.087 E.0131
G1 X126.084 Y112.121 E.0178
G1 X124.495 Y112.125 E.01873
G1 X122.105 Y112.075 E.02817
G1 X121.235 Y112.026 E.01027
G1 X120.205 Y111.915 E.01221
G1 X119.573 Y111.798 E.00758
G1 X119.039 Y111.607 E.00668
G1 X118.827 Y111.423 E.00331
G1 X118.694 Y111.174 E.00333
G1 X118.605 Y110.719 E.00546
G1 X118.599 Y99.497 E.13226
G1 X118.655 Y98.928 E.00674
M73 P78 R3
M73 Q78 S3
G1 X118.807 Y98.588 E.00439
G1 X118.97 Y98.423 E.00273
G1 X119.279 Y98.282 E.004
G1 X120.207 Y98.085 E.01118
G1 X121.235 Y97.974 E.01219
G1 X122.406 Y97.913 E.01382
G1 X123.916 Y97.879 E.0178
G1 X125.421 Y97.875 E.01774
G1 X127.829 Y97.924 E.02839
G1 X128.837 Y97.982 E.0119
G1 X129.865 Y98.098 E.01219
G1 X130.739 Y98.297 E.01056
G1 X130.904 Y98.379 E.00217
M204 S1000
;WIPE_START
G1 F5760
G1 X130.958 Y98.406 E-.02091
G1 X131.086 Y98.47 E-.04957
G1 X131.283 Y98.75 E-.11858
G1 X131.341 Y98.948 E-.07146
G1 X131.4 Y99.538 E-.20537
G1 X131.399 Y100.503 E-.33411
;WIPE_END
G1 Z6.697 F7200
G1 X126.763 Y100.795
G1 Z6.097
G1 E.8 F2100
M204 S2000
;TYPE:Internal infill
;WIDTH:0.45
G1 F1159
G1 X126.763 Y103.237 E.03091
G1 X123.237 Y106.763 E.06312
G1 X123.237 Y103.237 E.04464
G1 X126.763 Y106.763 E.06312
G1 X126.763 Y109.205 E.03091
M204 S1000
;WIPE_START
G1 F5760
G1 X126.763 Y106.895 E-.8
;WIPE_END
G1 Z6.697 F7200
G1 X119.851 Y110.505
G1 Z6.097
G1 E.8 F2100
M204 S2000
;TYPE:Solid infill
;WIDTH:0.60019
G1 F1159
G1 X119.8 Y110.557 E.00124
G1 X119.819 Y110.627 E.00124
G1 X119.889 Y110.646 E.00124
G1 X119.941 Y110.594 E.00125
G1 X119.922 Y110.524 E.00124
;WIDTH:0.449999
G1 X119.794 Y109.778 E.00958
G1 X120.808 Y110.792 E.01815
G1 X121.488 Y110.857 E.00865
G1 X119.793 Y109.162 E.03034
G1 X119.792 Y108.546 E.0078
G1 X122.14 Y110.894 E.04204
G1 X122.769 Y110.908 E.00796
G1 X119.792 Y107.93 E.0533
G1 X119.791 Y107.314 E.0078
G1 X122.816 Y110.339 E.05416
G1 X122.979 Y110.46 E.00257
;WIDTH:0.41057
G1 X123.141 Y110.582 E.00233
;WIDTH:0.37114
G1 X123.11 Y110.954 E.00387
G1 X123.695 Y110.976 E.00607
;WIDTH:0.352134
G1 X124.496 Y110.999 E.00786
;WIDTH:0.339626
G1 X125.486 Y110.997 E.00935
;WIDTH:0.354303
G1 X126.068 Y110.988 E.00575
;WIDTH:0.376212
G1 X127.171 Y110.951 E.0116
G1 X126.81 Y110.59 E.00537
G1 X126.057 Y110.649 E.00794
;WIDTH:0.354303
G1 X125.495 Y110.674 E.00555
;WIDTH:0.339485
G1 X124.516 Y110.675 E.00924
;WIDTH:0.351435
G1 X123.729 Y110.641 E.00771
;WIDTH:0.363889
G1 X123.358 Y110.603 E.00379
M204 S1000
;WIPE_START
G1 F5760
G1 X123.729 Y110.641 E-.12917
;WIPE_END
G1 E-.67083 F2100
G1 Z6.697 F7200
G1 X122.816 Y109.724
G1 Z6.097
G1 E.8 F2100
M204 S2000
;WIDTH:0.449999
G1 F1159
G1 X119.79 Y106.698 E.05417
G1 X119.789 Y106.082 E.0078
G1 X122.816 Y109.109 E.05419
G1 X122.816 Y108.494 E.00779
G1 X119.788 Y105.466 E.05421
G1 X119.788 Y104.85 E.0078
G1 X122.816 Y107.879 E.05422
G1 X122.816 Y107.263 E.0078
G1 X119.787 Y104.234 E.05423
G1 X119.786 Y103.618 E.0078
G1 X122.816 Y106.648 E.05424
G1 X122.816 Y106.033 E.00779
G1 X119.785 Y103.002 E.05426
G1 X119.784 Y102.386 E.0078
G1 X122.816 Y105.418 E.05428
G1 X122.816 Y104.803 E.00779
G1 X119.783 Y101.77 E.0543
G1 X119.783 Y101.154 E.0078
G1 X122.816 Y104.188 E.05431
G1 X122.816 Y103.573 E.00779
G1 X119.782 Y100.538 E.05433
G1 X119.781 Y99.922 E.0078
G1 X122.816 Y102.957 E.05433
G1 X122.816 Y102.342 E.00779
G1 X119.843 Y99.37 E.05322
G1 X120.351 Y99.262 E.00657
G1 X122.816 Y101.727 E.04413
G1 X122.816 Y101.112 E.00779
G1 X120.902 Y99.198 E.03427
G1 X121.464 Y99.145 E.00715
G1 X122.816 Y100.497 E.0242
G1 X122.816 Y99.882 E.00779
G1 X122.049 Y99.114 E.01374
G1 X122.638 Y99.089 E.00746
G1 X122.982 Y99.433 E.00616
G1 X123.062 Y99.234 E.00272
;WIDTH:0.408311
G1 X123.142 Y99.036 E.00244
;WIDTH:0.366623
G1 X123.423 Y99.318 E.00407
G1 X123.423 Y99.393 E.00077
G1 X123.95 Y99.346 E.00541
;WIDTH:0.351363
G1 X124.015 Y99.341 E.00064
;WIDTH:0.347943
G1 X125.27 Y99.325 E.01216
;WIDTH:0.35118
G1 X126.275 Y99.36 E.00984
;WIDTH:0.352334
G1 X126.723 Y99.414 E.00443
G1 X126.475 Y99.141 E.00362
G1 X126.501 Y99.029 E.00113
G1 X125.47 Y99.003 E.01012
;WIDTH:0.342434
G1 X125.264 Y99.001 E.00196
M73 Q79 S3
;WIDTH:0.347943
G1 X124.012 Y99.009 E.01213
;WIDTH:0.361957
G1 X123.359 Y99.029 E.0066
M73 P79 R3
M204 S1000
;WIPE_START
G1 F5760
G1 X124.012 Y99.009 E-.22628
;WIPE_END
G1 E-.57372 F2100
G1 Z6.697 F7200
G1 X127.173 Y110.39
G1 Z6.097
G1 E.8 F2100
M204 S2000
;WIDTH:0.449999
G1 F1159
G1 X127.683 Y110.9 E.00913
G1 X128.268 Y110.87 E.00742
G1 X127.106 Y109.694 E.02093
;WIDTH:0.402511
G1 X127.028 Y109.602 E.00136
;WIDTH:0.355022
G1 X127.039 Y109.643 E.00042
G1 X126.968 Y109.662 E.00073
G1 X126.987 Y109.591 E.00073
;WIDTH:0.449999
G1 X127.184 Y109.171 E.00587
G1 X128.841 Y110.828 E.02966
G1 X129.397 Y110.769 E.00708
G1 X127.184 Y108.556 E.03962
G1 X127.184 Y107.941 E.00779
G1 X129.927 Y110.683 E.0491
G1 X130.117 Y110.683 E.00241
;WIDTH:0.402511
G1 X130.308 Y110.682 E.00215
;WIDTH:0.355022
G1 X130.289 Y110.753 E.00073
G1 X130.36 Y110.734 E.00073
G1 X130.349 Y110.693 E.00042
;WIDTH:0.449999
G1 X130.219 Y110.36 E.00453
G1 X127.184 Y107.325 E.05433
G1 X127.184 Y106.71 E.00779
G1 X130.221 Y109.747 E.05437
G1 X130.22 Y109.132 E.00779
G1 X127.184 Y106.095 E.05436
G1 X127.184 Y105.48 E.00779
G1 X130.22 Y108.516 E.05435
G1 X130.22 Y107.901 E.00779
G1 X127.184 Y104.865 E.05435
G1 X127.184 Y104.25 E.00779
G1 X130.22 Y107.286 E.05435
G1 X130.22 Y106.671 E.00779
G1 X127.184 Y103.635 E.05435
G1 X127.184 Y103.019 E.0078
G1 X130.22 Y106.055 E.05435
G1 X130.22 Y105.44 E.00779
G1 X127.184 Y102.404 E.05435
G1 X127.184 Y101.789 E.00779
G1 X130.22 Y104.825 E.05435
G1 X130.22 Y104.21 E.00779
G1 X127.184 Y101.174 E.05435
G1 X127.184 Y100.559 E.00779
G1 X130.22 Y103.595 E.05435
G1 X130.22 Y102.979 E.0078
G1 X127.184 Y99.944 E.05434
G1 X127.112 Y99.79 E.00215
;WIDTH:0.402511
G1 X127.04 Y99.636 E.00192
;WIDTH:0.355022
G1 X126.944 Y99.533 E.00139
;WIDTH:0.449999
G1 X126.943 Y99.087 E.00565
G1 X130.22 Y102.364 E.05867
G1 X130.22 Y101.749 E.00779
G1 X127.57 Y99.1 E.04743
G1 X128.212 Y99.126 E.00813
G1 X130.219 Y101.134 E.03594
G1 X130.219 Y100.518 E.0078
G1 X128.875 Y99.174 E.02406
G1 X129.565 Y99.248 E.00878
G1 X130.219 Y99.903 E.01172
M204 S1000
;LAYER_CHANGE
;Z:6.16678
;HEIGHT:0.0700002
;BEFORE_LAYER_CHANGE
G92 E0.0
;6.16678


;WIPE_START
G1 F5760
G1 X129.565 Y99.248 E-.32059
G1 X128.875 Y99.174 E-.24035
G1 X129.363 Y99.662 E-.23906
;WIPE_END
G1 Z6.167 F7200
;AFTER_LAYER_CHANGE
;6.16678
G1 Z6.767
G1 X130.231 Y99.162
G1 Z6.167
G1 E.8 F2100
M204 S820
;TYPE:Perimeter
G1 F1179
G1 X130.231 Y110.822 E.1476
G1 X129.9 Y110.929 E.0044
G1 X128.727 Y111.107 E.01502
G1 X128.049 Y111.158 E.00861
G1 X127.005 Y111.203 E.01323
G1 X125.501 Y111.229 E.01904
G1 X124.002 Y111.225 E.01898
G1 X121.946 Y111.157 E.02604
G1 X121.26 Y111.106 E.00871
G1 X120.503 Y111.01 E.00966
G1 X119.769 Y110.838 E.00954
G1 X119.769 Y99.164 E.14778
G1 X120.096 Y99.07 E.00431
M73 P79 R2
M73 Q79 S2
G1 X120.757 Y98.953 E.0085
G1 X121.304 Y98.89 E.00697
G1 X122.144 Y98.832 E.01066
G1 X123.496 Y98.783 E.01713
G1 X125.264 Y98.77 E.02238
G1 X126.652 Y98.786 E.01757
G1 X127.854 Y98.832 E.01523
G1 X128.742 Y98.895 E.01127
G1 X129.497 Y98.99 E.00963
G1 X130.173 Y99.148 E.00879
M204 S1000
G1 X130.616 Y98.871 F7200
M204 S820
G1 F1179
G1 X130.666 Y99.042 E.00226
G1 X130.666 Y110.509 E.14516
G1 X130.645 Y111.078 E.00721
M73 P80 R2
M73 Q80 S2
G1 X130.577 Y111.168 E.00143
G1 X130 Y111.354 E.00767
G1 X128.776 Y111.539 E.01567
G1 X128.075 Y111.592 E.0089
G1 X127.018 Y111.638 E.01339
G1 X125.504 Y111.664 E.01917
G1 X123.994 Y111.66 E.01912
G1 X121.922 Y111.592 E.02624
G1 X121.216 Y111.539 E.00896
G1 X120.426 Y111.439 E.01008
G1 X119.659 Y111.259 E.00997
G1 X119.366 Y111.119 E.00411
G1 X119.334 Y111.028 E.00122
G1 X119.334 Y99.483 E.14615
G1 X119.359 Y98.901 E.00737
G1 X119.501 Y98.798 E.00222
G1 X119.998 Y98.646 E.00658
G1 X120.695 Y98.522 E.00896
G1 X121.264 Y98.457 E.00725
G1 X122.121 Y98.397 E.01088
G1 X123.487 Y98.348 E.0173
G1 X125.265 Y98.335 E.02251
G1 X126.663 Y98.351 E.0177
G1 X127.878 Y98.397 E.01539
G1 X128.785 Y98.462 E.01151
G1 X129.574 Y98.561 E.01007
G1 X130.341 Y98.741 E.00997
G1 X130.562 Y98.846 E.0031
M204 S1000
G1 X130.857 Y98.527 F7200
M204 S820
;TYPE:External perimeter
;WIDTH:0.419999
G1 F1179
G1 X130.901 Y98.547 E.00057
G1 X131.022 Y98.703 E.00233
G1 X131.086 Y99.042 E.00407
G1 X131.086 Y110.509 E.13515
G1 X131.068 Y111.118 E.00718
G1 X130.974 Y111.363 E.00309
G1 X130.772 Y111.547 E.00322
G1 X130.096 Y111.764 E.00837
G1 X128.823 Y111.957 E.01517
G1 X128.099 Y112.011 E.00856
G1 X127.031 Y112.058 E.0126
G1 X125.507 Y112.084 E.01796
G1 X123.986 Y112.08 E.01793
G1 X121.899 Y112.011 E.02461
G1 X121.174 Y111.957 E.00857
G1 X120.351 Y111.852 E.00978
G1 X119.564 Y111.668 E.00953
G1 X119.165 Y111.488 E.00516
G1 X119.006 Y111.345 E.00252
G1 X118.914 Y111.052 E.00362
G1 X118.914 Y99.088 E.14101
G1 X118.971 Y98.719 E.0044
G1 X119.103 Y98.543 E.00259
G1 X119.371 Y98.389 E.00364
G1 X119.903 Y98.236 E.00652
G1 X120.634 Y98.106 E.00875
G1 X121.226 Y98.039 E.00702
G1 X122.099 Y97.978 E.01031
G1 X123.478 Y97.928 E.01626
G1 X125.265 Y97.915 E.02106
G1 X126.674 Y97.931 E.01661
G1 X127.9 Y97.978 E.01446
G1 X128.826 Y98.044 E.01094
G1 X129.649 Y98.148 E.00978
G1 X130.436 Y98.332 E.00953
G1 X130.803 Y98.502 E.00477
M204 S1000
;WIPE_START
G1 F5760
G1 X130.857 Y98.527 E-.02061
G1 X130.901 Y98.547 E-.01674
G1 X131.022 Y98.703 E-.06838
G1 X131.086 Y99.042 E-.11949
G1 X131.086 Y100.702 E-.57478
;WIPE_END
G1 Z6.767 F7200
G1 X126.037 Y101.521
G1 Z6.167
G1 E.8 F2100
M204 S2000
;TYPE:Internal infill
;WIDTH:0.45
G1 F1179
G1 X126.037 Y103.963 E.03091
G1 X123.963 Y106.037 E.03713
G1 X123.963 Y103.963 E.02625
G1 X126.037 Y106.037 E.03713
G1 X126.037 Y108.479 E.03091
M204 S1000
;WIPE_START
G1 F5760
G1 X126.037 Y106.169 E-.8
;WIPE_END
G1 Z6.767 F7200
G1 X120.232 Y99.46
G1 Z6.167
G1 E.8 F2100
M204 S2000
;TYPE:Solid infill
;WIDTH:0.586622
G1 F1179
G1 X120.182 Y99.41 E.00118
G1 X120.113 Y99.428 E.00119
G1 X120.094 Y99.497 E.00119
G1 X120.145 Y99.548 E.0012
G1 X120.214 Y99.529 E.00119
M204 S1000
G1 X121.113 Y99.241 F7200
M204 S2000
;WIDTH:0.449999
G1 F1179
G1 X120.022 Y100.337 E.01958
;WIDTH:0.402511
G1 X119.95 Y100.415 E.0012
;WIDTH:0.355022
G1 X119.879 Y100.396 E.00073
G1 X119.898 Y100.467 E.00073
G1 X119.939 Y100.456 E.00042
;WIDTH:0.449999
G1 X120.095 Y100.874 E.00565
G1 X121.785 Y99.184 E.03026
G1 X122.436 Y99.148 E.00825
G1 X120.095 Y101.489 E.04191
G1 X120.095 Y102.104 E.00779
G1 X123.074 Y99.125 E.05333
G1 X123.706 Y99.108 E.008
G1 X120.095 Y102.719 E.06465
G1 X120.095 Y103.334 E.00779
G1 X123.542 Y99.887 E.06171
M204 S1000
G1 X124.031 Y99.081 F7200
M204 S2000
;WIDTH:0.401418
G1 F1179
G1 X123.945 Y99.488 E.00468
G1 X124.499 Y99.446 E.00625
;WIDTH:0.391885
G1 X125.307 Y99.445 E.00886
;WIDTH:0.401069
G1 X125.881 Y99.474 E.00646
G1 X125.902 Y99.408 E.00078
G1 X126.226 Y99.084 E.00515
G1 X125.475 Y99.07 E.00844
;WIDTH:0.391448
G1 X124.513 Y99.072 E.01054
;WIDTH:0.395897
G1 X124.248 Y99.077 E.00294
M204 S1000
;WIPE_START
G1 F5760
G1 X124.513 Y99.072 E-.0918
;WIPE_END
G1 E-.7082 F2100
G1 Z6.767 F7200
G1 X123.542 Y100.502
G1 Z6.167
G1 E.8 F2100
M204 S2000
;WIDTH:0.449999
G1 F1179
G1 X120.095 Y103.95 E.06172
G1 X120.095 Y104.565 E.00779
G1 X123.542 Y101.117 E.06172
G1 X123.542 Y101.732 E.00779
G1 X120.095 Y105.18 E.06172
G1 X120.095 Y105.795 E.00779
M73 P81 R2
M73 Q81 S2
G1 X123.542 Y102.348 E.06171
G1 X123.542 Y102.963 E.00779
G1 X120.095 Y106.41 E.06171
G1 X120.095 Y107.025 E.00779
G1 X123.542 Y103.578 E.06171
G1 X123.542 Y104.193 E.00779
G1 X120.095 Y107.64 E.06171
G1 X120.095 Y108.256 E.0078
G1 X123.542 Y104.808 E.06172
G1 X123.542 Y105.423 E.00779
G1 X120.095 Y108.871 E.06172
G1 X120.095 Y109.486 E.00779
G1 X123.542 Y106.038 E.06172
G1 X123.542 Y106.654 E.0078
G1 X120.095 Y110.101 E.06171
G1 X119.986 Y110.719 E.00794
;WIDTH:0.355022
G1 X119.945 Y110.73 E.00042
G1 X119.926 Y110.659 E.00073
G1 X119.997 Y110.678 E.00073
;WIDTH:0.402511
G1 X120.101 Y110.642 E.00124
;WIDTH:0.449999
G1 X120.206 Y110.605 E.00141
G1 X123.542 Y107.269 E.05972
G1 X123.542 Y107.884 E.00779
G1 X120.718 Y110.708 E.05056
G1 X121.293 Y110.781 E.00734
G1 X121.963 Y110.831 E.00851
G1 X123.36 Y110.877 E.01769
G1 X124.004 Y110.918 E.00817
;WIDTH:0.40972
G1 X124.52 Y110.93 E.00593
;WIDTH:0.391655
G1 X125.597 Y110.93 E.01181
G1 X125.589 Y110.818 E.00123
G1 X125.865 Y110.523 E.00443
G1 X124.522 Y110.555 E.01472
;WIDTH:0.414351
G1 X123.84 Y110.511 E.00794
;WIDTH:0.443098
G1 X123.699 Y110.457 E.00188
;WIDTH:0.449999
G1 X123.6 Y110.355 E.0018
G1 X123.542 Y110.208 E.002
G1 X123.542 Y108.101 E.02667
M204 S1000
G1 X123.107 Y108.934 F7200
M204 S2000
G1 F1179
G1 X121.668 Y110.373 E.02576
G1 X123.197 Y110.437 E.01937
G1 X123.107 Y110.208 E.00311
G1 X123.107 Y109.152 E.01337
M204 S1000
G1 X122.725 Y109.97 F7200
M204 S2000
;WIDTH:0.450038
G1 F1179
G1 X122.686 Y109.932 E.00069
G1 X122.634 Y109.946 E.00068
G1 X122.62 Y109.998 E.00068
G1 X122.658 Y110.037 E.00069
G1 X122.711 Y110.023 E.00069
M204 S1000
;WIPE_START
G1 F5760
G1 X122.658 Y110.037 E-.01899
G1 X122.62 Y109.998 E-.01886
G1 X122.634 Y109.946 E-.01865
G1 X122.686 Y109.932 E-.01865
G1 X122.725 Y109.97 E-.01886
;WIPE_END
G1 E-.70599 F2100
G1 Z6.767 F7200
G1 X126.325 Y99.564
G1 Z6.167
G1 E.8 F2100
M204 S2000
;WIDTH:0.449999
G1 F1179
G1 X126.773 Y99.117 E.00801
G1 X127.365 Y99.14 E.0075
G1 X126.385 Y100.122 E.01756
;WIDTH:0.402511
G1 X126.313 Y100.196 E.00116
;WIDTH:0.355022
G1 X126.242 Y100.177 E.00073
G1 X126.261 Y100.249 E.00074
G1 X126.302 Y100.238 E.00042
;WIDTH:0.449999
G1 X126.458 Y100.662 E.00572
G1 X127.954 Y99.166 E.02678
G1 X128.529 Y99.207 E.0073
G1 X126.458 Y101.278 E.03708
G1 X126.458 Y101.893 E.00779
G1 X129.084 Y99.267 E.04701
G1 X129.613 Y99.352 E.00678
G1 X126.458 Y102.508 E.05649
G1 X126.458 Y103.123 E.00779
G1 X129.905 Y99.676 E.06171
G1 X129.978 Y99.517 E.00221
;WIDTH:0.402511
G1 X130.051 Y99.359 E.00196
;WIDTH:0.355022
G1 X130.01 Y99.37 E.00042
G1 X129.991 Y99.299 E.00073
G1 X130.062 Y99.318 E.00073
M204 S1000
G1 X129.905 Y100.291 F7200
M204 S2000
;WIDTH:0.449999
G1 F1179
G1 X126.458 Y103.738 E.06171
G1 X126.458 Y104.353 E.00779
G1 X129.905 Y100.906 E.06171
G1 X129.905 Y101.521 E.00779
G1 X126.458 Y104.968 E.06171
G1 X126.458 Y105.584 E.0078
G1 X129.905 Y102.136 E.06172
G1 X129.905 Y102.751 E.00779
G1 X126.458 Y106.199 E.06172
G1 X126.458 Y106.814 E.00779
G1 X129.905 Y103.366 E.06172
G1 X129.905 Y103.982 E.0078
G1 X126.458 Y107.429 E.06171
G1 X126.458 Y108.044 E.00779
G1 X129.905 Y104.597 E.06171
G1 X129.905 Y105.212 E.00779
G1 X126.458 Y108.659 E.06171
G1 X126.458 Y109.274 E.00779
G1 X129.905 Y105.827 E.06171
G1 X129.905 Y106.442 E.00779
G1 X126.458 Y109.89 E.06172
M204 S1000
;WIPE_START
G1 F5760
G1 X128.091 Y108.257 E-.8
;WIPE_END
G1 Z6.767 F7200
G1 X126.069 Y110.893
M73 Q82 S2
G1 Z6.167
M73 P82 R2
G1 E.8 F2100
M204 S2000
G1 F1179
G1 X129.905 Y107.057 E.06867
G1 X129.905 Y107.672 E.00779
G1 X126.695 Y110.882 E.05747
G1 X127.33 Y110.863 E.00804
G1 X129.905 Y108.288 E.0461
G1 X129.905 Y108.903 E.00779
G1 X127.974 Y110.834 E.03457
G1 X128.637 Y110.786 E.00841
G1 X129.905 Y109.518 E.0227
G1 X129.905 Y110.133 E.00779
G1 X129.357 Y110.681 E.00981
M204 S1000
;LAYER_CHANGE
;Z:6.23678
;HEIGHT:0.0699997
;BEFORE_LAYER_CHANGE
G92 E0.0
;6.23678


;WIPE_START
G1 F5760
G1 X129.905 Y110.133 E-.26842
G1 X129.905 Y109.518 E-.21301
G1 X129.255 Y110.168 E-.31857
;WIPE_END
G1 Z6.237 F7200
;AFTER_LAYER_CHANGE
;6.23678
G1 Z6.837
G1 X129.895 Y99.196
G1 Z6.237
G1 E.8 F2100
M204 S820
;TYPE:Perimeter
G1 F1226
G1 X129.895 Y110.804 E.14695
G1 X129.58 Y110.894 E.00415
G1 X128.676 Y111.038 E.01159
G1 X127.848 Y111.109 E.01052
G1 X126.004 Y111.176 E.02336
G1 X124.499 Y111.183 E.01905
G1 X122.994 Y111.151 E.01906
G1 X122.152 Y111.109 E.01067
G1 X121.314 Y111.037 E.01065
G1 X120.787 Y110.963 E.00674
G1 X120.105 Y110.798 E.00888
G1 X120.105 Y99.217 E.1466
G1 X120.445 Y99.102 E.00454
G1 X121.318 Y98.963 E.01119
G1 X122.697 Y98.862 E.0175
G1 X123.999 Y98.824 E.01649
G1 X125.089 Y98.815 E.0138
G1 X126.502 Y98.834 E.01789
G1 X127.899 Y98.896 E.0177
G1 X128.722 Y98.968 E.01046
G1 X129.255 Y99.046 E.00682
G1 X129.837 Y99.182 E.00757
M204 S1000
G1 X130.33 Y98.904 F7200
M204 S820
G1 F1226
G1 X130.33 Y111.1 E.15439
G1 X129.674 Y111.319 E.00875
G1 X128.729 Y111.47 E.01211
G1 X127.878 Y111.543 E.01081
G1 X127.02 Y111.586 E.01088
G1 X126.011 Y111.611 E.01278
G1 X124.495 Y111.618 E.01919
G1 X122.979 Y111.586 E.0192
G1 X122.122 Y111.543 E.01086
G1 X121.265 Y111.469 E.01089
G1 X120.705 Y111.391 E.00716
G1 X119.92 Y111.2 E.01023
G1 X119.67 Y111.1 E.00341
G1 X119.67 Y98.905 E.15438
G1 X120.34 Y98.678 E.00896
G1 X121.267 Y98.531 E.01188
G1 X122.674 Y98.427 E.01786
G1 X123.991 Y98.389 E.01668
G1 X125.09 Y98.38 E.01391
G1 X126.514 Y98.399 E.01803
G1 X127.88 Y98.457 E.01731
G1 X128.735 Y98.531 E.01086
G1 X129.299 Y98.609 E.00721
G1 X129.978 Y98.766 E.00882
G1 X130.274 Y98.882 E.00402
M204 S1000
G1 X130.604 Y98.602 F7200
M204 S820
;TYPE:External perimeter
;WIDTH:0.419999
G1 F1226
G1 X130.704 Y98.675 E.00146
G1 X130.75 Y98.826 E.00186
G1 X130.75 Y110.5 E.13759
G1 X130.734 Y111.28 E.00919
G1 X130.638 Y111.395 E.00177
G1 X130.275 Y111.578 E.00479
G1 X129.766 Y111.73 E.00626
G1 X128.78 Y111.887 E.01177
G1 X127.906 Y111.962 E.01034
G1 X127.036 Y112.005 E.01027
G1 X126.017 Y112.031 E.01201
G1 X124.492 Y112.038 E.01797
G1 X122.909 Y112.003 E.01866
G1 X122.039 Y111.957 E.01027
G1 X121.16 Y111.879 E.0104
G1 X120.544 Y111.784 E.00735
G1 X119.708 Y111.571 E.01017
G1 X119.324 Y111.367 E.00512
G1 X119.25 Y111.2 E.00215
G1 X119.25 Y99.538 E.13745
G1 X119.266 Y98.72 E.00964
G1 X119.472 Y98.529 E.00331
G1 X120.239 Y98.269 E.00955
G1 X121.219 Y98.113 E.0117
G1 X122.653 Y98.008 E.01695
G1 X123.984 Y97.969 E.01569
G1 X125.092 Y97.96 E.01306
G1 X126.525 Y97.98 E.01689
G1 X127.907 Y98.038 E.0163
G1 X128.782 Y98.113 E.01035
G1 X129.375 Y98.196 E.00706
G1 X130.072 Y98.357 E.00843
G1 X130.475 Y98.506 E.00506
G1 X130.556 Y98.566 E.00119
M204 S1000
;WIPE_START
G1 F5760
G1 X130.604 Y98.602 E-.02078
G1 X130.704 Y98.675 E-.04288
G1 X130.75 Y98.826 E-.05467
G1 X130.75 Y100.794 E-.68167
;WIPE_END
G1 Z6.837 F7200
M73 Q83 S2
G1 X120.483 Y110.416
M73 P83 R2
G1 Z6.237
G1 E.8 F2100
M204 S2000
;TYPE:Solid infill
;WIDTH:0.591652
G1 F1226
G1 X120.432 Y110.467 E.00121
G1 X120.451 Y110.536 E.0012
G1 X120.52 Y110.555 E.0012
G1 X120.571 Y110.504 E.00121
G1 X120.553 Y110.434 E.00121
M204 S1000
G1 X121.453 Y110.721 F7200
M204 S2000
;WIDTH:0.449999
G1 F1226
G1 X120.431 Y109.699 E.0183
G1 X120.353 Y109.601 E.00159
;WIDTH:0.402511
G1 X120.275 Y109.502 E.00142
;WIDTH:0.355022
G1 X120.286 Y109.543 E.00042
G1 X120.215 Y109.562 E.00073
G1 X120.234 Y109.491 E.00073
;WIDTH:0.449999
G1 X120.431 Y109.084 E.00572
G1 X122.126 Y110.779 E.03034
G1 X122.775 Y110.813 E.00823
G1 X120.431 Y108.469 E.04196
G1 X120.431 Y107.854 E.00779
G1 X123.41 Y110.833 E.05333
G1 X124.039 Y110.847 E.00796
G1 X120.431 Y107.239 E.06459
G1 X120.431 Y106.624 E.00779
G1 X124.663 Y110.856 E.07576
G1 X125.276 Y110.853 E.00776
G1 X120.431 Y106.009 E.08673
G1 X120.431 Y105.393 E.0078
G1 X125.888 Y110.851 E.0977
G1 X126.485 Y110.832 E.00756
G1 X120.431 Y104.778 E.10838
G1 X120.431 Y104.163 E.00779
G1 X127.079 Y110.811 E.11902
G1 X127.672 Y110.789 E.00751
G1 X120.431 Y103.548 E.12963
G1 X120.431 Y102.933 E.00779
G1 X128.246 Y110.747 E.1399
G1 X128.801 Y110.688 E.00707
G1 X120.431 Y102.318 E.14984
G1 X120.431 Y101.703 E.00779
G1 X129.332 Y110.603 E.15934
G1 X129.502 Y110.599 E.00215
;WIDTH:0.402511
G1 X129.672 Y110.595 E.00192
;WIDTH:0.355022
G1 X129.653 Y110.666 E.00073
G1 X129.724 Y110.647 E.00073
G1 X129.713 Y110.606 E.00042
;WIDTH:0.449999
G1 X129.569 Y110.225 E.00516
G1 X120.431 Y101.087 E.16359
G1 X120.431 Y100.472 E.00779
G1 X129.569 Y109.61 E.16359
G1 X129.569 Y108.995 E.00779
G1 X120.431 Y99.857 E.16359
G1 X120.295 Y99.32 E.00701
;WIDTH:0.355022
G1 X120.276 Y99.391 E.00073
G1 X120.347 Y99.372 E.00073
G1 X120.336 Y99.331 E.00042
;WIDTH:0.402511
G1 X120.467 Y99.37 E.00154
;WIDTH:0.449999
G1 X120.597 Y99.408 E.00171
G1 X129.569 Y108.38 E.16062
G1 X129.569 Y107.764 E.0078
G1 X121.128 Y99.324 E.15111
G1 X121.683 Y99.263 E.00707
M73 P84 R2
M73 Q84 S2
G1 X129.569 Y107.149 E.14118
G1 X129.569 Y106.534 E.00779
G1 X122.256 Y99.221 E.13092
G1 X122.834 Y99.184 E.00733
G1 X129.569 Y105.919 E.12057
G1 X129.569 Y105.304 E.00779
G1 X123.432 Y99.167 E.10987
G1 X124.03 Y99.15 E.00757
G1 X129.569 Y104.689 E.09916
G1 X129.569 Y104.074 E.00779
G1 X124.641 Y99.146 E.08822
G1 X125.254 Y99.144 E.00776
G1 X129.569 Y103.459 E.07725
G1 X129.569 Y102.843 E.0078
G1 X125.878 Y99.152 E.06608
G1 X126.502 Y99.161 E.0079
G1 X129.569 Y102.228 E.05491
G1 X129.569 Y101.613 E.00779
G1 X127.144 Y99.188 E.04341
G1 X127.786 Y99.215 E.00813
G1 X129.569 Y100.998 E.03192
G1 X129.569 Y100.383 E.00779
G1 X128.457 Y99.271 E.01991
G1 X129.16 Y99.359 E.00897
G1 X129.569 Y99.768 E.00732
G1 X129.656 Y99.831 E.00136
;WIDTH:0.402511
G1 X129.744 Y99.894 E.00122
;WIDTH:0.355022
G1 X129.725 Y99.965 E.00073
G1 X129.796 Y99.946 E.00073
G1 X129.785 Y99.905 E.00042
M204 S1000
;LAYER_CHANGE
;Z:6.30678
;HEIGHT:0.0700002
;BEFORE_LAYER_CHANGE
G92 E0.0
;6.30678


;WIPE_START
G1 F5760
G1 X129.796 Y99.946 E-.0147
G1 X129.725 Y99.965 E-.02546
G1 X129.744 Y99.894 E-.02546
;WIPE_END
G1 E-.73438 F2100
G1 Z6.307 F7200
;AFTER_LAYER_CHANGE
;6.30678
G1 X129.533 Y99.231
G1 E.8 F2100
M204 S820
;TYPE:Perimeter
;WIDTH:0.449999
G1 F1136
G1 X129.533 Y110.761 E.14596
G1 X129.414 Y110.81 E.00163
G1 X128.661 Y110.954 E.0097
G1 X127.841 Y111.04 E.01044
G1 X127 Y111.092 E.01067
G1 X126.004 Y111.124 E.01261
G1 X124.449 Y111.129 E.01968
G1 X123.456 Y111.109 E.01257
G1 X122.488 Y111.062 E.01227
G1 X121.746 Y111.001 E.00942
G1 X121.203 Y110.933 E.00693
G1 X120.464 Y110.765 E.00959
G1 X120.467 Y99.23 E.14602
G1 X120.57 Y99.193 E.00139
G1 X121.232 Y99.061 E.00855
G1 X122.161 Y98.96 E.01183
G1 X123 Y98.908 E.01064
G1 X123.997 Y98.876 E.01263
G1 X125.399 Y98.869 E.01775
G1 X126.498 Y98.889 E.01391
G1 X127.893 Y98.965 E.01769
G1 X128.704 Y99.053 E.01033
G1 X129.475 Y99.218 E.00998
M204 S1000
G1 X129.968 Y98.942 F7200
M204 S820
G1 F1136
G1 X129.968 Y111.053 E.15331
G1 X129.538 Y111.229 E.00588
G1 X128.725 Y111.385 E.01048
G1 X127.877 Y111.474 E.01079
G1 X127.02 Y111.526 E.01087
G1 X126.012 Y111.559 E.01277
G1 X124.493 Y111.565 E.01923
G1 X123.485 Y111.546 E.01276
G1 X122.497 Y111.5 E.01252
G1 X121.731 Y111.437 E.00973
G1 X121.169 Y111.37 E.00716
G1 X120.507 Y111.238 E.00855
G1 X120.029 Y111.058 E.00647
G1 X120.032 Y98.956 E.1532
G1 X120.452 Y98.773 E.0058
M73 P85 R2
M73 Q85 S2
G1 X121.165 Y98.631 E.0092
G1 X122.124 Y98.526 E.01221
G1 X122.98 Y98.474 E.01086
G1 X123.989 Y98.441 E.01278
G1 X125.402 Y98.434 E.01789
G1 X126.513 Y98.454 E.01407
G1 X127.821 Y98.523 E.01658
G1 X128.778 Y98.624 E.01218
G1 X129.533 Y98.77 E.00973
G1 X129.912 Y98.92 E.00516
M204 S1000
G1 X130.365 Y98.755 F7200
M204 S820
;TYPE:External perimeter
;WIDTH:0.419999
G1 F1136
G1 X130.388 Y98.837 E.001
G1 X130.388 Y110.649 E.13921
G1 X130.371 Y111.246 E.00704
G1 X130.21 Y111.409 E.0027
G1 X129.658 Y111.633 E.00702
G1 X128.787 Y111.801 E.01045
G1 X127.912 Y111.892 E.01037
G1 X127.04 Y111.946 E.0103
G1 X126.019 Y111.979 E.01204
G1 X124.49 Y111.985 E.01802
G1 X123.471 Y111.966 E.01201
G1 X122.471 Y111.919 E.0118
G1 X121.689 Y111.855 E.00925
G1 X121.103 Y111.785 E.00696
G1 X120.425 Y111.65 E.00815
G1 X119.9 Y111.464 E.00656
G1 X119.725 Y111.357 E.00242
G1 X119.609 Y111.192 E.00238
G1 X119.612 Y98.852 E.14544
G1 X119.663 Y98.692 E.00198
G1 X119.902 Y98.541 E.00333
G1 X120.339 Y98.367 E.00554
G1 X121.101 Y98.216 E.00916
G1 X122.088 Y98.108 E.0117
G1 X122.96 Y98.054 E.0103
G1 X123.981 Y98.021 E.01204
G1 X125.405 Y98.014 E.01678
G1 X126.528 Y98.034 E.01324
G1 X127.844 Y98.104 E.01553
G1 X128.849 Y98.21 E.01191
G1 X129.627 Y98.361 E.00934
G1 X130.096 Y98.534 E.00589
G1 X130.345 Y98.7 E.00353
M204 S1000
;WIPE_START
G1 F5760
G1 X130.365 Y98.755 E-.02027
G1 X130.388 Y98.837 E-.0295
G1 X130.388 Y101.003 E-.75023
;WIPE_END
G1 Z6.907 F7200
G1 X120.929 Y99.518
G1 Z6.307
G1 E.8 F2100
M204 S2000
;TYPE:Solid infill
;WIDTH:0.58551
G1 F1136
G1 X120.879 Y99.468 E.00117
G1 X120.81 Y99.486 E.00118
G1 X120.792 Y99.555 E.00118
G1 X120.842 Y99.606 E.00119
G1 X120.911 Y99.587 E.00119
;WIDTH:0.449999
G1 X120.793 Y100.316 E.00935
G1 X121.779 Y99.33 E.01765
G1 X122.455 Y99.269 E.00859
G1 X120.793 Y100.931 E.02975
G1 X120.792 Y101.546 E.00779
G1 X123.107 Y99.231 E.04144
G1 X123.743 Y99.211 E.00806
G1 X120.792 Y102.162 E.05283
G1 X120.792 Y102.777 E.00779
G1 X124.368 Y99.201 E.06402
G1 X124.986 Y99.198 E.00782
G1 X120.792 Y103.392 E.07508
G1 X120.792 Y104.007 E.00779
G1 X125.6 Y99.199 E.08608
G1 X126.205 Y99.21 E.00766
G1 X120.792 Y104.623 E.09691
G1 X120.792 Y105.238 E.00779
G1 X126.798 Y99.231 E.10753
G1 X127.382 Y99.262 E.0074
G1 X120.792 Y105.853 E.11799
G1 X120.791 Y106.468 E.00779
G1 X127.96 Y99.3 E.12833
G1 X128.516 Y99.359 E.00708
G1 X120.791 Y107.084 E.1383
G1 X120.791 Y107.699 E.00779
G1 X129.042 Y99.449 E.1477
G1 X129.207 Y99.898 E.00606
G1 X120.791 Y108.314 E.15067
G1 X120.791 Y108.93 E.0078
M73 P86 R2
M73 Q86 S2
G1 X129.207 Y100.513 E.15068
G1 X129.207 Y101.129 E.0078
G1 X120.791 Y109.545 E.15067
G1 X120.791 Y110.16 E.00779
G1 X129.207 Y101.744 E.15067
G1 X129.207 Y102.359 E.00779
G1 X121.005 Y110.561 E.14684
G1 X120.862 Y110.581 E.00183
;WIDTH:0.402511
G1 X120.719 Y110.6 E.00163
;WIDTH:0.355022
G1 X120.647 Y110.581 E.00074
G1 X120.666 Y110.652 E.00073
G1 X120.708 Y110.641 E.00043
;WIDTH:0.449999
G1 X121.539 Y110.642 E.01052
G1 X129.207 Y102.974 E.13728
G1 X129.207 Y103.589 E.00779
G1 X122.1 Y110.696 E.12723
G1 X122.666 Y110.745 E.00719
G1 X129.207 Y104.204 E.1171
G1 X129.207 Y104.82 E.0078
G1 X123.253 Y110.773 E.10658
G1 X123.85 Y110.792 E.00756
M73 P86 R1
M73 Q86 S1
G1 X129.207 Y105.435 E.0959
G1 X129.207 Y106.05 E.00779
G1 X124.454 Y110.803 E.08509
G1 X125.071 Y110.801 E.00781
G1 X129.207 Y106.665 E.07404
G1 X129.207 Y107.28 E.00779
G1 X125.688 Y110.799 E.063
G1 X126.315 Y110.787 E.00794
G1 X129.207 Y107.895 E.05177
G1 X129.207 Y108.51 E.00779
G1 X126.951 Y110.767 E.0404
G1 X127.605 Y110.728 E.00829
G1 X129.207 Y109.126 E.02868
G1 X129.434 Y109.563 E.00623
;WIDTH:0.355022
G1 X129.363 Y109.544 E.00073
G1 X129.382 Y109.615 E.00073
G1 X129.423 Y109.604 E.00042
;WIDTH:0.402511
G1 X129.315 Y109.672 E.00144
;WIDTH:0.449999
G1 X129.207 Y109.741 E.00162
G1 X128.282 Y110.666 E.01656
M204 S1000
G1 X129.205 Y110.523 F7200
M204 S2000
;WIDTH:0.54951
G1 F1136
G1 X129.14 Y110.541 E.00105
G1 X129.093 Y110.493 E.00104
G1 X129.11 Y110.429 E.00103
G1 X129.175 Y110.412 E.00105
G1 X129.222 Y110.459 E.00103
M204 S1000
;LAYER_CHANGE
;Z:6.37678
;HEIGHT:0.0700002
;BEFORE_LAYER_CHANGE
G92 E0.0
;6.37678


;WIPE_START
G1 F5760
G1 X129.175 Y110.412 E-.02302
G1 X129.11 Y110.429 E-.02327
G1 X129.093 Y110.493 E-.02294
G1 X129.14 Y110.541 E-.02327
G1 X129.205 Y110.523 E-.02336
;WIPE_END
G1 E-.68414 F2100
G1 Z6.377 F7200
;AFTER_LAYER_CHANGE
;6.37678
G1 Z6.977
G1 X129.137 Y99.277
G1 Z6.377
G1 E.8 F2100
M204 S820
;TYPE:Perimeter
;WIDTH:0.449999
G1 F1053
G1 X129.137 Y110.732 E.14501
G1 X128.648 Y110.855 E.00638
M73 P87 R1
M73 Q87 S1
G1 X127.835 Y110.961 E.01038
G1 X126.548 Y111.045 E.01633
G1 X124.498 Y111.07 E.02595
G1 X123 Y111.023 E.01897
G1 X122.169 Y110.961 E.01055
G1 X121.366 Y110.857 E.01025
G1 X120.863 Y110.733 E.00656
G1 X120.863 Y99.268 E.14514
G1 X121.352 Y99.145 E.00638
G1 X122.169 Y99.039 E.01043
G1 X123.004 Y98.977 E.0106
G1 X123.999 Y98.939 E.0126
G1 X125.256 Y98.929 E.01591
G1 X127.001 Y98.977 E.0221
G1 X127.831 Y99.039 E.01054
G1 X128.625 Y99.142 E.01014
G1 X129.079 Y99.262 E.00594
M204 S1000
G1 X129.572 Y98.968 F7200
M204 S820
G1 F1053
G1 X129.572 Y111.015 E.1525
G1 X129.545 Y111.052 E.00058
G1 X128.722 Y111.284 E.01082
G1 X127.877 Y111.394 E.01079
G1 X126.565 Y111.48 E.01664
G1 X124.493 Y111.505 E.02623
G1 X122.978 Y111.457 E.01919
G1 X122.125 Y111.394 E.01083
G1 X121.286 Y111.285 E.01071
G1 X120.603 Y111.117 E.0089
G1 X120.428 Y111.035 E.00245
G1 X120.428 Y98.985 E.15254
G1 X120.455 Y98.947 E.00059
G1 X121.278 Y98.716 E.01082
G1 X122.125 Y98.606 E.01081
G1 X122.98 Y98.542 E.01085
G1 X123.988 Y98.504 E.01277
G1 X125.26 Y98.494 E.0161
G1 X126.961 Y98.541 E.02154
G1 X127.926 Y98.613 E.01225
G1 X128.776 Y98.732 E.01087
G1 X129.514 Y98.951 E.00974
M204 S1000
G1 X129.992 Y98.817 F7200
M204 S820
;TYPE:External perimeter
;WIDTH:0.419999
G1 F1053
G1 X129.981 Y111.214 E.14611
G1 X129.814 Y111.379 E.00277
G1 X129.282 Y111.585 E.00672
G1 X128.794 Y111.698 E.0059
G1 X127.918 Y111.812 E.01041
G1 X126.581 Y111.9 E.01579
G1 X124.489 Y111.925 E.02466
G1 X122.889 Y111.872 E.01887
G1 X122.02 Y111.804 E.01027
G1 X121.128 Y111.679 E.01062
G1 X120.314 Y111.455 E.00995
G1 X120.078 Y111.294 E.00337
G1 X120.008 Y111.184 E.00154
G1 X120.019 Y98.786 E.14612
G1 X120.186 Y98.621 E.00277
G1 X120.718 Y98.415 E.00672
G1 X121.206 Y98.302 E.0059
G1 X122.083 Y98.188 E.01042
G1 X122.956 Y98.123 E.01032
G1 X123.979 Y98.084 E.01207
G1 X125.264 Y98.074 E.01515
G1 X127.045 Y98.123 E.021
G1 X127.917 Y98.188 E.01031
G1 X128.79 Y98.301 E.01037
G1 X129.582 Y98.51 E.00965
G1 X129.908 Y98.679 E.00433
G1 X129.961 Y98.766 E.0012
M204 S1000
;WIPE_START
G1 F5760
G1 X129.992 Y98.817 E-.02067
G1 X129.99 Y101.067 E-.77933
;WIPE_END
G1 Z6.977 F7200
G1 X121.242 Y110.352
G1 Z6.377
G1 E.8 F2100
M204 S2000
;TYPE:Solid infill
;WIDTH:0.592106
G1 F1053
G1 X121.191 Y110.403 E.00121
G1 X121.209 Y110.473 E.00121
G1 X121.279 Y110.491 E.00121
G1 X121.33 Y110.44 E.00121
G1 X121.311 Y110.371 E.0012
M204 S1000
G1 X122.189 Y110.635 F7200
M204 S2000
;WIDTH:0.449999
G1 F1053
G1 X121.189 Y109.635 E.0179
G1 X121.112 Y109.536 E.00159
;WIDTH:0.402511
G1 X121.034 Y109.438 E.00141
;WIDTH:0.355022
G1 X121.045 Y109.479 E.00042
G1 X120.974 Y109.498 E.00073
G1 X120.993 Y109.427 E.00073
;WIDTH:0.449999
G1 X121.189 Y109.02 E.00572
G1 X122.854 Y110.685 E.02981
G1 X123.497 Y110.712 E.00815
G1 X121.189 Y108.405 E.04131
G1 X121.189 Y107.79 E.00779
G1 X124.132 Y110.732 E.05268
G1 X124.755 Y110.741 E.00789
G1 X121.189 Y107.174 E.06385
G1 X121.189 Y106.559 E.00779
G1 X125.363 Y110.733 E.07472
G1 X125.971 Y110.726 E.0077
G1 X121.189 Y105.944 E.08561
G1 X121.189 Y105.329 E.00779
M73 P88 R1
M73 Q88 S1
G1 X126.577 Y110.716 E.09645
G1 X127.154 Y110.679 E.00732
G1 X121.189 Y104.714 E.10679
G1 X121.189 Y104.099 E.00779
G1 X127.731 Y110.641 E.11712
G1 X128.28 Y110.574 E.007
G1 X121.189 Y103.484 E.12694
G1 X121.189 Y102.868 E.0078
G1 X128.807 Y110.486 E.13638
G1 X128.811 Y109.874 E.00775
G1 X121.189 Y102.253 E.13644
G1 X121.189 Y101.638 E.00779
G1 X128.811 Y109.259 E.13644
G1 X128.811 Y108.644 E.00779
G1 X121.189 Y101.023 E.13644
G1 X121.189 Y100.408 E.00779
G1 X128.811 Y108.029 E.13644
G1 X128.811 Y107.414 E.00779
G1 X121.189 Y99.793 E.13644
G1 X121.148 Y99.595 E.00256
;WIDTH:0.402511
G1 X121.106 Y99.398 E.00227
;WIDTH:0.355022
G1 X121.117 Y99.439 E.00042
G1 X121.046 Y99.458 E.00073
G1 X121.065 Y99.387 E.00073
;WIDTH:0.449999
G1 X121.47 Y99.459 E.00521
G1 X128.811 Y106.799 E.13141
G1 X128.811 Y106.184 E.00779
G1 X122.015 Y99.388 E.12167
G1 X122.578 Y99.336 E.00716
G1 X128.811 Y105.568 E.11158
G1 X128.811 Y104.953 E.00779
G1 X123.155 Y99.297 E.10126
G1 X123.747 Y99.275 E.0075
G1 X128.811 Y104.338 E.09065
G1 X128.811 Y103.723 E.00779
M73 P89 R1
M73 Q89 S1
G1 X124.35 Y99.263 E.07985
G1 X124.962 Y99.259 E.00775
G1 X128.811 Y103.108 E.06891
G1 X128.811 Y102.493 E.00779
G1 X125.582 Y99.264 E.05781
G1 X126.215 Y99.282 E.00802
G1 X128.811 Y101.878 E.04647
G1 X128.811 Y101.262 E.0078
G1 X126.848 Y99.299 E.03514
G1 X127.505 Y99.342 E.00833
G1 X128.811 Y100.647 E.02337
G1 X128.811 Y100.032 E.00779
G1 X128.193 Y99.415 E.01105
M204 S1000
;LAYER_CHANGE
;Z:6.44678
;HEIGHT:0.0699997
;BEFORE_LAYER_CHANGE
G92 E0.0
;6.44678


;WIPE_START
G1 F5760
G1 X128.811 Y100.032 E-.30246
G1 X128.811 Y100.647 E-.21301
G1 X128.23 Y100.066 E-.28453
;WIPE_END
G1 Z6.447 F7200
;AFTER_LAYER_CHANGE
;6.44678
G1 X128.738 Y99.313
G1 E.8 F2100
M204 S820
;TYPE:Perimeter
G1 F958
G1 X128.738 Y110.698 E.14412
G1 X128.56 Y110.747 E.00234
G1 X127.82 Y110.868 E.00949
G1 X126.492 Y110.973 E.01686
G1 X125.002 Y111.004 E.01887
G1 X123.324 Y110.963 E.02125
G1 X122.223 Y110.871 E.01399
G1 X121.262 Y110.687 E.01239
G1 X121.262 Y99.31 E.14402
G1 X121.913 Y99.171 E.00843
G1 X122.47 Y99.102 E.0071
G1 X123.37 Y99.034 E.01143
G1 X125.23 Y98.997 E.02355
G1 X126.039 Y99.012 E.01024
G1 X127.031 Y99.059 E.01257
G1 X127.85 Y99.137 E.01041
G1 X128.679 Y99.301 E.0107
M204 S1000
G1 X129.173 Y99 F7200
M204 S820
G1 F958
G1 X129.173 Y110.988 E.15176
G1 X128.654 Y111.172 E.00697
G1 X127.872 Y111.3 E.01003
G1 X126.513 Y111.407 E.01726
G1 X125.001 Y111.44 E.01914
G1 X123.301 Y111.398 E.02153
G1 X122.187 Y111.305 E.01415
G1 X121.31 Y111.159 E.01125
G1 X120.827 Y111 E.00644
G1 X120.827 Y99.012 E.15176
G1 X121.101 Y98.9 E.00375
G1 X121.858 Y98.739 E.0098
G1 X122.437 Y98.668 E.00738
G1 X123.353 Y98.6 E.01163
G1 X125.237 Y98.563 E.02385
G1 X126.059 Y98.577 E.01041
G1 X127.071 Y98.626 E.01283
G1 X127.92 Y98.708 E.0108
G1 X128.69 Y98.841 E.00989
G1 X129.116 Y98.981 E.00568
M204 S1000
G1 X129.593 Y98.846 F7200
M204 S820
;TYPE:External perimeter
;WIDTH:0.419999
G1 F958
G1 X129.593 Y111.154 E.14506
G1 X129.547 Y111.255 E.00131
G1 X129.11 Y111.474 E.00576
G1 X128.744 Y111.583 E.0045
G1 X127.923 Y111.717 E.0098
G1 X126.534 Y111.827 E.01642
G1 X125 Y111.86 E.01808
G1 X123.278 Y111.818 E.0203
G1 X122.152 Y111.723 E.01332
G1 X121.182 Y111.559 E.01159
G1 X120.523 Y111.316 E.00828
G1 X120.407 Y111.173 E.00217
G1 X120.407 Y98.846 E.14528
G1 X120.453 Y98.745 E.00131
M73 P90 R1
M73 Q90 S1
G1 X120.937 Y98.506 E.00636
G1 X121.735 Y98.332 E.00963
G1 X122.352 Y98.254 E.00733
G1 X123.279 Y98.182 E.01096
G1 X123.976 Y98.155 E.00822
G1 X125.184 Y98.142 E.01424
G1 X126.023 Y98.155 E.00989
G1 X127.048 Y98.202 E.01209
G1 X127.922 Y98.283 E.01035
G1 X128.739 Y98.416 E.00976
G1 X129.276 Y98.587 E.00664
G1 X129.547 Y98.745 E.0037
G1 X129.568 Y98.792 E.00061
M204 S1000
;WIPE_START
G1 F5760
G1 X129.593 Y98.846 E-.02061
G1 X129.593 Y101.096 E-.77939
;WIPE_END
G1 Z7.047 F7200
G1 X121.727 Y99.61
G1 Z6.447
G1 E.8 F2100
M204 S2000
;TYPE:Solid infill
;WIDTH:0.588216
G1 F958
G1 X121.676 Y99.559 E.0012
G1 X121.607 Y99.578 E.00119
G1 X121.588 Y99.647 E.00119
G1 X121.639 Y99.697 E.00119
G1 X121.708 Y99.679 E.00119
M204 S1000
G1 X122.578 Y99.421 F7200
M204 S2000
;WIDTH:0.449999
G1 F958
G1 X121.516 Y100.488 E.01906
;WIDTH:0.402511
G1 X121.444 Y100.566 E.0012
;WIDTH:0.355022
G1 X121.373 Y100.547 E.00073
G1 X121.392 Y100.618 E.00073
G1 X121.433 Y100.607 E.00042
;WIDTH:0.449999
G1 X121.588 Y101.025 E.00564
G1 X123.244 Y99.37 E.02964
G1 X123.888 Y99.34 E.00816
G1 X121.588 Y101.641 E.04118
G1 X121.588 Y102.256 E.00779
G1 X124.513 Y99.331 E.05236
G1 X125.135 Y99.325 E.00787
G1 X121.588 Y102.871 E.06349
G1 X121.588 Y103.486 E.00779
G1 X125.742 Y99.332 E.07437
G1 X126.337 Y99.352 E.00754
G1 X121.588 Y104.101 E.08502
G1 X121.588 Y104.716 E.00779
G1 X126.925 Y99.379 E.09555
G1 X127.49 Y99.429 E.00718
G1 X121.588 Y105.331 E.10566
G1 X121.588 Y105.947 E.0078
G1 X128.035 Y99.5 E.11542
G1 X128.578 Y99.447 E.00691
;WIDTH:0.355022
G1 X128.507 Y99.428 E.00073
G1 X128.526 Y99.499 E.00073
G1 X128.567 Y99.488 E.00042
;WIDTH:0.402511
G1 X128.49 Y99.613 E.00166
;WIDTH:0.449999
G1 X128.412 Y99.738 E.00187
G1 X121.588 Y106.562 E.12217
G1 X121.588 Y107.177 E.00779
G1 X128.412 Y100.353 E.12217
G1 X128.412 Y100.969 E.0078
G1 X121.588 Y107.792 E.12216
G1 X121.588 Y108.407 E.00779
G1 X128.412 Y101.584 E.12216
G1 X128.412 Y102.199 E.00779
G1 X121.588 Y109.022 E.12216
G1 X121.588 Y109.638 E.0078
G1 X128.412 Y102.814 E.12217
G1 X128.412 Y103.429 E.00779
M73 P91 R1
M73 Q91 S1
G1 X121.588 Y110.253 E.12217
G1 X121.547 Y110.391 E.00182
;WIDTH:0.402511
G1 X121.506 Y110.529 E.00162
;WIDTH:0.355022
G1 X121.435 Y110.51 E.00073
G1 X121.454 Y110.581 E.00073
G1 X121.495 Y110.57 E.00042
;WIDTH:0.449999
G1 X121.957 Y110.499 E.00592
G1 X128.412 Y104.044 E.11556
G1 X128.412 Y104.659 E.00779
G1 X122.504 Y110.568 E.10578
G1 X123.071 Y110.615 E.0072
G1 X128.412 Y105.275 E.09561
G1 X128.412 Y105.89 E.00779
G1 X123.656 Y110.645 E.08514
G1 X124.257 Y110.66 E.00761
G1 X128.412 Y106.505 E.07438
G1 X128.412 Y107.12 E.00779
G1 X124.857 Y110.675 E.06364
G1 X125.479 Y110.668 E.00787
G1 X128.412 Y107.735 E.05251
G1 X128.412 Y108.35 E.00779
G1 X126.108 Y110.655 E.04126
G1 X126.752 Y110.625 E.00816
G1 X128.412 Y108.966 E.02971
G1 X128.412 Y109.581 E.00779
G1 X127.42 Y110.572 E.01775
M204 S1000
G1 X128.389 Y110.428 F7200
M204 S2000
;WIDTH:0.599552
G1 F958
G1 X128.318 Y110.447 E.00125
G1 X128.266 Y110.395 E.00125
G1 X128.285 Y110.325 E.00123
G1 X128.356 Y110.306 E.00125
G1 X128.408 Y110.357 E.00124
M204 S1000
;LAYER_CHANGE
;Z:6.51678
;HEIGHT:0.0700002
;BEFORE_LAYER_CHANGE
G92 E0.0
;6.51678


;WIPE_START
G1 F5760
G1 X128.356 Y110.306 E-.02523
G1 X128.285 Y110.325 E-.02546
G1 X128.266 Y110.395 E-.02512
G1 X128.318 Y110.447 E-.02547
G1 X128.389 Y110.428 E-.02546
;WIPE_END
G1 E-.67326 F2100
G1 Z6.517 F7200
;AFTER_LAYER_CHANGE
;6.51678
G1 Z7.117
G1 X128.268 Y99.354
G1 Z6.517
G1 E.8 F2100
M204 S820
;TYPE:Perimeter
;WIDTH:0.449999
G1 F900
G1 X128.268 Y110.657 E.14308
G1 X127.792 Y110.756 E.00615
G1 X126.677 Y110.875 E.01419
G1 X125.997 Y110.908 E.00862
G1 X125.005 Y110.926 E.01256
G1 X123.542 Y110.887 E.01853
G1 X123.03 Y110.853 E.0065
G1 X122.239 Y110.76 E.01008
G1 X121.732 Y110.657 E.00655
G1 X121.732 Y99.347 E.14317
G1 X122.547 Y99.199 E.01049
G1 X123.318 Y99.126 E.0098
G1 X124.001 Y99.092 E.00866
G1 X125.129 Y99.076 E.01428
G1 X126.743 Y99.131 E.02044
G1 X127.494 Y99.204 E.00955
G1 X128.209 Y99.343 E.00922
M204 S1000
G1 X128.703 Y99.024 F7200
M204 S820
G1 F900
G1 X128.703 Y110.957 E.15106
G1 X128.411 Y111.071 E.00397
G1 X127.86 Y111.187 E.00713
G1 X126.71 Y111.309 E.01464
G1 X126.011 Y111.343 E.00886
G1 X125.003 Y111.361 E.01276
G1 X123.531 Y111.322 E.01864
M73 Q92 S1
G1 X122.99 Y111.286 E.00686
M73 P92 R1
G1 X122.143 Y111.187 E.0108
G1 X121.622 Y111.078 E.00674
G1 X121.297 Y110.957 E.00439
G1 X121.297 Y99.043 E.15082
G1 X121.581 Y98.932 E.00386
G1 X122.487 Y98.767 E.01166
G1 X123.286 Y98.692 E.01016
G1 X123.988 Y98.657 E.0089
G1 X125.133 Y98.641 E.0145
G1 X126.653 Y98.69 E.01925
G1 X127.558 Y98.774 E.01151
G1 X128.095 Y98.859 E.00688
G1 X128.645 Y99.008 E.00721
M204 S1000
G1 X129.123 Y98.879 F7200
M204 S820
;TYPE:External perimeter
;WIDTH:0.419999
G1 F900
G1 X129.123 Y111.147 E.14459
G1 X129.004 Y111.29 E.00219
G1 X128.531 Y111.475 E.00599
G1 X127.926 Y111.602 E.00729
G1 X126.743 Y111.727 E.01402
G1 X126.025 Y111.763 E.00847
G1 X125.001 Y111.781 E.01207
G1 X123.46 Y111.74 E.01817
G1 X122.951 Y111.704 E.00601
G1 X122.075 Y111.602 E.01039
G1 X121.468 Y111.475 E.00731
G1 X120.996 Y111.29 E.00597
G1 X120.877 Y111.147 E.00219
G1 X120.877 Y98.853 E.1449
G1 X120.996 Y98.71 E.00219
G1 X121.466 Y98.526 E.00595
G1 X122.43 Y98.351 E.01155
G1 X123.256 Y98.273 E.00978
G1 X123.974 Y98.237 E.00847
G1 X125.137 Y98.221 E.01371
G1 X126.745 Y98.273 E.01896
G1 X127.573 Y98.351 E.0098
G1 X128.137 Y98.436 E.00672
G1 X128.836 Y98.62 E.00852
G1 X129.072 Y98.768 E.00328
G1 X129.098 Y98.824 E.00073
M204 S1000
;WIPE_START
G1 F5760
G1 X129.123 Y98.879 E-.02093
G1 X129.123 Y101.128 E-.77907
;WIPE_END
G1 Z7.117 F7200
G1 X122.108 Y110.267
G1 Z6.517
G1 E.8 F2100
M204 S2000
;TYPE:Solid infill
;WIDTH:0.587048
G1 F900
G1 X122.058 Y110.318 E.00119
G1 X122.076 Y110.387 E.00119
G1 X122.145 Y110.405 E.00119
G1 X122.196 Y110.355 E.00119
G1 X122.177 Y110.285 E.00121
M204 S1000
G1 X123.026 Y110.524 F7200
M204 S2000
;WIDTH:0.449999
G1 F900
G1 X122.058 Y109.555 E.01734
G1 X121.98 Y109.457 E.00159
;WIDTH:0.402511
G1 X121.903 Y109.358 E.00141
;WIDTH:0.355022
G1 X121.914 Y109.399 E.00042
G1 X121.843 Y109.419 E.00073
G1 X121.862 Y109.347 E.00074
;WIDTH:0.449999
G1 X122.058 Y108.94 E.00572
G1 X123.682 Y110.564 E.02907
G1 X124.314 Y110.581 E.008
G1 X122.058 Y108.325 E.04039
G1 X122.058 Y107.71 E.00779
G1 X124.946 Y110.598 E.0517
G1 X125.553 Y110.59 E.00768
G1 X122.058 Y107.095 E.06257
G1 X122.058 Y106.48 E.00779
G1 X126.152 Y110.574 E.07329
G1 X126.734 Y110.54 E.00738
G1 X122.058 Y105.865 E.0837
G1 X122.058 Y105.249 E.0078
G1 X127.29 Y110.482 E.09367
G1 X128.112 Y110.476 E.01041
;WIDTH:0.355022
G1 X128.123 Y110.517 E.00042
G1 X128.052 Y110.536 E.00073
G1 X128.071 Y110.465 E.00073
;WIDTH:0.402511
G1 X127.954 Y110.439 E.00135
;WIDTH:0.449999
G1 X127.838 Y110.414 E.0015
G1 X122.058 Y104.634 E.10348
G1 X122.058 Y104.019 E.00779
G1 X127.942 Y109.903 E.10534
G1 X127.942 Y109.287 E.0078
G1 X122.058 Y103.404 E.10533
M73 Q93 S1
G1 X122.058 Y102.789 E.00779
M73 P93 R1
G1 X127.942 Y108.672 E.10533
G1 X127.942 Y108.057 E.00779
G1 X122.058 Y102.174 E.10533
G1 X122.058 Y101.558 E.0078
G1 X127.942 Y107.442 E.10534
G1 X127.942 Y106.827 E.00779
G1 X122.058 Y100.943 E.10534
G1 X122.058 Y100.328 E.00779
M73 P93 R0
M73 Q93 S0
G1 X127.942 Y106.212 E.10534
G1 X127.942 Y105.597 E.00779
G1 X122.058 Y99.713 E.10534
G1 X122.499 Y99.539 E.006
G1 X127.942 Y104.981 E.09743
G1 X127.942 Y104.366 E.00779
G1 X123.054 Y99.478 E.08751
G1 X123.628 Y99.437 E.00728
G1 X127.942 Y103.751 E.07723
G1 X127.942 Y103.136 E.00779
G1 X124.221 Y99.416 E.06661
G1 X124.829 Y99.409 E.0077
G1 X127.942 Y102.521 E.05572
G1 X127.942 Y101.906 E.00779
G1 X125.449 Y99.412 E.04464
G1 X126.084 Y99.433 E.00804
G1 X127.942 Y101.291 E.03326
G1 X127.942 Y100.675 E.0078
G1 X126.724 Y99.457 E.02181
G1 X127.403 Y99.522 E.00863
G1 X127.942 Y100.06 E.00964
M204 S1000
;LAYER_CHANGE
;Z:6.58678
;HEIGHT:0.0699997
;BEFORE_LAYER_CHANGE
G92 E0.0
;6.58678


;WIPE_START
G1 F5760
G1 X127.403 Y99.522 E-.26377
G1 X126.724 Y99.457 E-.23625
G1 X127.336 Y100.07 E-.29998
;WIPE_END
G1 Z6.587 F7200
;AFTER_LAYER_CHANGE
;6.58678
G1 X127.779 Y99.399
G1 E.8 F2100
M204 S820
;TYPE:Perimeter
G1 F900
G1 X127.779 Y110.602 E.14182
G1 X126.483 Y110.784 E.01657
G1 X125.5 Y110.827 E.01246
G1 X123.951 Y110.806 E.01961
G1 X123.008 Y110.734 E.01197
G1 X122.221 Y110.602 E.0101
G1 X122.221 Y99.399 E.14182
G1 X122.295 Y99.375 E.00098
M73 P94 R0
M73 Q94 S0
G1 X123.517 Y99.216 E.0156
G1 X124.509 Y99.173 E.01257
G1 X125.136 Y99.169 E.00794
G1 X126.569 Y99.223 E.01815
G1 X127.284 Y99.303 E.00911
G1 X127.72 Y99.388 E.00562
M204 S1000
G1 X128.214 Y99.089 F7200
M204 S820
G1 F900
G1 X128.214 Y110.912 E.14967
G1 X127.83 Y111.045 E.00514
G1 X127.041 Y111.167 E.01011
G1 X126.512 Y111.218 E.00673
G1 X125.507 Y111.262 E.01273
G1 X123.991 Y111.245 E.01919
G1 X122.995 Y111.173 E.01264
G1 X122.215 Y111.052 E.00999
G1 X121.786 Y110.912 E.00571
G1 X121.786 Y99.089 E.14967
G1 X122.182 Y98.952 E.0053
G1 X123.001 Y98.827 E.01049
G1 X123.531 Y98.78 E.00674
G1 X124.55 Y98.738 E.01291
G1 X125.186 Y98.735 E.00805
G1 X126.05 Y98.757 E.01094
G1 X126.652 Y98.794 E.00764
G1 X127.77 Y98.944 E.01428
G1 X128.157 Y99.07 E.00515
M204 S1000
G1 X128.634 Y98.903 F7200
M204 S820
;TYPE:External perimeter
;WIDTH:0.419999
G1 F900
G1 X128.634 Y111.121 E.144
G1 X128.475 Y111.266 E.00254
G1 X127.932 Y111.454 E.00677
G1 X127.05 Y111.591 E.01052
G1 X126.541 Y111.637 E.00602
G1 X125.514 Y111.682 E.01212
G1 X123.973 Y111.665 E.01816
G1 X122.948 Y111.59 E.01211
G1 X122.068 Y111.454 E.01049
G1 X121.525 Y111.266 E.00677
G1 X121.366 Y111.121 E.00254
G1 X121.366 Y98.879 E.14428
G1 X121.525 Y98.735 E.00253
G1 X122.081 Y98.543 E.00693
G1 X122.95 Y98.409 E.01036
G1 X123.459 Y98.363 E.00602
G1 X124.488 Y98.318 E.01214
G1 X125.143 Y98.314 E.00772
G1 X126.027 Y98.335 E.01042
G1 X126.641 Y98.371 E.00725
G1 X127.403 Y98.456 E.00904
G1 X127.918 Y98.543 E.00616
G1 X128.438 Y98.722 E.00648
G1 X128.584 Y98.809 E.002
G1 X128.606 Y98.85 E.00055
M204 S1000
;WIPE_START
G1 F5760
G1 X128.634 Y98.903 E-.02076
G1 X128.634 Y101.153 E-.77924
;WIPE_END
G1 Z7.187 F7200
G1 X122.68 Y99.704
G1 Z6.587
G1 E.8 F2100
M204 S2000
;TYPE:Solid infill
;WIDTH:0.579002
G1 F900
G1 X122.63 Y99.654 E.00116
G1 X122.562 Y99.672 E.00115
G1 X122.544 Y99.74 E.00115
G1 X122.594 Y99.79 E.00116
G1 X122.662 Y99.772 E.00115
;WIDTH:0.449999
G1 X122.547 Y100.493 E.00924
G1 X123.494 Y99.546 E.01695
G1 X124.14 Y99.515 E.00819
G1 X122.547 Y101.108 E.02852
G1 X122.547 Y101.723 E.00779
G1 X124.773 Y99.498 E.03984
G1 X125.381 Y99.504 E.0077
G1 X122.547 Y102.338 E.05074
G1 X122.547 Y102.953 E.00779
G1 X125.974 Y99.527 E.06134
G1 X126.565 Y99.551 E.00749
G1 X122.547 Y103.568 E.07192
G1 X122.547 Y104.184 E.0078
G1 X127.11 Y99.621 E.08169
G1 X127.604 Y99.558 E.0063
;WIDTH:0.355022
G1 X127.533 Y99.539 E.00073
G1 X127.552 Y99.61 E.00073
G1 X127.593 Y99.599 E.00042
;WIDTH:0.402511
G1 X127.523 Y99.746 E.00184
;WIDTH:0.449999
G1 X127.453 Y99.894 E.00207
G1 X122.547 Y104.799 E.08782
G1 X122.547 Y105.414 E.00779
M73 P95 R0
M73 Q95 S0
G1 X127.453 Y100.509 E.08782
G1 X127.453 Y101.124 E.00779
G1 X122.547 Y106.029 E.08782
G1 X122.547 Y106.644 E.00779
G1 X127.453 Y101.739 E.08782
G1 X127.453 Y102.354 E.00779
G1 X122.547 Y107.259 E.08782
G1 X122.547 Y107.874 E.00779
G1 X127.453 Y102.969 E.08782
G1 X127.453 Y103.584 E.00779
G1 X122.547 Y108.49 E.08783
G1 X122.547 Y109.105 E.00779
G1 X127.453 Y104.2 E.08782
G1 X127.453 Y104.815 E.00779
G1 X122.547 Y109.72 E.08782
G1 X122.549 Y110.333 E.00776
G1 X127.453 Y105.43 E.08778
G1 X127.453 Y106.045 E.00779
G1 X123.082 Y110.416 E.07825
G1 X123.655 Y110.458 E.00727
G1 X127.453 Y106.66 E.06799
G1 X127.453 Y107.275 E.00779
G1 X124.241 Y110.487 E.0575
G1 X124.85 Y110.493 E.00771
G1 X127.453 Y107.891 E.04659
G1 X127.453 Y108.506 E.00779
G1 X125.458 Y110.5 E.03571
G1 X126.099 Y110.474 E.00812
G1 X127.453 Y109.121 E.02423
G1 X127.453 Y109.736 E.00779
G1 X126.757 Y110.431 E.01245
M204 S1000
;LAYER_CHANGE
;Z:6.65678
;HEIGHT:0.0700002
;BEFORE_LAYER_CHANGE
G92 E0.0
;6.65678


;WIPE_START
G1 F5760
G1 X127.453 Y109.736 E-.34067
G1 X127.453 Y109.121 E-.21301
G1 X126.95 Y109.624 E-.24632
;WIPE_END
G1 Z6.657 F7200
;AFTER_LAYER_CHANGE
;6.65678
G1 Z7.257
G1 X127.167 Y99.46
G1 Z6.657
G1 E.8 F2100
M204 S820
;TYPE:Perimeter
G1 F900
G1 X127.167 Y110.54 E.14026
G1 X126.963 Y110.592 E.00267
G1 X126.462 Y110.656 E.00639
G1 X125.539 Y110.71 E.0117
G1 X125 Y110.713 E.00682
G1 X124.464 Y110.71 E.00679
G1 X123.686 Y110.668 E.00986
G1 X122.833 Y110.54 E.01092
G1 X122.833 Y99.46 E.14026
G1 X123.022 Y99.412 E.00247
M73 P96 R0
M73 Q96 S0
G1 X123.526 Y99.345 E.00644
G1 X124.045 Y99.307 E.00659
G1 X125.282 Y99.286 E.01566
G1 X126.323 Y99.333 E.01319
G1 X127.107 Y99.451 E.01004
M204 S1000
G1 X127.602 Y99.123 F7200
M204 S820
G1 F900
G1 X127.602 Y110.877 E.14879
G1 X127.045 Y111.02 E.00728
G1 X126.502 Y111.09 E.00693
G1 X125.501 Y111.148 E.01269
G1 X124.497 Y111.148 E.01271
G1 X123.681 Y111.106 E.01034
G1 X122.952 Y111.02 E.00929
G1 X122.398 Y110.877 E.00724
G1 X122.398 Y99.123 E.14879
G1 X122.955 Y98.98 E.00728
G1 X123.471 Y98.914 E.00659
G1 X123.99 Y98.873 E.00659
G1 X125.226 Y98.849 E.01565
G1 X126.322 Y98.895 E.01389
G1 X127.048 Y98.98 E.00925
G1 X127.543 Y99.108 E.00647
M204 S1000
G1 X128.022 Y98.915 F7200
M204 S820
;TYPE:External perimeter
;WIDTH:0.419999
G1 F900
G1 X128.022 Y111.106 E.14368
G1 X127.869 Y111.242 E.00241
G1 X127.124 Y111.434 E.00907
G1 X126.541 Y111.508 E.00693
G1 X125.513 Y111.568 E.01214
G1 X124.486 Y111.568 E.0121
G1 X123.646 Y111.524 E.00991
G1 X122.875 Y111.433 E.00915
G1 X122.131 Y111.242 E.00905
G1 X121.978 Y111.106 E.00241
G1 X121.978 Y98.894 E.14393
G1 X122.131 Y98.758 E.00241
G1 X122.876 Y98.566 E.00907
G1 X123.461 Y98.492 E.00695
G1 X123.971 Y98.453 E.00603
G1 X125.231 Y98.428 E.01485
G1 X126.355 Y98.476 E.01326
G1 X127.125 Y98.567 E.00914
G1 X127.827 Y98.747 E.00854
G1 X127.974 Y98.828 E.00198
G1 X127.993 Y98.862 E.00046
M204 S1000
;WIPE_START
G1 F5760
G1 X128.022 Y98.915 E-.02093
G1 X128.022 Y101.164 E-.77907
;WIPE_END
G1 Z7.257 F7200
G1 X123.202 Y110.153
G1 Z6.657
G1 E.8 F2100
M204 S2000
;TYPE:Solid infill
;WIDTH:0.57135
G1 F900
G1 X123.153 Y110.202 E.00112
G1 X123.171 Y110.269 E.00112
G1 X123.238 Y110.287 E.00112
G1 X123.287 Y110.238 E.00112
G1 X123.269 Y110.171 E.00112
;WIDTH:0.449999
G1 X124.065 Y110.363 E.01037
G1 X123.16 Y109.458 E.0162
G1 X123.082 Y109.36 E.00159
;WIDTH:0.402511
G1 X123.004 Y109.261 E.00142
;WIDTH:0.355022
G1 X123.015 Y109.302 E.00042
G1 X122.944 Y109.321 E.00073
G1 X122.963 Y109.25 E.00073
;WIDTH:0.449999
G1 X123.16 Y108.843 E.00572
G1 X124.703 Y110.386 E.02762
G1 X125.318 Y110.386 E.00779
G1 X123.16 Y108.228 E.03863
G1 X123.16 Y107.613 E.00779
G1 X125.909 Y110.362 E.04921
G1 X126.486 Y110.324 E.00732
G1 X123.16 Y106.998 E.05954
G1 X123.16 Y106.382 E.0078
G1 X126.84 Y110.063 E.06589
G1 X126.892 Y110.199 E.00184
;WIDTH:0.402511
G1 X126.943 Y110.334 E.00163
;WIDTH:0.355022
G1 X126.924 Y110.406 E.00074
G1 X126.995 Y110.387 E.00073
G1 X126.984 Y110.345 E.00043
M204 S1000
G1 X126.84 Y109.448 F7200
M204 S2000
;WIDTH:0.449999
G1 F900
G1 X123.16 Y105.767 E.06589
G1 X123.16 Y105.152 E.00779
G1 X126.84 Y108.833 E.06589
G1 X126.84 Y108.218 E.00779
G1 X123.16 Y104.537 E.06589
G1 X123.16 Y103.922 E.00779
G1 X126.84 Y107.603 E.06589
G1 X126.84 Y106.987 E.0078
M73 P97 R0
M73 Q97 S0
G1 X123.16 Y103.307 E.06588
G1 X123.16 Y102.691 E.0078
G1 X126.84 Y106.372 E.06589
G1 X126.84 Y105.757 E.00779
G1 X123.16 Y102.076 E.06589
G1 X123.16 Y101.461 E.00779
G1 X126.84 Y105.142 E.06589
G1 X126.84 Y104.527 E.00779
G1 X123.16 Y100.846 E.06589
G1 X123.16 Y100.231 E.00779
G1 X126.84 Y103.912 E.06589
G1 X126.84 Y103.296 E.0078
G1 X123.255 Y99.711 E.06418
G1 X123.151 Y99.64 E.00159
;WIDTH:0.402511
G1 X123.047 Y99.569 E.00142
;WIDTH:0.355022
G1 X123.058 Y99.61 E.00042
G1 X122.987 Y99.629 E.00073
G1 X123.006 Y99.558 E.00073
;WIDTH:0.449999
G1 X123.809 Y99.65 E.01023
G1 X126.84 Y102.681 E.05426
G1 X126.84 Y102.066 E.00779
G1 X124.402 Y99.627 E.04366
G1 X125.006 Y99.617 E.00765
G1 X126.84 Y101.451 E.03283
G1 X126.84 Y100.836 E.00779
G1 X125.632 Y99.628 E.02163
G1 X126.275 Y99.656 E.00815
G1 X126.84 Y100.221 E.01011
M204 S1000
;LAYER_CHANGE
;Z:6.72678
;HEIGHT:0.0700002
;BEFORE_LAYER_CHANGE
G92 E0.0
;6.72678


;WIPE_START
G1 F5760
G1 X126.275 Y99.656 E-.27675
G1 X125.632 Y99.628 E-.22292
G1 X126.245 Y100.241 E-.30033
;WIPE_END
G1 Z6.727 F7200
;AFTER_LAYER_CHANGE
;6.72678
G1 X126.44 Y99.522
G1 E.8 F2100
M204 S820
;TYPE:Perimeter
G1 F900
G1 X126.44 Y110.479 E.1387
G1 X125.519 Y110.565 E.01171
G1 X125 Y110.567 E.00657
G1 X124.064 Y110.539 E.01185
G1 X123.56 Y110.478 E.00643
G1 X123.56 Y99.521 E.1387
G1 X124.512 Y99.433 E.0121
G1 X125.429 Y99.432 E.01161
G1 X125.937 Y99.461 E.00644
G1 X126.381 Y99.514 E.00566
M204 S1000
G1 X126.875 Y99.168 F7200
M204 S820
G1 F900
G1 X126.875 Y110.831 E.14764
G1 X126.565 Y110.901 E.00402
G1 X126.014 Y110.969 E.00703
G1 X125.502 Y111.002 E.00649
G1 X124.498 Y111.002 E.01271
G1 X123.987 Y110.969 E.00648
G1 X123.125 Y110.829 E.01106
G1 X123.125 Y99.169 E.1476
G1 X123.435 Y99.099 E.00402
G1 X124.014 Y99.028 E.00738
G1 X124.542 Y98.998 E.00669
G1 X125.484 Y98.999 E.01192
G1 X126.016 Y99.031 E.00675
G1 X126.816 Y99.158 E.01025
M204 S1000
G1 X127.295 Y98.957 F7200
M204 S820
;TYPE:External perimeter
;WIDTH:0.419999
G1 F900
G1 X127.295 Y111.07 E.14276
G1 X127.099 Y111.2 E.00277
M73 P98 R0
M73 Q98 S0
G1 X126.638 Y111.316 E.0056
G1 X126.024 Y111.39 E.00729
G1 X125.515 Y111.422 E.00601
G1 X124.485 Y111.422 E.01214
G1 X123.975 Y111.39 E.00602
G1 X123.467 Y111.333 E.00602
G1 X122.938 Y111.219 E.00638
G1 X122.705 Y111.07 E.00326
G1 X122.705 Y98.93 E.14308
G1 X122.901 Y98.8 E.00277
G1 X123.362 Y98.684 E.0056
G1 X123.976 Y98.61 E.00729
G1 X124.485 Y98.578 E.00601
G1 X125.508 Y98.58 E.01206
G1 X126.064 Y98.614 E.00657
G1 X126.977 Y98.76 E.0109
G1 X127.243 Y98.875 E.00342
G1 X127.263 Y98.907 E.00044
M204 S1000
;WIPE_START
G1 F5760
G1 X127.295 Y98.957 E-.02056
G1 X127.295 Y101.207 E-.77944
;WIPE_END
G1 Z7.327 F7200
G1 X125.442 Y99.759
G1 Z6.727
G1 E.8 F2100
M204 S2000
;TYPE:Solid infill
;WIDTH:0.449999
G1 F900
G1 X124.524 Y99.759 E.01162
G1 X123.886 Y99.814 E.00811
G1 X123.886 Y110.188 E.13132
G1 X124.523 Y110.241 E.00809
G1 X125.477 Y110.241 E.01208
G1 X126.114 Y110.186 E.00809
G1 X126.114 Y99.812 E.13132
G1 X125.659 Y99.776 E.00578
G1 X125.218 Y100.201 E.00775
G1 X125.679 Y100.214 E.00584
G1 X125.679 Y109.787 E.12118
G1 X125 Y109.806 E.0086
G1 X124.321 Y109.788 E.0086
G1 X124.321 Y100.213 E.12121
G1 X125 Y100.194 E.0086
G1 X125.231 Y100.642 E.00638
;WIDTH:0.47667
G1 X124.769 Y100.642 E.00621
G1 X124.769 Y109.358 E.1171
G1 X125.231 Y109.358 E.00621
G1 X125.231 Y100.86 E.11417
M204 S1000
;LAYER_CHANGE
;Z:6.79678
;HEIGHT:0.0699997
;BEFORE_LAYER_CHANGE
G92 E0.0
;6.79678


;WIPE_START
G1 F5760
G1 X125.231 Y103.17 E-.8
;WIPE_END
G1 Z6.797 F7200
;AFTER_LAYER_CHANGE
;6.79678
G1 Z7.397
G1 X125.295 Y99.728
G1 Z6.797
G1 E.8 F2100
M204 S820
;TYPE:Perimeter
;WIDTH:0.605455
G1 F900
G1 X125.295 Y110.269 E.18113
G1 X124.705 Y110.272 E.01014
G1 X124.705 Y99.731 E.18113
G1 X125.235 Y99.728 E.00911
M204 S1000
G1 X125.808 Y99.272 F7200
M204 S820
;WIDTH:0.449999
G1 F900
G1 X125.808 Y110.718 E.14489
G1 X125.504 Y110.774 E.00391
M73 P99 R0
M73 Q99 S0
G1 X124.969 Y110.793 E.00678
G1 X124.192 Y110.729 E.00987
G1 X124.192 Y99.282 E.14491
G1 X124.496 Y99.226 E.00391
G1 X125.031 Y99.207 E.00678
G1 X125.748 Y99.267 E.00911
M204 S1000
G1 X126.228 Y98.984 F7200
M204 S820
;TYPE:External perimeter
;WIDTH:0.419999
G1 F900
G1 X126.228 Y110.458 E.13523
G1 X126.204 Y111.069 E.00721
G1 X125.578 Y111.191 E.00752
G1 X125.043 Y111.213 E.00631
G1 X124.541 Y111.2 E.00592
G1 X124.009 Y111.127 E.00633
G1 X123.772 Y111.039 E.00298
G1 X123.772 Y99.542 E.1355
G1 X123.796 Y98.931 E.00721
G1 X124.422 Y98.809 E.00752
G1 X125.001 Y98.786 E.00683
G1 X125.506 Y98.806 E.00596
G1 X126.179 Y98.921 E.00805
G1 X126.191 Y98.936 E.00023
M204 S1000
;WIPE_START
G1 F5760;_WIPE
G1 X126.228 Y98.984 E-.02099
G1 X126.228 Y101.233 E-.77901
;WIPE_END
M107
;TYPE:Custom
; Filament-specific end gcode
G4 ; wait
M221 S100
M104 S0 ; turn off temperature
M140 S0 ; turn off heatbed
M107 ; turn off fan
G1 Z36.7968 ; Move print head up
G1 X0 Y200 F3000 ; home X axis
M84 ; disable motors
M73 P100 R0
M73 Q100 S0
; filament used [mm] = 293.41
; filament used [cm3] = 0.71
; filament used [g] = 0.88
; filament cost = 0.02
; total filament used [g] = 0.88
; total filament cost = 0.02
; total filament used for wipe tower [g] = 0.00
; estimated printing time (normal mode) = 14m 50s
; estimated printing time (silent mode) = 14m 51s
; estimated first layer printing time (normal mode) = 34s
; estimated first layer printing time (silent mode) = 34s

; prusaslicer_config = begin
; arc_fitting = disabled
; autoemit_temperature_commands = 1
; avoid_crossing_curled_overhangs = 0
; avoid_crossing_perimeters = 0
; avoid_crossing_perimeters_max_detour = 0
; bed_custom_model = 
; bed_custom_texture = 
; bed_shape = 0x0,250x0,250x210,0x210
; bed_temperature = 60
; before_layer_gcode = ;BEFORE_LAYER_CHANGE\nG92 E0.0\n;[layer_z]\n\n
; between_objects_gcode = 
; binary_gcode = 0
; bottom_fill_pattern = rectilinear
; bottom_solid_layers = 4
; bottom_solid_min_thickness = 0
; bridge_acceleration = 1000
; bridge_angle = 0
; bridge_fan_speed = 100
; bridge_flow_ratio = 0.95
; bridge_speed = 30
; brim_separation = 0
; brim_type = outer_only
; brim_width = 0
; color_change_gcode = M600
; compatible_printers_condition_cummulative = ;"! (printer_notes=~/.*PRINTER_VENDOR_PRUSA3D.*/ and printer_notes=~/.*PRINTER_MODEL_MK(2.5|3).*/ and single_extruder_multi_material)"
; complete_objects = 0
; cooling = 1
; cooling_tube_length = 5
; cooling_tube_retraction = 91.5
; default_acceleration = 1000
; default_filament_profile = "Prusament PLA"
; default_print_profile = 0.15mm QUALITY MK3
; deretract_speed = 0
; disable_fan_first_layers = 1
; dont_support_bridges = 0
; draft_shield = disabled
; duplicate_distance = 6
; elefant_foot_compensation = 0
; enable_dynamic_fan_speeds = 0
; enable_dynamic_overhang_speeds = 0
; end_filament_gcode = "; Filament-specific end gcode"
; end_gcode = G4 ; wait\nM221 S100\nM104 S0 ; turn off temperature\nM140 S0 ; turn off heatbed\nM107 ; turn off fan\n{if layer_z < max_print_height}G1 Z{z_offset+min(layer_z+30, max_print_height)}{endif} ; Move print head up\nG1 X0 Y200 F3000 ; home X axis\nM84 ; disable motors
; external_perimeter_acceleration = 0
; external_perimeter_extrusion_width = 0.42
; external_perimeter_speed = 25
; external_perimeters_first = 0
; extra_loading_move = -2
; extra_perimeters = 0
; extra_perimeters_on_overhangs = 0
; extruder_clearance_height = 20
; extruder_clearance_radius = 20
; extruder_colour = #FFFF00
; extruder_offset = 0x0
; extrusion_axis = E
; extrusion_multiplier = 1
; extrusion_width = 0.45
; fan_always_on = 1
; fan_below_layer_time = 100
; filament_colour = #FF3232
; filament_cooling_final_speed = 3.4
; filament_cooling_initial_speed = 2.2
; filament_cooling_moves = 4
; filament_cost = 25.4
; filament_density = 1.24
; filament_diameter = 1.75
; filament_load_time = 0
; filament_loading_speed = 28
; filament_loading_speed_start = 3
; filament_max_volumetric_speed = 15
; filament_minimal_purge_on_wipe_tower = 15
; filament_multitool_ramming = 0
; filament_multitool_ramming_flow = 10
; filament_multitool_ramming_volume = 10
; filament_notes = "List of materials tested with standard PLA print settings:\n\nDas Filament\nEsun PLA\nEUMAKERS PLA\nFiberlogy HD-PLA\nFillamentum PLA\nFloreon3D\nHatchbox PLA\nPlasty Mladec PLA\nPrimavalue PLA\nProto pasta Matte Fiber\nVerbatim PLA\nVerbatim BVOH"
; filament_ramming_parameters = "120 100 6.6 6.8 7.2 7.6 7.9 8.2 8.7 9.4 9.9 10.0| 0.05 6.6 0.45 6.8 0.95 7.8 1.45 8.3 1.95 9.7 2.45 10 2.95 7.6 3.45 7.6 3.95 7.6 4.45 7.6 4.95 7.6"
; filament_settings_id = "Generic PLA"
; filament_soluble = 0
; filament_spool_weight = 0
; filament_toolchange_delay = 0
; filament_type = PLA
; filament_unload_time = 0
; filament_unloading_speed = 90
; filament_unloading_speed_start = 100
; filament_vendor = (Unknown)
; fill_angle = 45
; fill_density = 5%
; fill_pattern = grid
; first_layer_acceleration = 1000
; first_layer_acceleration_over_raft = 0
; first_layer_bed_temperature = 60
; first_layer_extrusion_width = 0.45
; first_layer_height = 0.2
; first_layer_speed = 20
; first_layer_speed_over_raft = 30
; first_layer_temperature = 215
; full_fan_speed_layer = 0
; fuzzy_skin = none
; fuzzy_skin_point_dist = 0.8
; fuzzy_skin_thickness = 0.3
; gap_fill_enabled = 1
; gap_fill_speed = 50
; gcode_comments = 0
; gcode_flavor = marlin
; gcode_label_objects = disabled
; gcode_resolution = 0.0125
; gcode_substitutions = 
; high_current_on_filament_swap = 0
; host_type = prusalink
; infill_acceleration = 2000
; infill_anchor = 600%
; infill_anchor_max = 50
; infill_every_layers = 1
; infill_extruder = 1
; infill_extrusion_width = 0.45
; infill_first = 0
; infill_overlap = 25%
; infill_speed = 80
; inherits_cummulative = ;;"Original Prusa i3 MK3"
; interface_shells = 0
; ironing = 0
; ironing_flowrate = 15%
; ironing_spacing = 0.1
; ironing_speed = 15
; ironing_type = top
; layer_gcode = ;AFTER_LAYER_CHANGE\n;[layer_z]
; layer_height = 0.2
; machine_limits_usage = time_estimate_only
; machine_max_acceleration_e = 5000,5000
; machine_max_acceleration_extruding = 1250,1250
; machine_max_acceleration_retracting = 1250,1250
; machine_max_acceleration_travel = 1500,1250
; machine_max_acceleration_x = 1000,960
; machine_max_acceleration_y = 1000,960
; machine_max_acceleration_z = 1000,1000
; machine_max_feedrate_e = 120,120
; machine_max_feedrate_x = 200,100
; machine_max_feedrate_y = 200,100
; machine_max_feedrate_z = 12,12
; machine_max_jerk_e = 1.5,1.5
; machine_max_jerk_x = 8,8
; machine_max_jerk_y = 8,8
; machine_max_jerk_z = 0.4,0.4
; machine_min_extruding_rate = 0,0
; machine_min_travel_rate = 0,0
; max_fan_speed = 100
; max_layer_height = 0.25
; max_print_height = 210
; max_print_speed = 100
; max_volumetric_extrusion_rate_slope_negative = 0
; max_volumetric_extrusion_rate_slope_positive = 0
; max_volumetric_speed = 0
; min_bead_width = 85%
; min_fan_speed = 100
; min_feature_size = 25%
; min_layer_height = 0.07
; min_print_speed = 15
; min_skirt_length = 4
; mmu_segmented_region_interlocking_depth = 0
; mmu_segmented_region_max_width = 0
; notes = 
; nozzle_diameter = 0.4
; only_retract_when_crossing_perimeters = 0
; ooze_prevention = 0
; output_filename_format = [input_filename_base]_[normal_print_time]_[filament_settings_id]_MK3S.gcode
; overhang_fan_speed_0 = 0
; overhang_fan_speed_1 = 0
; overhang_fan_speed_2 = 0
; overhang_fan_speed_3 = 0
; overhang_speed_0 = 15
; overhang_speed_1 = 15
; overhang_speed_2 = 20
; overhang_speed_3 = 25
; overhangs = 1
; parking_pos_retraction = 92
; pause_print_gcode = M601
; perimeter_acceleration = 820
; perimeter_extruder = 1
; perimeter_extrusion_width = 0.45
; perimeter_generator = arachne
; perimeter_speed = 45
; perimeters = 3
; physical_printer_settings_id = 
; post_process = 
; print_settings_id = Pretty PLA V4.1.5 0.20mm
; printer_model = MK3S
; printer_notes = Don't remove the following keywords! These keywords are used in the "compatible printer" condition of the print and filament profiles to link the particular print and filament profiles to this printer profile.\nPRINTER_VENDOR_PRUSA3D\nPRINTER_MODEL_MK3\n
; printer_settings_id = Original Prusa i3 MK3S
; printer_technology = FFF
; printer_variant = 0.4
; printer_vendor = 
; raft_contact_distance = 0.1
; raft_expansion = 1.5
; raft_first_layer_density = 90%
; raft_first_layer_expansion = 3
; raft_layers = 0
; remaining_times = 1
; resolution = 0
; retract_before_travel = 1
; retract_before_wipe = 0%
; retract_layer_change = 1
; retract_length = 0.8
; retract_length_toolchange = 4
; retract_lift = 0.6
; retract_lift_above = 0
; retract_lift_below = 209
; retract_restart_extra = 0
; retract_restart_extra_toolchange = 0
; retract_speed = 35
; seam_position = aligned
; silent_mode = 1
; single_extruder_multi_material = 0
; single_extruder_multi_material_priming = 1
; skirt_distance = 2
; skirt_height = 1
; skirts = 0
; slice_closing_radius = 0.049
; slicing_mode = regular
; slowdown_below_layer_time = 20
; small_perimeter_speed = 20
; solid_infill_acceleration = 0
; solid_infill_below_area = 0
; solid_infill_every_layers = 0
; solid_infill_extruder = 1
; solid_infill_extrusion_width = 0.45
; solid_infill_speed = 80
; spiral_vase = 0
; staggered_inner_seams = 0
; standby_temperature_delta = -5
; start_filament_gcode = "M900 K{if printer_notes=~/.*PRINTER_HAS_BOWDEN.*/}200{elsif nozzle_diameter[0]==0.6}15{else}30{endif} ; Filament gcode"
; start_gcode = M115 U3.7.1 ; tell printer latest fw version\nG90 ; use absolute coordinates\nM83 ; extruder relative mode\nM104 S[first_layer_temperature] ; set extruder temp\nM140 S[first_layer_bed_temperature] ; set bed temp\nM190 S[first_layer_bed_temperature] ; wait for bed temp\nM109 S[first_layer_temperature] ; wait for extruder temp\nG28 W ; home all without mesh bed level\nG80 ; mesh bed leveling\nG1 Y-3.0 F1000.0 ; go outside print area\nG92 E0.0\nG1 X60.0 E9.0 F1000.0 ; intro line\nG1 X100.0 E12.5 F1000.0 ; intro line\nG92 E0.0\nM221 S{if layer_height<0.075}100{else}95{endif}
; support_material = 1
; support_material_angle = 0
; support_material_auto = 0
; support_material_bottom_contact_distance = 0
; support_material_bottom_interface_layers = -1
; support_material_buildplate_only = 0
; support_material_closing_radius = 2
; support_material_contact_distance = 0.2
; support_material_enforce_layers = 0
; support_material_extruder = 0
; support_material_extrusion_width = 0.37
; support_material_interface_contact_loops = 1
; support_material_interface_extruder = 0
; support_material_interface_layers = 3
; support_material_interface_pattern = rectilinear
; support_material_interface_spacing = 2
; support_material_interface_speed = 100%
; support_material_pattern = rectilinear-grid
; support_material_spacing = 3
; support_material_speed = 30
; support_material_style = grid
; support_material_synchronize_layers = 0
; support_material_threshold = 45
; support_material_with_sheath = 0
; support_material_xy_spacing = 60%
; support_tree_angle = 40
; support_tree_angle_slow = 25
; support_tree_branch_diameter = 2
; support_tree_branch_diameter_angle = 5
; support_tree_branch_diameter_double_wall = 3
; support_tree_branch_distance = 1
; support_tree_tip_diameter = 0.8
; support_tree_top_rate = 15%
; temperature = 210
; template_custom_gcode = 
; thick_bridges = 1
; thin_walls = 0
; thumbnails = 
; thumbnails_format = PNG
; toolchange_gcode = 
; top_fill_pattern = rectilinear
; top_infill_extrusion_width = 0.42
; top_solid_infill_acceleration = 0
; top_solid_infill_speed = 30
; top_solid_layers = 9
; top_solid_min_thickness = 0
; travel_acceleration = 0
; travel_lift_before_obstacle = 0
; travel_max_lift = 0
; travel_ramping_lift = 0
; travel_slope = 0
; travel_speed = 120
; travel_speed_z = 0
; use_firmware_retraction = 0
; use_relative_e_distances = 1
; use_volumetric_e = 0
; variable_layer_height = 1
; wall_distribution_count = 1
; wall_transition_angle = 10
; wall_transition_filter_deviation = 25%
; wall_transition_length = 100%
; wipe = 1
; wipe_into_infill = 0
; wipe_into_objects = 0
; wipe_tower = 0
; wipe_tower_bridging = 10
; wipe_tower_brim_width = 2
; wipe_tower_cone_angle = 0
; wipe_tower_extra_spacing = 100%
; wipe_tower_extruder = 0
; wipe_tower_no_sparse_layers = 0
; wipe_tower_rotation_angle = 0
; wipe_tower_width = 60
; wipe_tower_x = 180
; wipe_tower_y = 140
; wiping_volumes_extruders = 70,70
; wiping_volumes_matrix = 0
; xy_size_compensation = 0
; z_offset = 0
; prusaslicer_config = end
